Running on gpu02
/WAVE/projects2/track2college/keyavenv/bin/python
Python 3.12.4
Mon May 18 17:58:02 2026       
+-----------------------------------------------------------------------------------------+
| NVIDIA-SMI 580.126.20             Driver Version: 580.126.20     CUDA Version: 13.0     |
+-----------------------------------------+------------------------+----------------------+
| GPU  Name                 Persistence-M | Bus-Id          Disp.A | Volatile Uncorr. ECC |
| Fan  Temp   Perf          Pwr:Usage/Cap |           Memory-Usage | GPU-Util  Compute M. |
|                                         |                        |               MIG M. |
|=========================================+========================+======================|
|   0  Tesla V100-PCIE-32GB           On  |   00000000:D8:00.0 Off |                    0 |
| N/A   47C    P0             28W /  250W |       0MiB /  32768MiB |      0%      Default |
|                                         |                        |                  N/A |
+-----------------------------------------+------------------------+----------------------+

+-----------------------------------------------------------------------------------------+
| Processes:                                                                              |
|  GPU   GI   CI              PID   Type   Process name                        GPU Memory |
|        ID   ID                                                               Usage      |
|=========================================================================================|
|  No running processes found                                                             |
+-----------------------------------------------------------------------------------------+
=== PIPELINE START ===

[Step 1] Scraping URLs (Cluster Side)...
[info] Loaded 1140 unique URLs (urls.txt:94, clgUrls.txt:1052)
Processing: https://www.csac.ca.gov
Processing: https://www.csac.ca.gov/undocumented
Processing: https://www.csac.ca.gov/dsig
Processing: https://www.csac.ca.gov/c4c
Processing: https://immigrantsrising.org
Processing: https://immigrantsrising.org/resource/types-of-ca-state-financial-aid/
Processing: https://immigrantsrising.org/resource/ca-dream-act-application-checklist/
Processing: https://immigrantsrising.org/resources/
Processing: https://studentaid.gov
Processing: https://studentaid.gov/apply-for-aid/fafsa/filling-out/undocumented-students
Processing: https://www.higheredimmigrationportal.org/state/california/
Processing: https://immigrantsrising.org/supportgroups/
Processing: https://collegecampaign.org
Processing: https://collegecampaign.org/undocumented-student-campus-resources
Processing: https://hacu.net
Processing: https://hacu.net/community-resource-center/student-resources-for-daca-recipients-and-dreamers/
Processing: https://bigfuture.collegeboard.org
Processing: https://bigfuture.collegeboard.org/pay-for-college/get-help-paying-for-college/scholarships-grants-institutional-aid/understanding-your-financial-aid-award-offers#:~:text=You%20may%20see%20three%20different,interest%20and%20must%20be%20repaid.
Processing: https://studentaid.gov/articles/evaluating-financial-aid-offers/
Processing: https://studentaid.gov/articles/financial-aid-dictionary/
Processing: https://jedfoundation.org
Processing: https://jedfoundation.org/resource/tips-for-first-generation-college-students/
Processing: https://www.bestcolleges.com
Processing: https://www.bestcolleges.com/blog/what-is-a-first-generation-college-student/
Processing: https://making-waves.org
Processing: https://making-waves.org/seven-tips-for-first-gen-college-students-from-first-gen-college-grad/
Processing: https://c2c.ca.gov
Processing: https://c2c.ca.gov/data-stories/pathways-to-college-in-california/
Processing: https://bigfuture.collegeboard.org/explore-careers/get-started/multiple-pathways-to-success
Processing: https://myfuture.com
Processing: https://www.understood.org/en/articles/after-high-school-different-paths-to-success
Processing: https://getschooled.com/article/5806-what-to-do-after-high-school/
Processing: https://www.ivywise.com/ivywise-knowledgebase/how-to-research-a-college-effectively/
Processing: https://www.coalitionforcollegeaccess.org/mycoalition-counselor-all/researching-colleges
Processing: https://getschooled.com/article/5426-building-your-college-list/
Processing: https://studentaid.gov/help-center/answers/article/how-to-find-scholarships
Processing: https://studentaid.gov/understand-aid/types/scholarships
Processing: https://getschooled.com/article/5600-how-to-effectively-find-scholarships/
Processing: https://finaid.org
Processing: http://www.ed.gov
Processing: https://www.ed.gov/higher-education/paying-college
Processing: https://www.consumerfinance.gov/complaint/
Processing: https://www.nerdwallet.com/article/loans/student-loans/how-to-pay-for-college
Processing: https://studentaid.gov/manage-loans/repayment/repaying-101
Processing: https://studentaid.gov/articles/8-things-federal-work-study/
Processing: https://bigfuture.collegeboard.org/pay-for-college/get-help-paying-for-college/work-study
Processing: https://www.csac.ca.gov/apply
Processing: https://www.csac.ca.gov/cadaa-msf
Processing: https://www.csac.ca.gov/student-forms
Processing: https://www.csac.ca.gov/cal-grant
Processing: https://immigrantsrising.org/in-state-tuition-tool/
Processing: https://studentaid.gov/manage-loans/forgiveness-cancellation
Processing: https://studentaid.gov/understand-aid/types/loans/subsidized-unsubsidized
Processing: https://studentaid.gov/h/understand-aid/how-aid-works
Processing: https://studentaid.gov/understand-aid/types/grants/pell
Processing: https://studentaid.gov/apply-for-aid/fafsa/fafsa-deadlines
Processing: https://www.presidentsalliance.org/wp-content/uploads/2019/11/UCLA_Undocumented_handbook_WEB_Oct2019.pdf
Processing: https://bigfuture.collegeboard.org/plan-for-college/apply-to-college/college-applications-how-to-begin
Processing: https://bigfuture.collegeboard.org/plan-for-college/find-your-fit/what-colleges-require-SAT
Processing: https://bigfuture.collegeboard.org/plan-for-college/apply-to-college/how-to-prepare-for-the-sat
Processing: https://bigfuture.collegeboard.org/pay-for-college/get-started/thinking-about-college-costs
Processing: https://bigfuture.collegeboard.org/pay-for-college/get-started/how-to-start-saving-for-college
Processing: https://bigfuture.collegeboard.org/pay-for-college/get-help-paying-for-college/college-loans/how-to-use-student-loans
Processing: https://bigfuture.collegeboard.org/pay-for-college/get-help-paying-for-college/college-loans/what-are-federal-student-loans
Processing: https://bigfuture.collegeboard.org/pay-for-college/get-help-paying-for-college/college-loans/what-are-private-student-loans
Processing: https://bigfuture.collegeboard.org/pay-for-college/get-help-paying-for-college/how-to-prepare-to-apply-financial-aid
Processing: https://bigfuture.collegeboard.org/pay-for-college/get-help-paying-for-college/scholarships-grants-institutional-aid/the-basics-on-grants-and-scholarships
Processing: https://bigfuture.collegeboard.org/pay-for-college/get-help-paying-for-college/scholarships-grants-institutional-aid/understanding-your-financial-aid-award-offers
Processing: https://www.bestcolleges.com/resources/hispanic-latino-scholarships/
Processing: https://www.bestcolleges.com/resources/adult-learner-scholarships/
Processing: https://www.bestcolleges.com/resources/students-with-disabilities-financial-aid/
Processing: https://bigfuture.collegeboard.org/plan-for-college/apply-to-college/college-application-timeline-12th-grade
Processing: https://bigfuture.collegeboard.org/plan-for-college/stand-out-in-high-school/learn-about-the-ap-program
Processing: https://bigfuture.collegeboard.org/majors
Processing: https://getschooled.com/article/5997-how-to-find-an-lgbtq-friendly-college-or-university/
Processing: https://www.ed.gov/contact-us/state-contacts/ca
Processing: https://studentaid.gov/articles/scholarship-tips/
Processing: https://studentaid.gov/articles/financial-aid-not-enough/
Processing: https://studentaid.gov/help-center/answers/article/when-will-i-receive-my-financial-aid
Processing: https://getschooled.com/article/5398-best-scholarship-websites/
Processing: https://financialaidtoolkit.ed.gov/resources/2025-26-counselors-handbook.pdf
Processing: https://studentaid.gov/sites/default/files/2026-27-fafsa-form.pdf
Processing: https://finaid.org/beyond/
Processing: https://www.cbsnews.com/news/private-student-loan-dos-donts/
Processing: https://www.consumerfinance.gov/paying-for-college/your-financial-path-to-graduation/how-we-got-these-numbers/
Processing: https://www.consumerfinance.gov/paying-for-college/student-loan-forgiveness/
Processing: https://www.nerdwallet.com/student-loans/learn/tuition-free-college
Processing: https://www.nerdwallet.com/student-loans/learn/pell-grants
Processing: https://www.scu.edu/admission/undergraduate
Processing: https://www.scu.edu/financialaid
Processing: https://www.scu.edu/cas/individual-studies
Processing: https://www.sjsu.edu/faso
Processing: https://catalog.sjsu.edu/preview_program.php?catoid=13&poid=6352
Processing: https://catalog.sjsu.edu/preview_program.php?catoid=13&poid=6353
Processing: https://catalog.sjsu.edu/preview_program.php?catoid=13&poid=6354
Processing: https://catalog.sjsu.edu/preview_program.php?catoid=13&poid=6355
Processing: https://catalog.sjsu.edu/preview_program.php?catoid=13&poid=6356
Processing: https://catalog.sjsu.edu/preview_program.php?catoid=13&poid=6357
Processing: https://catalog.sjsu.edu/preview_program.php?catoid=13&poid=6358
Processing: https://catalog.sjsu.edu/preview_program.php?catoid=13&poid=6359
Processing: https://catalog.sjsu.edu/preview_program.php?catoid=13&poid=6360
Processing: https://catalog.sjsu.edu/preview_program.php?catoid=13&poid=6361
Processing: https://catalog.sjsu.edu/preview_program.php?catoid=13&poid=6362
Processing: https://catalog.sjsu.edu/preview_program.php?catoid=13&poid=6363
Processing: https://catalog.sjsu.edu/preview_program.php?catoid=13&poid=6364
Processing: https://catalog.sjsu.edu/preview_program.php?catoid=13&poid=6365
Processing: https://catalog.sjsu.edu/preview_program.php?catoid=13&poid=6366
Processing: https://catalog.sjsu.edu/preview_program.php?catoid=13&poid=6367
Processing: https://catalog.sjsu.edu/preview_program.php?catoid=13&poid=6368
Processing: https://catalog.sjsu.edu/preview_program.php?catoid=13&poid=6369
Processing: https://catalog.sjsu.edu/preview_program.php?catoid=13&poid=6370
Processing: https://catalog.sjsu.edu/preview_program.php?catoid=13&poid=6371
Processing: https://catalog.sjsu.edu/preview_program.php?catoid=13&poid=6372
Processing: https://catalog.sjsu.edu/preview_program.php?catoid=13&poid=6373
Processing: https://catalog.sjsu.edu/preview_program.php?catoid=13&poid=6374
Processing: https://catalog.sjsu.edu/preview_program.php?catoid=13&poid=6375
Processing: https://catalog.sjsu.edu/preview_program.php?catoid=13&poid=6376
Processing: https://catalog.sjsu.edu/preview_program.php?catoid=13&poid=6377
Processing: https://catalog.sjsu.edu/preview_program.php?catoid=13&poid=6378
Processing: https://catalog.sjsu.edu/preview_program.php?catoid=13&poid=6379
Processing: https://catalog.sjsu.edu/preview_program.php?catoid=13&poid=6380
Processing: https://catalog.sjsu.edu/preview_program.php?catoid=13&poid=6381
Processing: https://catalog.sjsu.edu/preview_program.php?catoid=13&poid=6382
Processing: https://catalog.sjsu.edu/preview_program.php?catoid=13&poid=6383
Processing: https://catalog.sjsu.edu/preview_program.php?catoid=13&poid=6384
Processing: https://catalog.sjsu.edu/preview_program.php?catoid=13&poid=6385
Processing: https://catalog.sjsu.edu/preview_program.php?catoid=13&poid=6386
Processing: https://catalog.sjsu.edu/preview_program.php?catoid=13&poid=6387
Processing: https://catalog.sjsu.edu/preview_program.php?catoid=13&poid=6388
Processing: https://catalog.sjsu.edu/preview_program.php?catoid=13&poid=6389
Processing: https://catalog.sjsu.edu/preview_program.php?catoid=13&poid=6390
Processing: https://catalog.sjsu.edu/preview_program.php?catoid=13&poid=6391
Processing: https://catalog.sjsu.edu/preview_program.php?catoid=13&poid=6392
Processing: https://catalog.sjsu.edu/preview_program.php?catoid=13&poid=6393
Processing: https://catalog.sjsu.edu/preview_program.php?catoid=13&poid=6394
Processing: https://catalog.sjsu.edu/preview_program.php?catoid=13&poid=6395
Processing: https://catalog.sjsu.edu/preview_program.php?catoid=13&poid=6396
Processing: https://catalog.sjsu.edu/preview_program.php?catoid=13&poid=6397
Processing: https://catalog.sjsu.edu/preview_program.php?catoid=13&poid=6398
Processing: https://catalog.sjsu.edu/preview_program.php?catoid=13&poid=6399
Processing: https://catalog.sjsu.edu/preview_program.php?catoid=13&poid=6400
Processing: https://catalog.sjsu.edu/preview_program.php?catoid=13&poid=6401
Processing: https://catalog.sjsu.edu/preview_program.php?catoid=13&poid=6402
Processing: https://catalog.sjsu.edu/preview_program.php?catoid=13&poid=6403
Processing: https://catalog.sjsu.edu/preview_program.php?catoid=13&poid=6404
Processing: https://catalog.sjsu.edu/preview_program.php?catoid=13&poid=6405
Processing: https://catalog.sjsu.edu/preview_program.php?catoid=13&poid=6406
Processing: https://catalog.sjsu.edu/preview_program.php?catoid=13&poid=6407
Processing: https://catalog.sjsu.edu/preview_program.php?catoid=13&poid=6408
Processing: https://catalog.sjsu.edu/preview_program.php?catoid=13&poid=6409
Processing: https://catalog.sjsu.edu/preview_program.php?catoid=13&poid=6410
Processing: https://catalog.sjsu.edu/preview_program.php?catoid=13&poid=6411
Processing: https://catalog.sjsu.edu/preview_program.php?catoid=13&poid=6412
Processing: https://catalog.sjsu.edu/preview_program.php?catoid=13&poid=6413
Processing: https://catalog.sjsu.edu/preview_program.php?catoid=13&poid=6414
Processing: https://catalog.sjsu.edu/preview_program.php?catoid=13&poid=6415
Processing: https://catalog.sjsu.edu/preview_program.php?catoid=13&poid=6416
Processing: https://catalog.sjsu.edu/preview_program.php?catoid=13&poid=6417
Processing: https://catalog.sjsu.edu/preview_program.php?catoid=13&poid=6418
Processing: https://catalog.sjsu.edu/preview_program.php?catoid=13&poid=6419
Processing: https://catalog.sjsu.edu/preview_program.php?catoid=13&poid=6420
Processing: https://catalog.sjsu.edu/preview_program.php?catoid=13&poid=6421
Processing: https://catalog.sjsu.edu/preview_program.php?catoid=13&poid=6422
Processing: https://catalog.sjsu.edu/preview_program.php?catoid=13&poid=6423
Processing: https://admissions.berkeley.edu
Processing: https://admissions.berkeley.edu/apply
Processing: https://admissions.berkeley.edu/dates-deadlines
Processing: https://registrar.berkeley.edu/tuition-fees-residency/tuition-fees
Processing: https://financialaid.berkeley.edu
Processing: https://admissions.berkeley.edu/contact-us
Processing: https://chemistry.berkeley.edu/ugrad/degrees/cheme
Processing: https://chemistry.berkeley.edu/ugrad/degrees/chem
Processing: https://complit.berkeley.edu/undergraduate/major-requirements
Processing: https://legalstudies.berkeley.edu/undergraduate-program/major-requirements
Processing: https://mcb.berkeley.edu/undergrad/major
Processing: https://psychology.berkeley.edu/students/undergraduate-program/major-requirements
Processing: https://www.ucdavis.edu/admissions/undergraduate
Processing: https://www.ucdavis.edu/admissions/undergraduate/apply
Processing: https://www.ucdavis.edu/admissions/undergraduate/freshman/requirements
Processing: https://www.ucdavis.edu/admissions/undergraduate/transfer/requirements
Processing: https://www.ucdavis.edu/admissions/undergraduate/contact
Processing: https://admissions.uci.edu
Processing: https://admissions.uci.edu/contact.php
Processing: https://dance.arts.uci.edu/undergraduate-programs
Processing: https://drama.arts.uci.edu/undergraduate-programs
Processing: https://music.arts.uci.edu/undergraduate-programs
Processing: https://pharmsci.uci.edu/undergraduate-programs/bs-pharmaceutical-sciences
Processing: https://publichealth.uci.edu/undergraduate/bs-public-health-sciences
Processing: https://publichealth.uci.edu/undergraduate/ba-public-health-policy
Processing: https://admission.ucla.edu
Processing: https://admission.ucla.edu/apply
Processing: https://admission.ucla.edu/apply/freshman
Processing: https://admission.ucla.edu/apply/transfer
Processing: https://admission.ucla.edu/tuition-aid/tuition-fees
Processing: https://www.art.ucla.edu/undergraduate
Processing: https://asianam.ucla.edu/undergraduate/major
Processing: https://comm.ucla.edu/undergraduate/major
Processing: https://complit.ucla.edu/undergraduate/major
Processing: https://qcb.ucla.edu/undergraduate-program/major
Processing: https://english.ucla.edu/undergraduate/major
Processing: https://elts.ucla.edu/undergraduate/major
Processing: https://french.ucla.edu/undergraduate/majors-minors/french-and-francophone-studies-major
Processing: https://gender.ucla.edu/undergraduate/major
Processing: https://germanic.ucla.edu/undergraduate/majors-minors/german-major
Processing: https://history.ucla.edu/undergraduate/major
Processing: https://socgen.ucla.edu/undergraduate/major
Processing: https://italian.ucla.edu/undergraduate/majors-minors/italian-major
Processing: https://www.math.ucla.edu/ugrad/majors/math
Processing: https://www.math.ucla.edu/ugrad/majors/mathteach
Processing: https://www.math.ucla.edu/ugrad/majors/mathcomp
Processing: https://schoolofmusic.ucla.edu/undergraduate
Processing: https://schoolofmusic.ucla.edu/undergraduate/composition
Processing: https://schoolofmusic.ucla.edu/undergraduate/music-education
Processing: https://schoolofmusic.ucla.edu/undergraduate/music-history-industry
Processing: https://schoolofmusic.ucla.edu/undergraduate/performance
Processing: https://www.neurosci.ucla.edu/undergraduate/major
Processing: https://scandinavian.ucla.edu/undergraduate/majors-minors/nordic-studies-major
Processing: https://philosophy.ucla.edu/undergraduate/major
Processing: https://luskin.ucla.edu/undergraduate-program
Processing: https://catalog.ucmerced.edu/preview_program.php?catoid=24&poid=3492
Processing: https://catalog.ucmerced.edu/preview_program.php?catoid=24&poid=3493
Processing: https://catalog.ucmerced.edu/preview_program.php?catoid=24&poid=3494
Processing: https://catalog.ucmerced.edu/preview_program.php?catoid=24&poid=3495
Processing: https://catalog.ucmerced.edu/preview_program.php?catoid=24&poid=3496
Processing: https://catalog.ucmerced.edu/preview_program.php?catoid=24&poid=3497
Processing: https://catalog.ucmerced.edu/preview_program.php?catoid=24&poid=3498
Processing: https://catalog.ucmerced.edu/preview_program.php?catoid=24&poid=3499
Processing: https://catalog.ucmerced.edu/preview_program.php?catoid=24&poid=3500
Processing: https://catalog.ucmerced.edu/preview_program.php?catoid=24&poid=3501
Processing: https://catalog.ucmerced.edu/preview_program.php?catoid=24&poid=3502
Processing: https://catalog.ucmerced.edu/preview_program.php?catoid=24&poid=3503
Processing: https://catalog.ucmerced.edu/preview_program.php?catoid=24&poid=3504
Processing: https://catalog.ucmerced.edu/preview_program.php?catoid=24&poid=3505
Processing: https://catalog.ucmerced.edu/preview_program.php?catoid=24&poid=3506
Processing: https://catalog.ucmerced.edu/preview_program.php?catoid=24&poid=3507
Processing: https://catalog.ucmerced.edu/preview_program.php?catoid=24&poid=3508
Processing: https://catalog.ucmerced.edu/preview_program.php?catoid=24&poid=3509
Processing: https://catalog.ucmerced.edu/preview_program.php?catoid=24&poid=3510
Processing: https://catalog.ucmerced.edu/preview_program.php?catoid=24&poid=3511
Processing: https://catalog.ucmerced.edu/preview_program.php?catoid=24&poid=3512
Processing: https://catalog.ucmerced.edu/preview_program.php?catoid=24&poid=3513
Processing: https://catalog.ucmerced.edu/preview_program.php?catoid=24&poid=3514
Processing: https://catalog.ucmerced.edu/preview_program.php?catoid=24&poid=3515
Processing: https://catalog.ucmerced.edu/preview_program.php?catoid=24&poid=3516
Processing: https://admissions.ucr.edu
Processing: https://admissions.ucr.edu/cost
Processing: https://financialaid.ucr.edu
Processing: https://catalog.ucr.edu/preview_program.php?catoid=23&poid=10813
Processing: https://catalog.ucr.edu/preview_program.php?catoid=23&poid=10814
Processing: https://catalog.ucr.edu/preview_program.php?catoid=23&poid=10815
Processing: https://catalog.ucr.edu/preview_program.php?catoid=23&poid=10816
Processing: https://catalog.ucr.edu/preview_program.php?catoid=23&poid=10817
Processing: https://catalog.ucr.edu/preview_program.php?catoid=23&poid=10818
Processing: https://catalog.ucr.edu/preview_program.php?catoid=23&poid=10819
Processing: https://catalog.ucr.edu/preview_program.php?catoid=23&poid=10820
Processing: https://catalog.ucr.edu/preview_program.php?catoid=23&poid=10821
Processing: https://catalog.ucr.edu/preview_program.php?catoid=23&poid=10822
Processing: https://catalog.ucr.edu/preview_program.php?catoid=23&poid=10823
Processing: https://catalog.ucr.edu/preview_program.php?catoid=23&poid=10824
Processing: https://catalog.ucr.edu/preview_program.php?catoid=23&poid=10825
Processing: https://catalog.ucr.edu/preview_program.php?catoid=23&poid=10826
Processing: https://catalog.ucr.edu/preview_program.php?catoid=23&poid=10827
Processing: https://catalog.ucr.edu/preview_program.php?catoid=23&poid=10828
Processing: https://catalog.ucr.edu/preview_program.php?catoid=23&poid=10829
Processing: https://catalog.ucr.edu/preview_program.php?catoid=23&poid=10830
Processing: https://catalog.ucr.edu/preview_program.php?catoid=23&poid=10831
Processing: https://catalog.ucr.edu/preview_program.php?catoid=23&poid=10832
Processing: https://catalog.ucr.edu/preview_program.php?catoid=23&poid=10833
Processing: https://catalog.ucr.edu/preview_program.php?catoid=23&poid=10834
Processing: https://catalog.ucr.edu/preview_program.php?catoid=23&poid=10835
Processing: https://catalog.ucr.edu/preview_program.php?catoid=23&poid=10836
Processing: https://catalog.ucr.edu/preview_program.php?catoid=23&poid=10837
Processing: https://catalog.ucr.edu/preview_program.php?catoid=23&poid=10838
Processing: https://catalog.ucr.edu/preview_program.php?catoid=23&poid=10839
Processing: https://catalog.ucr.edu/preview_program.php?catoid=23&poid=10840
Processing: https://catalog.ucr.edu/preview_program.php?catoid=23&poid=10841
Processing: https://catalog.ucr.edu/preview_program.php?catoid=23&poid=10842
Processing: https://catalog.ucr.edu/preview_program.php?catoid=23&poid=10843
Processing: https://catalog.ucr.edu/preview_program.php?catoid=23&poid=10844
Processing: https://catalog.ucr.edu/preview_program.php?catoid=23&poid=10845
Processing: https://catalog.ucr.edu/preview_program.php?catoid=23&poid=10846
Processing: https://catalog.ucr.edu/preview_program.php?catoid=23&poid=10847
Processing: https://catalog.ucr.edu/preview_program.php?catoid=23&poid=10848
Processing: https://catalog.ucr.edu/preview_program.php?catoid=23&poid=10849
Processing: https://catalog.ucr.edu/preview_program.php?catoid=23&poid=10850
Processing: https://catalog.ucr.edu/preview_program.php?catoid=23&poid=10851
Processing: https://catalog.ucr.edu/preview_program.php?catoid=23&poid=10852
Processing: https://catalog.ucr.edu/preview_program.php?catoid=23&poid=10853
Processing: https://catalog.ucr.edu/preview_program.php?catoid=23&poid=10854
Processing: https://catalog.ucr.edu/preview_program.php?catoid=23&poid=10855
Processing: https://catalog.ucr.edu/preview_program.php?catoid=23&poid=10856
Processing: https://catalog.ucr.edu/preview_program.php?catoid=23&poid=10857
Processing: https://catalog.ucr.edu/preview_program.php?catoid=23&poid=10858
Processing: https://admissions.ucsd.edu
Processing: https://admissions.ucsd.edu/apply
Processing: https://fas.ucsd.edu
Processing: https://admissions.ucsd.edu/contact
Processing: https://admissions.ucsd.edu/faq
Processing: https://catalog.ucsd.edu/curric/ANTH-ug.html
Processing: https://catalog.ucsd.edu/curric/MATH-ug.html
Processing: https://catalog.ucsd.edu/curric/PHYS-ug.html
Processing: https://catalog.ucsd.edu/curric/MAE-ug.html
Processing: https://catalog.ucsd.edu/curric/BENG-ug.html
Processing: https://catalog.ucsd.edu/curric/BIOL-ug.html
Processing: https://catalog.ucsd.edu/curric/ECON-ug.html
Processing: https://catalog.ucsd.edu/curric/CHEM-ug.html
Processing: https://catalog.ucsd.edu/curric/PSYC-ug.html
Processing: https://catalog.ucsd.edu/curric/COGS-ug.html
Processing: https://catalog.ucsd.edu/curric/COMM-ug.html
Processing: https://catalog.ucsd.edu/curric/LIT-ug.html
Processing: https://catalog.ucsd.edu/curric/CSE-ug.html
Processing: https://catalog.ucsd.edu/curric/CGS-ug.html
Processing: https://catalog.ucsd.edu/curric/DSC-ug.html
Processing: https://catalog.ucsd.edu/curric/SIO-ug.html
Processing: https://catalog.ucsd.edu/curric/ECE-ug.html
Processing: https://catalog.ucsd.edu/curric/ETHN-ug.html
Processing: https://catalog.ucsd.edu/curric/GLBH-ug.html
Processing: https://catalog.ucsd.edu/curric/JWSP-ug.html
Processing: https://catalog.ucsd.edu/curric/LATI-ug.html
Processing: https://catalog.ucsd.edu/curric/LING-ug.html
Processing: https://catalog.ucsd.edu/curric/MUS-ug.html
Processing: https://catalog.ucsd.edu/curric/NANO-ug.html
Processing: https://catalog.ucsd.edu/curric/PHIL-ug.html
Processing: https://catalog.ucsd.edu/curric/POLI-ug.html
Processing: https://catalog.ucsd.edu/curric/FMPH-ug.html
Processing: https://catalog.ucsd.edu/curric/SOC-ug.html
Processing: https://catalog.ucsd.edu/curric/SE-ug.html
Processing: https://catalog.ucsd.edu/curric/VIS-ug.html
Processing: https://admissions.ucsb.edu
Processing: https://www.finaid.ucsb.edu
Processing: https://admissions.ucsb.edu/contact-us
Processing: https://www.english.ucsb.edu/undergraduate/major
Processing: https://admissions.ucsc.edu
Processing: https://admissions.ucsc.edu/apply
Processing: https://admissions.ucsc.edu/contact-us
Processing: https://www.calpoly.edu/admissions
Processing: https://www.calpoly.edu/admissions/first-year-student/selection-criteria
Processing: https://www.calpoly.edu/admissions/contact
Processing: https://aero.calpoly.edu
Processing: https://agb.calpoly.edu
Processing: https://animalscience.calpoly.edu
Processing: https://architecture.calpoly.edu
Processing: https://artdesign.calpoly.edu
Processing: https://bio.calpoly.edu
Processing: https://bmed.calpoly.edu
Processing: https://brae.calpoly.edu
Processing: https://coms.calpoly.edu
Processing: https://ethnicstudies.calpoly.edu
Processing: https://cpe.calpoly.edu
Processing: https://dairy.calpoly.edu
Processing: https://ee.calpoly.edu
Processing: https://english.calpoly.edu
Processing: https://engineering.calpoly.edu/general-engineering
Processing: https://history.calpoly.edu
Processing: https://journalism.calpoly.edu
Processing: https://kinesiology.calpoly.edu
Processing: https://landscape.calpoly.edu
Processing: https://laes.calpoly.edu
Processing: https://liberalstudies.calpoly.edu
Processing: https://marine.calpoly.edu
Processing: https://mate.calpoly.edu
Processing: https://math.calpoly.edu
Processing: https://me.calpoly.edu
Processing: https://music.calpoly.edu
Processing: https://philosophy.calpoly.edu
Processing: https://physics.calpoly.edu
Processing: https://politicalscience.calpoly.edu
Processing: https://psycd.calpoly.edu
Processing: https://statistics.calpoly.edu
Processing: https://wvit.calpoly.edu
Processing: https://www.csub.edu/admissions
Processing: https://www.csub.edu/art
Processing: https://www.csub.edu/biology
Processing: https://www.csub.edu/chemistry
Processing: https://www.csub.edu/comm
Processing: https://www.csub.edu/criminaljustice
Processing: https://www.csub.edu/english
Processing: https://www.csub.edu/geology
Processing: https://www.csub.edu/history
Processing: https://www.csub.edu/kinesiology
Processing: https://www.csub.edu/math
Processing: https://www.csub.edu/music
Processing: https://www.csub.edu/nursing
Processing: https://www.csub.edu/polisci
Processing: https://www.csub.edu/prelaw
Processing: https://www.csub.edu/psychology
Processing: https://www.csub.edu/sociology
Processing: https://www.csub.edu/theatre
Processing: https://www.csuci.edu/financialaid
Processing: https://www.csuchico.edu/admissions
Processing: https://www.csuchico.edu/fa
Processing: https://www.csuchico.edu/admissions/contact.shtml
Processing: https://www.csudh.edu/financial-aid
Processing: https://www.csueastbay.edu/financialaid
Processing: https://www.csueastbay.edu/accounting/undergraduate-programs/bs-accounting.html
Processing: https://www.csueastbay.edu/finance/programs/bs-finance.html
Processing: https://www.csueastbay.edu/international/programs/ba-international-studies.html
Processing: https://www.csueastbay.edu/kin/programs/bs-kinesiology.html
Processing: https://www.csueastbay.edu/politicalscience/programs/ba-political-science.html
Processing: https://www.csueastbay.edu/sociology/programs/ba-sociology.html
Processing: https://www.csueastbay.edu/modernlanguages/programs/ba-spanish.html
Processing: https://studentaffairs.fresnostate.edu/financialaid
Processing: https://admissions.fullerton.edu
Processing: https://www.fullerton.edu/financialaid
Processing: https://catalog.fullerton.edu/preview_program.php?catoid=80&poid=38413
Processing: https://catalog.fullerton.edu/preview_program.php?catoid=80&poid=38414
Processing: https://catalog.fullerton.edu/preview_program.php?catoid=80&poid=38415
Processing: https://catalog.fullerton.edu/preview_program.php?catoid=80&poid=38416
Processing: https://catalog.fullerton.edu/preview_program.php?catoid=80&poid=38417
Processing: https://catalog.fullerton.edu/preview_program.php?catoid=80&poid=38418
Processing: https://catalog.fullerton.edu/preview_program.php?catoid=80&poid=38419
Processing: https://catalog.fullerton.edu/preview_program.php?catoid=80&poid=38420
Processing: https://catalog.fullerton.edu/preview_program.php?catoid=80&poid=38421
Processing: https://catalog.fullerton.edu/preview_program.php?catoid=80&poid=38422
Processing: https://catalog.fullerton.edu/preview_program.php?catoid=80&poid=38423
Processing: https://catalog.fullerton.edu/preview_program.php?catoid=80&poid=38424
Processing: https://catalog.fullerton.edu/preview_program.php?catoid=80&poid=38425
Processing: https://catalog.fullerton.edu/preview_program.php?catoid=80&poid=38426
Processing: https://catalog.fullerton.edu/preview_program.php?catoid=80&poid=38427
Processing: https://catalog.fullerton.edu/preview_program.php?catoid=80&poid=38428
Processing: https://catalog.fullerton.edu/preview_program.php?catoid=80&poid=38429
Processing: https://catalog.fullerton.edu/preview_program.php?catoid=80&poid=38430
Processing: https://catalog.fullerton.edu/preview_program.php?catoid=80&poid=38431
Processing: https://catalog.fullerton.edu/preview_program.php?catoid=80&poid=38432
Processing: https://catalog.fullerton.edu/preview_program.php?catoid=80&poid=38433
Processing: https://catalog.fullerton.edu/preview_program.php?catoid=80&poid=38434
Processing: https://catalog.fullerton.edu/preview_program.php?catoid=80&poid=38435
Processing: https://catalog.fullerton.edu/preview_program.php?catoid=80&poid=38436
Processing: https://catalog.fullerton.edu/preview_program.php?catoid=80&poid=38437
Processing: https://catalog.fullerton.edu/preview_program.php?catoid=80&poid=38438
Processing: https://catalog.fullerton.edu/preview_program.php?catoid=80&poid=38439
Processing: https://catalog.fullerton.edu/preview_program.php?catoid=80&poid=38440
Processing: https://catalog.fullerton.edu/preview_program.php?catoid=80&poid=38441
Processing: https://catalog.fullerton.edu/preview_program.php?catoid=80&poid=38442
Processing: https://catalog.fullerton.edu/preview_program.php?catoid=80&poid=38443
Processing: https://catalog.fullerton.edu/preview_program.php?catoid=80&poid=38444
Processing: https://catalog.fullerton.edu/preview_program.php?catoid=80&poid=38445
Processing: https://catalog.fullerton.edu/preview_program.php?catoid=80&poid=38446
Processing: https://catalog.fullerton.edu/preview_program.php?catoid=80&poid=38447
Processing: https://catalog.fullerton.edu/preview_program.php?catoid=80&poid=38448
Processing: https://catalog.fullerton.edu/preview_program.php?catoid=80&poid=38449
Processing: https://catalog.fullerton.edu/preview_program.php?catoid=80&poid=38450
Processing: https://catalog.fullerton.edu/preview_program.php?catoid=80&poid=38451
Processing: https://catalog.fullerton.edu/preview_program.php?catoid=80&poid=38452
Processing: https://catalog.fullerton.edu/preview_program.php?catoid=80&poid=38453
Processing: https://catalog.fullerton.edu/preview_program.php?catoid=80&poid=38454
Processing: https://catalog.fullerton.edu/preview_program.php?catoid=80&poid=38455
Processing: https://catalog.fullerton.edu/preview_program.php?catoid=80&poid=38456
Processing: https://catalog.fullerton.edu/preview_program.php?catoid=80&poid=38457
Processing: https://catalog.fullerton.edu/preview_program.php?catoid=80&poid=38458
Processing: https://catalog.fullerton.edu/preview_program.php?catoid=80&poid=38459
Processing: https://catalog.fullerton.edu/preview_program.php?catoid=80&poid=38460
Processing: https://catalog.fullerton.edu/preview_program.php?catoid=80&poid=38461
Processing: https://catalog.fullerton.edu/preview_program.php?catoid=80&poid=38462
Processing: https://catalog.fullerton.edu/preview_program.php?catoid=80&poid=38463
Processing: https://catalog.fullerton.edu/preview_program.php?catoid=80&poid=38464
Processing: https://www.csulb.edu/admissions
Processing: https://www.csulb.edu/student-records/tuition-and-fees
Processing: https://www.csulb.edu/financial-aid
Processing: https://www.csulb.edu/admissions/contact-admissions
Processing: https://www.calstatela.edu/admissions
Processing: https://www.calstatela.edu/admissions/deadlines
Processing: https://www.calstatela.edu/financialaid
Processing: https://www.csum.edu/admissions/undergraduate-admissions/index.html
Processing: https://www.csum.edu/admissions/undergraduate-admissions/how-to-apply.html
Processing: https://www.csum.edu/admissions/undergraduate-admissions/requirements.html
Processing: https://www.csum.edu/admissions/undergraduate-admissions/dates-and-deadlines.html
Processing: https://www.csum.edu/costs-aid/tuition-fees.html
Processing: https://www.csum.edu/costs-aid/financial-aid/index.html
Processing: https://www.csum.edu/admissions/contact-us.html
Processing: https://www.csum.edu/ibl
Processing: https://www.csum.edu/gsma
Processing: https://www.csum.edu/met
Processing: https://www.csum.edu/mt
Processing: https://www.csum.edu/mechanical-engineering
Processing: https://www.csum.edu/fet
Processing: https://www.csum.edu/oceanography
Processing: https://csumb.edu/catalog/programs/undergraduate/agricultural-plant-and-soil-sciences-bs
Processing: https://csumb.edu/catalog/programs/undergraduate/biology-bs
Processing: https://csumb.edu/catalog/programs/undergraduate/business-administration-bs
Processing: https://csumb.edu/catalog/programs/undergraduate/cinematic-arts-and-technology-ba
Processing: https://csumb.edu/catalog/programs/undergraduate/collaborative-health-and-human-services-ba
Processing: https://csumb.edu/catalog/programs/undergraduate/communication-design-ba
Processing: https://csumb.edu/catalog/programs/undergraduate/computer-science-bs
Processing: https://csumb.edu/catalog/programs/undergraduate/environmental-science-technology-policy-bs
Processing: https://csumb.edu/catalog/programs/undergraduate/global-studies-ba
Processing: https://csumb.edu/catalog/programs/undergraduate/human-development-and-family-science-ba
Processing: https://csumb.edu/catalog/programs/undergraduate/humanities-communication-ba
Processing: https://csumb.edu/catalog/programs/undergraduate/kinesiology-bs
Processing: https://csumb.edu/catalog/programs/undergraduate/liberal-studies-ba
Processing: https://csumb.edu/catalog/programs/undergraduate/marine-science-bs
Processing: https://csumb.edu/catalog/programs/undergraduate/mathematics-bs
Processing: https://csumb.edu/catalog/programs/undergraduate/music-ba
Processing: https://csumb.edu/catalog/programs/undergraduate/nursing-bsn
Processing: https://csumb.edu/catalog/programs/undergraduate/psychology-ba
Processing: https://csumb.edu/catalog/programs/undergraduate/social-and-behavioral-sciences-ba
Processing: https://csumb.edu/catalog/programs/undergraduate/spanish-language-and-hispanic-cultures-ba
Processing: https://csumb.edu/catalog/programs/undergraduate/statistics-bs
Processing: https://csumb.edu/catalog/programs/undergraduate/sustainable-hospitality-management-bs
Processing: https://csumb.edu/catalog/programs/undergraduate/visual-and-public-art-ba
Processing: https://www.csun.edu/stufin/tuition
Processing: https://www.csun.edu/financialaid
Processing: https://www.csusb.edu/admissions
Processing: https://www.csusb.edu/student-financial-services/tuition-and-fees
Processing: https://www.csusb.edu/financial-aid
Processing: https://www.csusb.edu/admissions/contact-us
Processing: https://admissions.sdsu.edu
Processing: https://admissions.sdsu.edu/freshmen/apply
Processing: https://bfa.sdsu.edu/financial/student/tuition
Processing: https://sacd.sdsu.edu/financial-aid
Processing: https://admissions.sdsu.edu/contact
Processing: https://financialaid.sfsu.edu
Processing: https://bulletin.sfsu.edu/colleges/ethnic-studies/africana-studies/ba-africana-studies
Processing: https://bulletin.sfsu.edu/colleges/ethnic-studies/american-indian-studies/ba-american-indian-studies
Processing: https://bulletin.sfsu.edu/colleges/liberal-creative-arts/anthropology/ba-anthropology
Processing: https://bulletin.sfsu.edu/colleges/ethnic-studies/asian-american-studies/ba-asian-american-studies
Processing: https://bulletin.sfsu.edu/colleges/science-engineering/chemistry-biochemistry/bs-biochemistry
Processing: https://bulletin.sfsu.edu/colleges/science-engineering/chemistry-biochemistry/bs-chemistry
Processing: https://bulletin.sfsu.edu/colleges/liberal-creative-arts/cinema/ba-cinema
Processing: https://bulletin.sfsu.edu/colleges/science-engineering/engineering/bs-civil-engineering
Processing: https://bulletin.sfsu.edu/colleges/liberal-creative-arts/classics/ba-classics
Processing: https://bulletin.sfsu.edu/colleges/liberal-creative-arts/communication-studies/ba-communication-studies
Processing: https://bulletin.sfsu.edu/colleges/science-engineering/engineering/bs-computer-engineering
Processing: https://bulletin.sfsu.edu/colleges/science-engineering/computer-science/bs-computer-science
Processing: https://bulletin.sfsu.edu/colleges/health-social-sciences/criminal-justice-studies/ba-criminal-justice-studies
Processing: https://bulletin.sfsu.edu/colleges/liberal-creative-arts/theatre-arts/ba-dance
Processing: https://bulletin.sfsu.edu/colleges/business/economics/ba-economics
Processing: https://bulletin.sfsu.edu/colleges/science-engineering/engineering/bs-electrical-engineering
Processing: https://bulletin.sfsu.edu/colleges/liberal-creative-arts/history/ba-history
Processing: https://bulletin.sfsu.edu/colleges/business/hospitality-tourism-management/bs-hospitality-tourism-management
Processing: https://bulletin.sfsu.edu/colleges/liberal-creative-arts/international-relations/ba-international-relations
Processing: https://bulletin.sfsu.edu/colleges/liberal-creative-arts/journalism/ba-journalism
Processing: https://bulletin.sfsu.edu/colleges/ethnic-studies/latina-latino-studies/ba-latina-latino-studies
Processing: https://bulletin.sfsu.edu/colleges/liberal-creative-arts/liberal-studies/ba-liberal-studies
Processing: https://bulletin.sfsu.edu/colleges/science-engineering/engineering/bs-mechanical-engineering
Processing: https://bulletin.sfsu.edu/colleges/liberal-creative-arts/music/ba-music
Processing: https://bulletin.sfsu.edu/colleges/science-engineering/physics-astronomy/bs-physics
Processing: https://bulletin.sfsu.edu/colleges/liberal-creative-arts/political-science/ba-political-science
Processing: https://bulletin.sfsu.edu/colleges/science-engineering/psychology/ba-psychology
Processing: https://bulletin.sfsu.edu/colleges/health-social-sciences/public-health/bs-public-health
Processing: https://bulletin.sfsu.edu/colleges/liberal-creative-arts/theatre-arts/ba-theatre-arts
Processing: https://bulletin.sfsu.edu/colleges/health-social-sciences/urban-studies-planning/ba-urban-studies-planning
Processing: https://bulletin.sfsu.edu/colleges/liberal-creative-arts/design-industry/bs-visual-communication-design
Processing: https://bulletin.sfsu.edu/colleges/liberal-creative-arts/women-gender-studies/ba-women-gender-studies
Processing: https://www.csusm.edu/admissions/index.html
Processing: https://www.csusm.edu/admissions/how-to-apply/index.html
Processing: https://www.csusm.edu/sfs/tuition/index.html
Processing: https://www.csusm.edu/finaid/index.html
Processing: https://www.csusm.edu/vpa/programs/ba.html
Processing: https://admissions.sonoma.edu
Processing: https://admissions.sonoma.edu/how-apply
Processing: https://financialaid.sonoma.edu
Processing: https://amcs.sonoma.edu
Processing: https://anthropology.sonoma.edu
Processing: https://art.sonoma.edu
Processing: https://biology.sonoma.edu
Processing: https://business.sonoma.edu
Processing: https://chemistry.sonoma.edu
Processing: https://cs.sonoma.edu
Processing: https://ecs.sonoma.edu
Processing: https://economics.sonoma.edu
Processing: https://ee.sonoma.edu
Processing: https://english.sonoma.edu
Processing: https://gep.sonoma.edu
Processing: https://geology.sonoma.edu
Processing: https://globalstudies.sonoma.edu
Processing: https://history.sonoma.edu
Processing: https://kinesiology.sonoma.edu
Processing: https://math.sonoma.edu
Processing: https://music.sonoma.edu
Processing: https://nursing.sonoma.edu
Processing: https://philosophy.sonoma.edu
Processing: https://psychology.sonoma.edu
Processing: https://sociology.sonoma.edu
Processing: https://www.csustan.edu/admissions
Processing: https://catalog.csustan.edu/preview_program.php?catoid=32&poid=4572
Processing: https://catalog.csustan.edu/preview_program.php?catoid=32&poid=4573
Processing: https://catalog.csustan.edu/preview_program.php?catoid=32&poid=4574
Processing: https://catalog.csustan.edu/preview_program.php?catoid=32&poid=4575
Processing: https://catalog.csustan.edu/preview_program.php?catoid=32&poid=4576
Processing: https://catalog.csustan.edu/preview_program.php?catoid=32&poid=4577
Processing: https://catalog.csustan.edu/preview_program.php?catoid=32&poid=4578
Processing: https://catalog.csustan.edu/preview_program.php?catoid=32&poid=4579
Processing: https://catalog.csustan.edu/preview_program.php?catoid=32&poid=4580
Processing: https://catalog.csustan.edu/preview_program.php?catoid=32&poid=4581
Processing: https://catalog.csustan.edu/preview_program.php?catoid=32&poid=4582
Processing: https://catalog.csustan.edu/preview_program.php?catoid=32&poid=4583
Processing: https://catalog.csustan.edu/preview_program.php?catoid=32&poid=4584
Processing: https://catalog.csustan.edu/preview_program.php?catoid=32&poid=4585
Processing: https://catalog.csustan.edu/preview_program.php?catoid=32&poid=4586
Processing: https://catalog.csustan.edu/preview_program.php?catoid=32&poid=4587
Processing: https://catalog.csustan.edu/preview_program.php?catoid=32&poid=4588
Processing: https://catalog.csustan.edu/preview_program.php?catoid=32&poid=4589
Processing: https://catalog.csustan.edu/preview_program.php?catoid=32&poid=4590
Processing: https://catalog.csustan.edu/preview_program.php?catoid=32&poid=4591
Processing: https://catalog.csustan.edu/preview_program.php?catoid=32&poid=4592
Processing: https://catalog.csustan.edu/preview_program.php?catoid=32&poid=4593
Processing: https://catalog.csustan.edu/preview_program.php?catoid=32&poid=4594
Processing: https://catalog.csustan.edu/preview_program.php?catoid=32&poid=4595
Processing: https://catalog.csustan.edu/preview_program.php?catoid=32&poid=4596
Processing: https://catalog.csustan.edu/preview_program.php?catoid=32&poid=4597
Processing: https://catalog.csustan.edu/preview_program.php?catoid=32&poid=4598
Processing: https://catalog.csustan.edu/preview_program.php?catoid=32&poid=4599
Processing: https://catalog.csustan.edu/preview_program.php?catoid=32&poid=4600
Processing: https://catalog.csustan.edu/preview_program.php?catoid=32&poid=4601
Processing: https://catalog.csustan.edu/preview_program.php?catoid=32&poid=4602
Processing: https://admissions.humboldt.edu
Processing: https://admissions.humboldt.edu/apply
Processing: https://studentfinancialservices.humboldt.edu/tuition-fees
Processing: https://finaid.humboldt.edu
Processing: https://admissions.humboldt.edu/contact
Processing: https://anthropology.stanford.edu/academics/undergraduate-program
Processing: https://archaeology.stanford.edu/academics/undergraduate-program
Processing: https://biology.stanford.edu/academics/undergraduate-program
Processing: https://chemistry.stanford.edu/academics/undergraduate-program
Processing: https://classics.stanford.edu/academics/undergraduate-program
Processing: https://history.stanford.edu/academics/undergraduate-program
Processing: https://mse.stanford.edu/academics/undergraduate-program
Processing: https://psychology.stanford.edu/academics/undergraduate-program
Processing: https://publicpolicy.stanford.edu/academics/undergraduate-program
Processing: https://religiousstudies.stanford.edu/academics/undergraduate-program
Processing: https://admission.usc.edu
Processing: https://admission.usc.edu/apply
Processing: https://financialaid.usc.edu
Processing: https://admission.usc.edu/contact-us
Processing: https://catalogue.usc.edu/preview_program.php?catoid=18&poid=26313
Processing: https://catalogue.usc.edu/preview_program.php?catoid=18&poid=26314
Processing: https://catalogue.usc.edu/preview_program.php?catoid=18&poid=26316
Processing: https://catalogue.usc.edu/preview_program.php?catoid=18&poid=26318
Processing: https://catalogue.usc.edu/preview_program.php?catoid=18&poid=26319
Processing: https://catalogue.usc.edu/preview_program.php?catoid=18&poid=26320
Processing: https://catalogue.usc.edu/preview_program.php?catoid=18&poid=26321
Processing: https://catalogue.usc.edu/preview_program.php?catoid=18&poid=26322
Processing: https://catalogue.usc.edu/preview_program.php?catoid=18&poid=26323
Processing: https://catalogue.usc.edu/preview_program.php?catoid=18&poid=26324
Processing: https://catalogue.usc.edu/preview_program.php?catoid=18&poid=26325
Processing: https://catalogue.usc.edu/preview_program.php?catoid=18&poid=26326
Processing: https://catalogue.usc.edu/preview_program.php?catoid=18&poid=26327
Processing: https://catalogue.usc.edu/preview_program.php?catoid=18&poid=26328
Processing: https://catalogue.usc.edu/preview_program.php?catoid=18&poid=26329
Processing: https://catalogue.usc.edu/preview_program.php?catoid=18&poid=26330
Processing: https://catalogue.usc.edu/preview_program.php?catoid=18&poid=26331
Processing: https://catalogue.usc.edu/preview_program.php?catoid=18&poid=26332
Processing: https://catalogue.usc.edu/preview_program.php?catoid=18&poid=26333
Processing: https://catalogue.usc.edu/preview_program.php?catoid=18&poid=26334
Processing: https://catalogue.usc.edu/preview_program.php?catoid=18&poid=26335
Processing: https://catalogue.usc.edu/preview_program.php?catoid=18&poid=26336
Processing: https://catalogue.usc.edu/preview_program.php?catoid=18&poid=26337
Processing: https://catalogue.usc.edu/preview_program.php?catoid=18&poid=26338
Processing: https://catalogue.usc.edu/preview_program.php?catoid=18&poid=26339
Processing: https://catalogue.usc.edu/preview_program.php?catoid=18&poid=26340
Processing: https://catalogue.usc.edu/preview_program.php?catoid=18&poid=26341
Processing: https://catalogue.usc.edu/preview_program.php?catoid=18&poid=26342
Processing: https://catalogue.usc.edu/preview_program.php?catoid=18&poid=26343
Processing: https://catalogue.usc.edu/preview_program.php?catoid=18&poid=26344
Processing: https://catalogue.usc.edu/preview_program.php?catoid=18&poid=26345
Processing: https://catalogue.usc.edu/preview_program.php?catoid=18&poid=26346
Processing: https://catalogue.usc.edu/preview_program.php?catoid=18&poid=26347
Processing: https://catalogue.usc.edu/preview_program.php?catoid=18&poid=26348
Processing: https://catalogue.usc.edu/preview_program.php?catoid=18&poid=26349
Processing: https://catalogue.usc.edu/preview_program.php?catoid=18&poid=26350
Processing: https://catalogue.usc.edu/preview_program.php?catoid=18&poid=26351
Processing: https://catalogue.usc.edu/preview_program.php?catoid=18&poid=26352
Processing: https://catalogue.usc.edu/preview_program.php?catoid=18&poid=26353
Processing: https://catalogue.usc.edu/preview_program.php?catoid=18&poid=26354
Processing: https://catalogue.usc.edu/preview_program.php?catoid=18&poid=26355
Processing: https://catalogue.usc.edu/preview_program.php?catoid=18&poid=26356
Processing: https://catalogue.usc.edu/preview_program.php?catoid=18&poid=26357
Processing: https://catalogue.usc.edu/preview_program.php?catoid=18&poid=26358
Processing: https://catalogue.usc.edu/preview_program.php?catoid=18&poid=26359
Processing: https://catalogue.usc.edu/preview_program.php?catoid=18&poid=26360
Processing: https://catalogue.usc.edu/preview_program.php?catoid=18&poid=26361
Processing: https://catalogue.usc.edu/preview_program.php?catoid=18&poid=26362
Processing: https://catalogue.usc.edu/preview_program.php?catoid=18&poid=26363
Processing: https://catalogue.usc.edu/preview_program.php?catoid=18&poid=26364
Processing: https://catalogue.usc.edu/preview_program.php?catoid=18&poid=26365
Processing: https://catalogue.usc.edu/preview_program.php?catoid=18&poid=26366
Processing: https://catalogue.usc.edu/preview_program.php?catoid=18&poid=26367
Processing: https://catalogue.usc.edu/preview_program.php?catoid=18&poid=26368
Processing: https://catalogue.usc.edu/preview_program.php?catoid=18&poid=26369
Processing: https://catalogue.usc.edu/preview_program.php?catoid=18&poid=26370
Processing: https://catalogue.usc.edu/preview_program.php?catoid=18&poid=26371
Processing: https://catalogue.usc.edu/preview_program.php?catoid=18&poid=26372
Processing: https://catalogue.usc.edu/preview_program.php?catoid=18&poid=26373
Processing: https://catalogue.usc.edu/preview_program.php?catoid=18&poid=26374
Processing: https://catalogue.usc.edu/preview_program.php?catoid=18&poid=26375
Processing: https://catalogue.usc.edu/preview_program.php?catoid=18&poid=26376
Processing: https://catalogue.usc.edu/preview_program.php?catoid=18&poid=26377
Processing: https://catalogue.usc.edu/preview_program.php?catoid=18&poid=26378
Processing: https://catalogue.usc.edu/preview_program.php?catoid=18&poid=26379
Processing: https://catalogue.usc.edu/preview_program.php?catoid=18&poid=26380
Processing: https://catalogue.usc.edu/preview_program.php?catoid=18&poid=26381
Processing: https://catalogue.usc.edu/preview_program.php?catoid=18&poid=26382
Processing: https://catalogue.usc.edu/preview_program.php?catoid=18&poid=26383
Processing: https://catalogue.usc.edu/preview_program.php?catoid=18&poid=26384
Processing: https://catalogue.usc.edu/preview_program.php?catoid=18&poid=26385
Processing: https://catalogue.usc.edu/preview_program.php?catoid=18&poid=26386
Processing: https://catalogue.usc.edu/preview_program.php?catoid=18&poid=26387
Processing: https://catalogue.usc.edu/preview_program.php?catoid=18&poid=26388
Processing: https://catalogue.usc.edu/preview_program.php?catoid=18&poid=26389
Processing: https://catalogue.usc.edu/preview_program.php?catoid=18&poid=26390
Processing: https://catalogue.usc.edu/preview_program.php?catoid=18&poid=26391
Processing: https://catalogue.usc.edu/preview_program.php?catoid=18&poid=26392
Processing: https://catalogue.usc.edu/preview_program.php?catoid=18&poid=26393
Processing: https://catalogue.usc.edu/preview_program.php?catoid=18&poid=26394
Processing: https://catalogue.usc.edu/preview_program.php?catoid=18&poid=26395
Processing: https://www.cpp.edu/financial-aid/index.shtml
Processing: https://www.cpp.edu/agri/animal-science/index.shtml
Processing: https://www.cpp.edu/env/architecture/index.shtml
Processing: https://www.cpp.edu/ceis/early-childhood-studies/index.shtml
Processing: https://www.cpp.edu/env/landscape-architecture/index.shtml
Processing: https://www.cpp.edu/ceis/liberal-studies/index.shtml
Processing: https://www.cpp.edu/agri/plant-science/index.shtml
Processing: https://www.usfca.edu/admission/undergraduate
Processing: https://www.usfca.edu/admission/undergraduate/apply
Processing: https://www.usfca.edu/admission/undergraduate/first-year
Processing: https://www.usfca.edu/admission/undergraduate/apply#deadlines
Processing: https://www.usfca.edu/admission/undergraduate/contact
Processing: https://seaver.pepperdine.edu/admission
Processing: https://seaver.pepperdine.edu/admission/application
Processing: https://seaver.pepperdine.edu/admission/financial-aid
Processing: https://admission.lmu.edu
Processing: https://admission.lmu.edu/apply
Processing: https://financialaid.lmu.edu
Processing: https://bellarmine.lmu.edu/afam
Processing: https://bellarmine.lmu.edu/catholicstudies
Processing: https://cfa.lmu.edu/programs/dance
Processing: https://bellarmine.lmu.edu/economics
Processing: https://bellarmine.lmu.edu/english
Processing: https://bellarmine.lmu.edu/environmentalstudies
Processing: https://bellarmine.lmu.edu/history
Processing: https://bellarmine.lmu.edu/humanities
Processing: https://bellarmine.lmu.edu/internationalrelations
Processing: https://bellarmine.lmu.edu/journalism
Processing: https://bellarmine.lmu.edu/liberalstudies
Processing: https://bellarmine.lmu.edu/modernlanguages
Processing: https://cfa.lmu.edu/programs/music
Processing: https://bellarmine.lmu.edu/philosophy
Processing: https://bellarmine.lmu.edu/politicalscience
Processing: https://bellarmine.lmu.edu/psychology
Processing: https://bellarmine.lmu.edu/sociology
Processing: https://bellarmine.lmu.edu/theologicalstudies
Processing: https://cfa.lmu.edu/programs/theatrearts
Processing: https://bellarmine.lmu.edu/urbanstudies
Processing: https://www.chapman.edu/admission/undergraduate/index.aspx
Processing: https://www.chapman.edu/admission/undergraduate/apply/index.aspx
Processing: https://www.chapman.edu/admission/undergraduate/apply/first-year-freshman.aspx
Processing: https://www.chapman.edu/admission/undergraduate/apply/deadlines.aspx
Processing: https://www.pacific.edu/admission/undergraduate
Processing: https://www.pacific.edu/admission/undergraduate/contact
Processing: https://www.redlands.edu/admissions-and-aid/undergraduate
Processing: https://www.redlands.edu/admissions-and-aid/undergraduate/apply
Processing: https://www.redlands.edu/study/schools-and-centers/college-of-arts-and-sciences/undergraduate-studies/accounting
Processing: https://www.redlands.edu/study/schools-and-centers/college-of-arts-and-sciences/undergraduate-studies/art
Processing: https://www.redlands.edu/study/schools-and-centers/college-of-arts-and-sciences/undergraduate-studies/asian-studies
Processing: https://www.redlands.edu/study/schools-and-centers/college-of-arts-and-sciences/undergraduate-studies/biochemistry-and-molecular-biology
Processing: https://www.redlands.edu/study/schools-and-centers/college-of-arts-and-sciences/undergraduate-studies/biology
Processing: https://www.redlands.edu/study/schools-and-centers/college-of-arts-and-sciences/undergraduate-studies/chemistry
Processing: https://www.redlands.edu/study/schools-and-centers/college-of-arts-and-sciences/undergraduate-studies/computer-science
Processing: https://www.redlands.edu/study/schools-and-centers/college-of-arts-and-sciences/undergraduate-studies/creative-writing
Processing: https://www.redlands.edu/study/schools-and-centers/college-of-arts-and-sciences/undergraduate-studies/economics
Processing: https://www.redlands.edu/study/schools-and-centers/college-of-arts-and-sciences/undergraduate-studies/environmental-science
Processing: https://www.redlands.edu/study/schools-and-centers/college-of-arts-and-sciences/undergraduate-studies/environmental-studies
Processing: https://www.redlands.edu/study/schools-and-centers/college-of-arts-and-sciences/undergraduate-studies/french
Processing: https://www.redlands.edu/study/schools-and-centers/college-of-arts-and-sciences/undergraduate-studies/global-business
Processing: https://www.redlands.edu/study/schools-and-centers/college-of-arts-and-sciences/undergraduate-studies/health-medicine-and-society
Processing: https://www.redlands.edu/study/schools-and-centers/college-of-arts-and-sciences/undergraduate-studies/history
Processing: https://www.redlands.edu/study/schools-and-centers/college-of-arts-and-sciences/undergraduate-studies/international-relations
Processing: https://www.redlands.edu/study/schools-and-centers/college-of-arts-and-sciences/undergraduate-studies/latin-american-studies
Processing: https://www.redlands.edu/study/schools-and-centers/college-of-arts-and-sciences/undergraduate-studies/mathematics
Processing: https://www.redlands.edu/study/schools-and-centers/college-of-arts-and-sciences/undergraduate-studies/media-and-visual-culture-studies
Processing: https://www.redlands.edu/study/schools-and-centers/college-of-arts-and-sciences/undergraduate-studies/philosophy
Processing: https://www.redlands.edu/study/schools-and-centers/college-of-arts-and-sciences/undergraduate-studies/physics
Processing: https://www.redlands.edu/study/schools-and-centers/college-of-arts-and-sciences/undergraduate-studies/political-science
Processing: https://www.redlands.edu/study/schools-and-centers/college-of-arts-and-sciences/undergraduate-studies/psychology
Processing: https://www.redlands.edu/study/schools-and-centers/college-of-arts-and-sciences/undergraduate-studies/public-policy
Processing: https://www.redlands.edu/study/schools-and-centers/college-of-arts-and-sciences/undergraduate-studies/race-and-ethnic-studies
Processing: https://www.redlands.edu/study/schools-and-centers/college-of-arts-and-sciences/undergraduate-studies/religious-studies
Processing: https://www.redlands.edu/study/schools-and-centers/college-of-arts-and-sciences/undergraduate-studies/spanish
Processing: https://www.redlands.edu/study/schools-and-centers/college-of-arts-and-sciences/undergraduate-studies/women-gender-and-sexuality-studies
Processing: https://www.nu.edu/admissions/financial-aid
Processing: https://www.ggu.edu/admissions/financial-aid
Processing: https://calbaptist.edu/admissions/undergraduate
Processing: https://calbaptist.edu/financial-aid
Processing: https://www.apu.edu/undergraduate-admissions
Processing: https://www.apu.edu/undergraduate-admissions/apply
Processing: https://www.apu.edu/undergraduate-admissions/requirements
Processing: https://www.apu.edu/bas/programs/allied-health-major
Processing: https://www.apu.edu/vpa/programs/animation-visual-effects-major
Processing: https://www.apu.edu/vpa/programs/art-major
Processing: https://www.apu.edu/bas/programs/biochemistry-major
Processing: https://www.apu.edu/bas/programs/business-management-major
Processing: https://www.apu.edu/bas/programs/chemistry-major
Processing: https://www.apu.edu/vpa/programs/cinematic-arts-major
Processing: https://www.apu.edu/bas/programs/computer-science-major
Processing: https://www.apu.edu/bas/programs/criminal-justice-major
Processing: https://www.apu.edu/bas/programs/engineering-major
Processing: https://www.apu.edu/clas/programs/english-major
Processing: https://www.apu.edu/clas/programs/history-major
Processing: https://www.apu.edu/clas/programs/interdisciplinary-studies-major
Processing: https://www.apu.edu/bas/programs/kinesiology-major
Processing: https://www.apu.edu/clas/programs/liberal-studies-major
Processing: https://www.apu.edu/clas/programs/philosophy-major
Processing: https://www.apu.edu/bas/programs/physics-major
Processing: https://www.apu.edu/clas/programs/political-science-major
Processing: https://www.apu.edu/vpa/programs/public-relations-major
Processing: https://www.apu.edu/clas/programs/social-science-major
Processing: https://www.apu.edu/clas/programs/sociology-major
Processing: https://www.apu.edu/theology/programs/theology-major
Processing: https://www.biola.edu/undergrad/admissions
Processing: https://www.biola.edu/undergrad/financial-aid
Processing: https://www.biola.edu/accounting-bs
Processing: https://www.biola.edu/bible-theology-ministry-ba
Processing: https://www.biola.edu/biochemistry-bs
Processing: https://www.biola.edu/biological-science-bs
Processing: https://www.biola.edu/business-administration-bs
Processing: https://www.biola.edu/chemistry-bs
Processing: https://www.biola.edu/christian-ministries-ba
Processing: https://www.biola.edu/cinema-and-media-arts-ba
Processing: https://www.biola.edu/communication-sciences-and-disorders-bs
Processing: https://www.biola.edu/communication-studies-ba
Processing: https://www.biola.edu/computer-science-bs
Processing: https://www.biola.edu/engineering-physics-bs
Processing: https://www.biola.edu/english-ba
Processing: https://www.biola.edu/environmental-science-bs
Processing: https://www.biola.edu/history-ba
Processing: https://www.biola.edu/human-biology-bs
Processing: https://www.biola.edu/intercultural-studies-ba
Processing: https://www.biola.edu/journalism-and-integrated-media-ba
Processing: https://www.biola.edu/kinesiology-bs
Processing: https://www.biola.edu/liberal-studies-elementary-education-ba
Processing: https://www.biola.edu/mathematics-bs
Processing: https://www.biola.edu/music-ba
Processing: https://www.biola.edu/music-composition-bm
Processing: https://www.biola.edu/music-education-bm
Processing: https://www.biola.edu/music-performance-bm
Processing: https://www.biola.edu/nursing-bs
Processing: https://www.biola.edu/philosophy-ba
Processing: https://www.biola.edu/physical-science-bs
Processing: https://www.biola.edu/physics-bs
Processing: https://www.biola.edu/political-science-ba
Processing: https://www.biola.edu/psychology-ba
Processing: https://www.biola.edu/public-relations-and-strategic-communication-ba
Processing: https://www.biola.edu/sociology-ba
Processing: https://www.biola.edu/spanish-ba
Processing: https://www.biola.edu/theatre-ba
Processing: https://www.pomona.edu/admissions
Processing: https://www.pomona.edu/admissions/apply
Processing: https://www.pomona.edu/financial-aid
Processing: https://www.pomona.edu/admissions/contact
Processing: https://www.pomona.edu/academics/departments/american-studies
Processing: https://www.pomona.edu/academics/departments/anthropology
Processing: https://www.pomona.edu/academics/departments/art-history
Processing: https://www.pomona.edu/academics/departments/asian-languages-literatures
Processing: https://www.pomona.edu/academics/departments/biology
Processing: https://www.pomona.edu/academics/departments/chemistry
Processing: https://www.pomona.edu/academics/departments/classics
Processing: https://www.pomona.edu/academics/departments/computer-science
Processing: https://www.pomona.edu/academics/departments/dance
Processing: https://www.pomona.edu/academics/departments/economics
Processing: https://www.pomona.edu/academics/departments/english
Processing: https://www.pomona.edu/academics/departments/environmental-analysis
Processing: https://www.pomona.edu/academics/departments/geology
Processing: https://www.pomona.edu/academics/departments/history
Processing: https://www.pomona.edu/academics/departments/international-relations
Processing: https://www.pomona.edu/academics/departments/latin-american-studies
Processing: https://www.pomona.edu/academics/departments/mathematics
Processing: https://www.pomona.edu/academics/departments/media-studies
Processing: https://www.pomona.edu/academics/departments/music
Processing: https://www.pomona.edu/academics/departments/molecular-biology
Processing: https://www.pomona.edu/academics/departments/neuroscience
Processing: https://www.pomona.edu/academics/departments/philosophy
Processing: https://www.pomona.edu/academics/departments/physics
Processing: https://www.pomona.edu/academics/departments/politics
Processing: https://www.pomona.edu/academics/departments/psychology
Processing: https://www.pomona.edu/academics/departments/public-policy-analysis
Processing: https://www.pomona.edu/academics/departments/religious-studies
Processing: https://www.pomona.edu/academics/departments/romance-languages-literatures
Processing: https://www.pomona.edu/academics/departments/sociology
Processing: https://www.pomona.edu/academics/departments/theatre
Processing: https://www.cmc.edu/admission
Processing: https://www.cmc.edu/admission/apply
Processing: https://www.cmc.edu/admission/apply#deadlines
Processing: https://www.cmc.edu/financial-aid
Processing: https://www.hmc.edu/admission
Processing: https://www.hmc.edu/admission/apply
Processing: https://www.hmc.edu/admission/afford/financial-aid
Processing: https://www.hmc.edu/biology/program/major
Processing: https://www.hmc.edu/mathematics/program/major
Processing: https://www.hmc.edu/physics/program/major
Processing: https://www.pitzer.edu/admission
Processing: https://www.pitzer.edu/financial-aid
Processing: https://www.pitzer.edu/academics/field-groups/political-studies
Processing: https://www.oxy.edu/academics/areas-study/american-studies
Processing: https://www.oxy.edu/academics/areas-study/art-art-history
Processing: https://www.oxy.edu/academics/areas-study/biochemistry
Processing: https://www.oxy.edu/academics/areas-study/biology
Processing: https://www.oxy.edu/academics/areas-study/black-studies
Processing: https://www.oxy.edu/academics/areas-study/chemistry
Processing: https://www.oxy.edu/academics/areas-study/cognitive-science
Processing: https://www.oxy.edu/academics/areas-study/comparative-studies-literature-culture
Processing: https://www.oxy.edu/academics/areas-study/computer-science
Processing: https://www.oxy.edu/academics/areas-study/critical-theory-social-justice
Processing: https://www.oxy.edu/academics/areas-study/diplomacy-world-affairs
Processing: https://www.oxy.edu/academics/areas-study/east-asian-studies
Processing: https://www.oxy.edu/academics/areas-study/economics
Processing: https://www.oxy.edu/academics/areas-study/education
Processing: https://www.oxy.edu/academics/areas-study/english
Processing: https://www.oxy.edu/academics/areas-study/geology
Processing: https://www.oxy.edu/academics/areas-study/history
Processing: https://www.oxy.edu/academics/areas-study/kinesiology
Processing: https://www.oxy.edu/academics/areas-study/mathematics
Processing: https://www.oxy.edu/academics/areas-study/media-arts-culture
Processing: https://www.oxy.edu/academics/areas-study/music
Processing: https://www.oxy.edu/academics/areas-study/philosophy
Processing: https://www.oxy.edu/academics/areas-study/physics
Processing: https://www.oxy.edu/academics/areas-study/politics
Processing: https://www.oxy.edu/academics/areas-study/psychology
Processing: https://www.oxy.edu/academics/areas-study/public-health
Processing: https://www.oxy.edu/academics/areas-study/religious-studies
Processing: https://www.oxy.edu/academics/areas-study/sociology
Processing: https://www.oxy.edu/academics/areas-study/urban-environmental-policy
Processing: https://www.whittier.edu/admission
Processing: https://www.whittier.edu/financialaid
Processing: https://www.whittier.edu/admission/contact
Processing: https://www.whittier.edu/academics/anthropology
Processing: https://www.whittier.edu/academics/art
Processing: https://www.whittier.edu/academics/biology
Processing: https://www.whittier.edu/academics/business
Processing: https://www.whittier.edu/academics/chemistry
Processing: https://www.whittier.edu/academics/economics
Processing: https://www.whittier.edu/academics/english
Processing: https://www.whittier.edu/academics/history
Processing: https://www.whittier.edu/academics/kinesiology
Processing: https://www.whittier.edu/academics/music
Processing: https://www.whittier.edu/academics/philosophy
Processing: https://www.whittier.edu/academics/physics
Processing: https://www.whittier.edu/academics/psychology
Processing: https://www.whittier.edu/academics/socialwork
Processing: https://www.whittier.edu/academics/sociology
Processing: https://www.whittier.edu/academics/theatre
Processing: https://www.westmont.edu/admissions-aid
Processing: https://www.westmont.edu/admissions-aid/first-year-students
Processing: https://www.westmont.edu/admissions-aid/financial-aid
Processing: https://www.westmont.edu/art
Processing: https://www.westmont.edu/biology
Processing: https://www.westmont.edu/chemistry
Processing: https://www.westmont.edu/communication-studies
Processing: https://www.westmont.edu/computer-science
Processing: https://www.westmont.edu/data-analytics
Processing: https://www.westmont.edu/education
Processing: https://www.westmont.edu/english
Processing: https://www.westmont.edu/environmental-studies
Processing: https://www.westmont.edu/history
Processing: https://www.westmont.edu/kinesiology
Processing: https://www.westmont.edu/liberal-studies
Processing: https://www.westmont.edu/mathematics
Processing: https://www.westmont.edu/modern-languages
Processing: https://www.westmont.edu/music
Processing: https://www.westmont.edu/philosophy
Processing: https://www.westmont.edu/physics
Processing: https://www.westmont.edu/political-science
Processing: https://www.westmont.edu/psychology
Processing: https://www.westmont.edu/religious-studies
Processing: https://www.westmont.edu/social-science
Processing: https://www.westmont.edu/theatre-arts
Processing: https://www.thomasaquinas.edu/admissions
Processing: https://www.thomasaquinas.edu/admissions/apply
Processing: https://www.thomasaquinas.edu/admissions/apply#deadlines
Processing: https://www.pacificoaks.edu/admissions/contact-admissions
Processing: https://www.westcliff.edu/admissions/financial-aid
Processing: https://www.westcliff.edu/contact-us
Processing: https://www.fresno.edu/admissions/undergraduate
Processing: https://www.fresno.edu/tuition
Processing: https://www.fresno.edu/financial-aid
Processing: https://www.fresno.edu/admissions/contact
Processing: https://lasierra.edu/art/undergraduate-programs
Processing: https://lasierra.edu/communication/undergraduate-programs
Processing: https://simpsonu.edu/undergraduate/admissions
Processing: https://simpsonu.edu/undergraduate/admissions/apply.html
Processing: https://simpsonu.edu/undergraduate/admissions/requirements.html
Processing: https://simpsonu.edu/undergraduate/admissions/dates.html
Processing: https://simpsonu.edu/undergraduate/financial-aid/tuition-fees.html
Processing: https://simpsonu.edu/undergraduate/financial-aid
Processing: https://simpsonu.edu/undergraduate/admissions/contact.html
Processing: https://www.artcenter.edu/admissions/contact.html
Processing: https://www.artcenter.edu/academics/undergraduate-degrees/advertising/overview.html
Processing: https://www.artcenter.edu/academics/undergraduate-degrees/entertainment-design/overview.html
Processing: https://www.artcenter.edu/academics/undergraduate-degrees/environmental-design/overview.html
Processing: https://www.artcenter.edu/academics/undergraduate-degrees/film/overview.html
Processing: https://www.artcenter.edu/academics/undergraduate-degrees/fine-art/overview.html
Processing: https://www.artcenter.edu/academics/undergraduate-degrees/graphic-design/overview.html
Processing: https://www.artcenter.edu/academics/undergraduate-degrees/illustration/overview.html
Processing: https://www.artcenter.edu/academics/undergraduate-degrees/interaction-design/overview.html
Processing: https://www.artcenter.edu/academics/undergraduate-degrees/product-design/overview.html
Processing: https://www.artcenter.edu/academics/undergraduate-degrees/spatial-experience-design/overview.html
Processing: https://www.artcenter.edu/academics/undergraduate-degrees/transportation-design/overview.html
Processing: https://www.cca.edu/admissions/undergraduate
Processing: https://www.cca.edu/admissions/contact
Processing: https://calarts.edu/financial-aid
Processing: https://art.calarts.edu/programs/bfa
Processing: https://art.calarts.edu/programs/graphic-design-bfa
Processing: https://art.calarts.edu/programs/photography-and-media-bfa
Processing: https://filmvideo.calarts.edu/programs/bfa
Processing: https://music.calarts.edu/programs/bfa
Processing: https://music.calarts.edu/programs/jazz-studies-bfa
Processing: https://music.calarts.edu/programs/world-music-performance-bfa
Processing: https://theater.calarts.edu/programs/bfa
Processing: https://theater.calarts.edu/programs/acting-bfa
Processing: https://theater.calarts.edu/programs/costume-design-bfa
Processing: https://theater.calarts.edu/programs/lighting-design-bfa
Processing: https://theater.calarts.edu/programs/scene-design-bfa
Processing: https://theater.calarts.edu/programs/sound-design-bfa
Processing: https://theater.calarts.edu/programs/stage-management-bfa
Processing: https://dance.calarts.edu/programs/bfa
Processing: https://www.otis.edu/tuition-fees
Processing: https://www.otis.edu/financial-aid
Processing: https://www.otis.edu/animation
Processing: https://www.otis.edu/graphic-design
Processing: https://www.otis.edu/illustration
Processing: https://www.otis.edu/fashion-design
Processing: https://www.otis.edu/fine-arts
Processing: https://www.otis.edu/product-design
Processing: https://www.otis.edu/environmental-design
Processing: https://www.otis.edu/toy-design
Processing: https://www.lcad.edu/admissions/financial-aid
Processing: https://www.lcad.edu/undergraduate/animation
Processing: https://www.lcad.edu/undergraduate/graphic-design-digital-media
Processing: https://www.lcad.edu/undergraduate/illustration
Processing: https://www.lcad.edu/undergraduate/drawing-painting
Processing: https://www.lcad.edu/undergraduate/entertainment-design
Processing: https://www.minerva.edu/contact
Processing: https://www.msmu.edu/admission/undergraduate-admission
Processing: https://www.msmu.edu/admission/undergraduate-admission/apply
Processing: https://www.msmu.edu/admission/undergraduate-admission/apply/#deadlines
Processing: https://www.msmu.edu/financial-aid
Processing: https://www.msmu.edu/undergraduate-bachelor-programs/accounting
Processing: https://www.msmu.edu/undergraduate-bachelor-programs/biological-sciences
Processing: https://www.msmu.edu/undergraduate-bachelor-programs/business-administration
Processing: https://www.msmu.edu/undergraduate-bachelor-programs/chemistry
Processing: https://www.msmu.edu/undergraduate-bachelor-programs/criminology
Processing: https://www.msmu.edu/undergraduate-bachelor-programs/english
Processing: https://www.msmu.edu/undergraduate-bachelor-programs/global-politics
Processing: https://www.msmu.edu/undergraduate-bachelor-programs/healthcare-policy
Processing: https://www.msmu.edu/undergraduate-bachelor-programs/journalism-and-new-media
Processing: https://www.msmu.edu/undergraduate-bachelor-programs/mathematics
Processing: https://www.msmu.edu/undergraduate-bachelor-programs/music
Processing: https://www.msmu.edu/undergraduate-bachelor-programs/nursing
Processing: https://www.msmu.edu/undergraduate-bachelor-programs/philosophy
Processing: https://www.msmu.edu/undergraduate-bachelor-programs/physical-sciences
Processing: https://www.msmu.edu/undergraduate-bachelor-programs/political-science
Processing: https://www.msmu.edu/undergraduate-bachelor-programs/psychology
Processing: https://www.msmu.edu/undergraduate-bachelor-programs/religious-studies
Processing: https://www.msmu.edu/undergraduate-bachelor-programs/social-work
Processing: https://www.msmu.edu/undergraduate-bachelor-programs/sociology
Processing: https://sfcm.edu/departments/brass
Processing: https://sfcm.edu/departments/composition
Processing: https://sfcm.edu/departments/conducting
Processing: https://sfcm.edu/departments/guitar
Processing: https://sfcm.edu/departments/historical-performance
Processing: https://sfcm.edu/departments/strings
Processing: https://sfcm.edu/departments/technology-and-applied-composition
Processing: https://sfcm.edu/departments/voice
Processing: https://sfcm.edu/departments/woodwinds
Processing: https://sfcm.edu/departments/roots-jazz-and-american-music
Processing: https://www.ndnu.edu/admissions/undergraduate
Processing: https://www.ndnu.edu/admissions/undergraduate/apply
Processing: https://www.ndnu.edu/admissions/undergraduate/requirements
Processing: https://www.ndnu.edu/admissions/undergraduate/deadlines
Processing: https://www.ndnu.edu/admissions/tuition-fees
Processing: https://www.ndnu.edu/admissions/financial-aid
Processing: https://www.ndnu.edu/admissions/contact-admissions
Processing: https://www.ndnu.edu/academics/undergraduate-programs/art
Processing: https://www.ndnu.edu/academics/undergraduate-programs/biochemistry
Processing: https://www.ndnu.edu/academics/undergraduate-programs/biology
Processing: https://www.ndnu.edu/academics/undergraduate-programs/business-administration
Processing: https://www.ndnu.edu/academics/undergraduate-programs/communication
Processing: https://www.ndnu.edu/academics/undergraduate-programs/english
Processing: https://www.ndnu.edu/academics/undergraduate-programs/history
Processing: https://www.ndnu.edu/academics/undergraduate-programs/human-services
Processing: https://www.ndnu.edu/academics/undergraduate-programs/interdisciplinary-studies
Processing: https://www.ndnu.edu/academics/undergraduate-programs/kinesiology
Processing: https://www.ndnu.edu/academics/undergraduate-programs/liberal-studies
Processing: https://www.ndnu.edu/academics/undergraduate-programs/psychology
Processing: https://www.ndnu.edu/academics/undergraduate-programs/sociology
Processing: https://www.admissions.caltech.edu
Processing: https://www.admissions.caltech.edu/apply
Processing: https://finaid.caltech.edu
Processing: https://www.be.caltech.edu/academics/undergraduate-program
Processing: https://gps.caltech.edu/academics/undergraduate-program
Processing: https://www.me.caltech.edu/academics/undergraduate-program
Processing: https://www.uwest.edu/admissions/financial-aid
Processing: https://www.umassglobal.edu/tuition-and-aid/tuition
Processing: https://www.callutheran.edu/admission/undergraduate
Processing: https://www.callutheran.edu/financial-aid
Processing: https://www.deepsprings.edu/admissions
Processing: https://sdcc.edu/admissions/undergraduate-admissions
Processing: https://sdcc.edu/admissions/financial-aid
Processing: https://sdcc.edu/academics/majors/biblical-studies
Processing: https://sdcc.edu/academics/majors/biological-science
Processing: https://sdcc.edu/academics/majors/business-management
Processing: https://sdcc.edu/academics/majors/communication
Processing: https://sdcc.edu/academics/majors/english
Processing: https://sdcc.edu/academics/majors/history
Processing: https://sdcc.edu/academics/majors/interdisciplinary-studies
Processing: https://sdcc.edu/academics/majors/kinesiology
Processing: https://sdcc.edu/academics/majors/liberal-studies
Processing: https://sdcc.edu/academics/majors/psychology
Processing: https://sdcc.edu/academics/majors/aviation
Processing: https://www.taft.edu/tuition-fees
Processing: https://www.taft.edu/contact
Processing: https://fidm.edu/en/admissions
Processing: https://fidm.edu/en/admissions/apply+now
Processing: https://fidm.edu/en/admissions/admissions+requirements
Processing: https://fidm.edu/en/admissions/important+dates
Processing: https://fidm.edu/en/admissions/tuition+and+fees
Processing: https://fidm.edu/en/admissions/financial+aid
Processing: https://fidm.edu/en/admissions/contact+admissions
Processing: https://fidm.edu/en/majors/apparel-industry-management
Processing: https://fidm.edu/en/majors/beauty-marketing-product-development
Processing: https://fidm.edu/en/majors/digital-marketing
Processing: https://fidm.edu/en/majors/digital-media
Processing: https://fidm.edu/en/majors/fashion-design
Processing: https://fidm.edu/en/majors/fashion-knitwear-design
Processing: https://fidm.edu/en/majors/film-tv-costume-design
Processing: https://fidm.edu/en/majors/graphic-design
Processing: https://fidm.edu/en/majors/interior-design
Processing: https://fidm.edu/en/majors/merchandise-product-development
Processing: https://fidm.edu/en/majors/merchandise-marketing
Processing: https://fidm.edu/en/majors/social-media
Processing: https://www.paloaltou.edu/admissions/undergraduate-admissions
Processing: https://www.paloaltou.edu/admissions/undergraduate-admissions/admission-requirements
Processing: https://www.cdrewu.edu/admissions/undergraduate-admissions/admission-requirements
Processing: https://www.cdrewu.edu/financial-aid
Processing: https://www.cdrewu.edu/academics/college-of-science-and-health/nursing/rn-to-bsn
Processing: https://www.scuhs.edu/admissions/financial-aid
Processing: https://wcbc.edu/admissions
Processing: https://wcbc.edu/admissions#deadlines
Processing: https://wcbc.edu/contact
Processing: https://epic.edu/admissions
[fetch] https://studentaid.gov -> HTTP 200 (text/html)
[notice] https://studentaid.gov appears JS-driven; using Playwright renderer.
[playwright] Using Firefox-first strategy for studentaid.gov
[fetch] https://studentaid.gov/apply-for-aid/fafsa/filling-out/undocumented-students -> HTTP 200 (text/html)
[notice] https://studentaid.gov/apply-for-aid/fafsa/filling-out/undocumented-students appears JS-driven; using Playwright renderer.
[playwright] Using Firefox-first strategy for studentaid.gov
[playwright] Missing browser executables. Attempting one-time install...
[playwright] Browser install completed.
[fetch] https://studentaid.gov/help-center/answers/article/how-to-find-scholarships -> HTTP 200 (text/html)
[notice] https://studentaid.gov/help-center/answers/article/how-to-find-scholarships appears JS-driven; using Playwright renderer.
[playwright] Using Firefox-first strategy for studentaid.gov
[fetch] https://studentaid.gov/articles/financial-aid-dictionary/ -> HTTP 200 (text/html)
[saved] outputs_aiohttp/studentaid.gov_articles_financial-aid-dictionary.txt (chars: 25035)
[playwright firefox top-level error] BrowserType.launch: Executable doesn't exist at /tmp/xdgcache-kpatel8/ms-playwright/firefox-1497/firefox/firefox
╔════════════════════════════════════════════════════════════╗
║ Looks like Playwright was just installed or updated.       ║
║ Please run the following command to download new browsers: ║
║                                                            ║
║     playwright install                                     ║
║                                                            ║
║ <3 Playwright Team                                         ║
╚════════════════════════════════════════════════════════════╝
[fetch] https://www.bestcolleges.com/resources/adult-learner-scholarships/ -> HTTP 200 (text/html; charset=utf-8)
[notice] https://www.bestcolleges.com/resources/adult-learner-scholarships/ appears JS-driven; using Playwright renderer.
[fetch] https://www.bestcolleges.com/resources/students-with-disabilities-financial-aid/ -> HTTP 200 (text/html; charset=utf-8)
[notice] https://www.bestcolleges.com/resources/students-with-disabilities-financial-aid/ appears JS-driven; using Playwright renderer.
[fetch] https://www.bestcolleges.com/resources/hispanic-latino-scholarships/ -> HTTP 200 (text/html; charset=utf-8)
[fetch] https://making-waves.org -> HTTP 200 (text/html; charset=utf-8)
[fetch] https://www.consumerfinance.gov/complaint/ -> HTTP 403 (text/html)
[notice] https://www.consumerfinance.gov/complaint/ returned HTTP 403; forcing Playwright render.
[fetch] https://myfuture.com -> HTTP 200 (text/html)
[fetch] https://mcb.berkeley.edu/undergrad/major -> HTTP 200 (text/html; charset=utf-8)
[saved] outputs_aiohttp/mcb.berkeley.edu_undergrad_major.txt (chars: 850)
[fetch] https://financialaid.berkeley.edu -> HTTP 200 (text/html; charset=utf-8)
[notice] https://financialaid.berkeley.edu appears JS-driven; using Playwright renderer.
[fetch] https://hacu.net -> HTTP 200 (text/html; charset=utf-8)
[notice] https://making-waves.org appears JS-driven; using Playwright renderer.
[fetch] https://www.consumerfinance.gov/paying-for-college/student-loan-forgiveness/ -> HTTP 403 (text/html)
[notice] https://www.consumerfinance.gov/paying-for-college/student-loan-forgiveness/ returned HTTP 403; forcing Playwright render.
[notice] https://www.bestcolleges.com/resources/hispanic-latino-scholarships/ appears JS-driven; using Playwright renderer.
[fetch] https://hacu.net/community-resource-center/student-resources-for-daca-recipients-and-dreamers/ -> HTTP 200 (text/html; charset=utf-8)
[fetch] https://www.bestcolleges.com -> HTTP 200 (text/html; charset=utf-8)
[fetch] https://admission.ucla.edu -> HTTP 200 (text/html; charset=utf-8)
[notice] https://admission.ucla.edu appears JS-driven; using Playwright renderer.
[fetch] https://www.bestcolleges.com/blog/what-is-a-first-generation-college-student/ -> HTTP 200 (text/html; charset=utf-8)
[notice] https://www.bestcolleges.com/blog/what-is-a-first-generation-college-student/ appears JS-driven; using Playwright renderer.
[fetch] https://admission.ucla.edu/tuition-aid/tuition-fees -> HTTP 200 (text/html; charset=utf-8)
[notice] https://admission.ucla.edu/tuition-aid/tuition-fees appears JS-driven; using Playwright renderer.
[fetch] https://jedfoundation.org -> HTTP 200 (text/html; charset=utf-8)
[notice] https://myfuture.com appears JS-driven; using Playwright renderer.
[fetch] https://www.consumerfinance.gov/paying-for-college/your-financial-path-to-graduation/how-we-got-these-numbers/ -> HTTP 403 (text/html)
[notice] https://www.consumerfinance.gov/paying-for-college/your-financial-path-to-graduation/how-we-got-these-numbers/ returned HTTP 403; forcing Playwright render.
[saved] outputs_aiohttp/hacu.net_community-resource-center_student-resources-for-daca-recipients-and-dreamers.txt (chars: 830)
[notice] https://www.bestcolleges.com appears JS-driven; using Playwright renderer.
[saved] outputs_aiohttp/hacu.net.txt (chars: 2348)
[fetch] https://chemistry.berkeley.edu/ugrad/degrees/cheme -> HTTP 200 (text/html; charset=utf-8)
[saved] outputs_aiohttp/chemistry.berkeley.edu_ugrad_degrees_cheme.txt (chars: 3391)
[fetch] https://admission.ucla.edu/apply -> HTTP 200 (text/html; charset=utf-8)
[notice] https://admission.ucla.edu/apply appears JS-driven; using Playwright renderer.
[fetch] https://www.ivywise.com/ivywise-knowledgebase/how-to-research-a-college-effectively/ -> HTTP 200 (text/html; charset=utf-8)
[notice] https://www.ivywise.com/ivywise-knowledgebase/how-to-research-a-college-effectively/ appears JS-driven; using Playwright renderer.
[fetch] https://jedfoundation.org/resource/tips-for-first-generation-college-students/ -> HTTP 200 (text/html; charset=utf-8)
[fetch] https://www.sjsu.edu/faso -> https://www.sjsu.edu/faso/ -> HTTP 200 (text/html; charset=utf-8)
[notice] https://www.sjsu.edu/faso appears JS-driven; using Playwright renderer.
[fetch] https://www.ucdavis.edu/admissions/undergraduate/contact -> HTTP 200 (text/html; charset=utf-8)
[notice] https://www.ucdavis.edu/admissions/undergraduate/contact appears JS-driven; using Playwright renderer.
[fetch_bytes] https://www.presidentsalliance.org/wp-content/uploads/2019/11/UCLA_Undocumented_handbook_WEB_Oct2019.pdf -> HTTP 200
[notice] https://jedfoundation.org/resource/tips-for-first-generation-college-students/ appears JS-driven; using Playwright renderer.
[notice] https://jedfoundation.org appears JS-driven; using Playwright renderer.
[fetch] https://c2c.ca.gov -> HTTP 200 (text/html; charset=utf-8)
[blocked-login] https://c2c.ca.gov redirects to a College Board login wall (https://c2c.ca.gov); skipping.
[fetch] https://immigrantsrising.org/supportgroups/ -> HTTP 200 (text/html; charset=utf-8)
[saved] outputs_aiohttp/immigrantsrising.org_supportgroups.txt (chars: 12119)
[fetch] https://www.understood.org/en/articles/after-high-school-different-paths-to-success -> HTTP 200 (text/html; charset=utf-8)
[notice] https://www.understood.org/en/articles/after-high-school-different-paths-to-success appears JS-driven; using Playwright renderer.
[fetch] https://getschooled.com/article/5426-building-your-college-list/ -> HTTP 200 (text/html; charset=utf-8)
[notice] https://getschooled.com/article/5426-building-your-college-list/ appears JS-driven; using Playwright renderer.
[fetch] https://getschooled.com/article/5997-how-to-find-an-lgbtq-friendly-college-or-university/ -> HTTP 200 (text/html; charset=utf-8)
[notice] https://getschooled.com/article/5997-how-to-find-an-lgbtq-friendly-college-or-university/ appears JS-driven; using Playwright renderer.
[fetch] https://immigrantsrising.org/resources/ -> HTTP 200 (text/html; charset=utf-8)
[saved] outputs_aiohttp/immigrantsrising.org_resources.txt (chars: 921)
[fetch] https://c2c.ca.gov/data-stories/pathways-to-college-in-california/ -> HTTP 200 (text/html; charset=utf-8)
[notice] https://c2c.ca.gov/data-stories/pathways-to-college-in-california/ appears JS-driven; using Playwright renderer.
[fetch] https://getschooled.com/article/5806-what-to-do-after-high-school/ -> HTTP 200 (text/html; charset=utf-8)
[notice] https://getschooled.com/article/5806-what-to-do-after-high-school/ appears JS-driven; using Playwright renderer.
[fetch] https://www.ed.gov/higher-education/paying-college -> HTTP 200 (text/html; charset=utf-8)
[saved] outputs_aiohttp/www.ed.gov_higher-education_paying-college.txt (chars: 1267)
[fetch] https://admission.ucla.edu/apply/transfer -> HTTP 200 (text/html; charset=utf-8)
[notice] https://admission.ucla.edu/apply/transfer appears JS-driven; using Playwright renderer.
[fetch] https://chemistry.berkeley.edu/ugrad/degrees/chem -> HTTP 200 (text/html; charset=utf-8)
[saved] outputs_aiohttp/chemistry.berkeley.edu_ugrad_degrees_chem.txt (chars: 1967)
[fetch] https://www.ucdavis.edu/admissions/undergraduate/apply -> HTTP 200 (text/html; charset=utf-8)
[notice] https://www.ucdavis.edu/admissions/undergraduate/apply appears JS-driven; using Playwright renderer.
[fetch] https://www.ucdavis.edu/admissions/undergraduate/transfer/requirements -> HTTP 200 (text/html; charset=utf-8)
[notice] https://www.ucdavis.edu/admissions/undergraduate/transfer/requirements appears JS-driven; using Playwright renderer.
[fetch] https://www.ucdavis.edu/admissions/undergraduate -> HTTP 200 (text/html; charset=utf-8)
[notice] https://www.ucdavis.edu/admissions/undergraduate appears JS-driven; using Playwright renderer.
[fetch] https://studentaid.gov/articles/evaluating-financial-aid-offers/ -> HTTP 200 (text/html)
[saved] outputs_aiohttp/studentaid.gov_articles_evaluating-financial-aid-offers.txt (chars: 8032)
[fetch] https://www.higheredimmigrationportal.org/state/california/ -> HTTP 200 (text/html; charset=utf-8)
[saved] outputs_aiohttp/www.higheredimmigrationportal.org_state_california.txt (chars: 14988)
[fetch] https://complit.berkeley.edu/undergraduate/major-requirements -> HTTP 200 (text/html; charset=utf-8)
[saved] outputs_aiohttp/complit.berkeley.edu_undergraduate_major-requirements.txt (chars: 109)
[fetch] https://collegecampaign.org/undocumented-student-campus-resources -> HTTP 200 (text/html; charset=utf-8)
[saved] outputs_aiohttp/collegecampaign.org_undocumented-student-campus-resources.txt (chars: 370)
[fetch] https://immigrantsrising.org -> HTTP 200 (text/html; charset=utf-8)
[saved] outputs_aiohttp/immigrantsrising.org.txt (chars: 242)
[fetch] https://collegecampaign.org -> HTTP 200 (text/html; charset=utf-8)
[saved] outputs_aiohttp/collegecampaign.org.txt (chars: 999)
[fetch] https://www.nerdwallet.com/student-loans/learn/pell-grants -> HTTP 200 (text/html; charset=utf-8)
[fetch] https://bigfuture.collegeboard.org/explore-careers/get-started/multiple-pathways-to-success -> HTTP 200 (text/html; charset=utf-8)
[fetch] https://immigrantsrising.org/resource/ca-dream-act-application-checklist/ -> HTTP 200 (text/html; charset=utf-8)
[saved] outputs_aiohttp/immigrantsrising.org_resource_ca-dream-act-application-checklist.txt (chars: 4964)
[fetch] https://getschooled.com/article/5398-best-scholarship-websites/ -> HTTP 200 (text/html; charset=utf-8)
[notice] https://getschooled.com/article/5398-best-scholarship-websites/ appears JS-driven; using Playwright renderer.
[fetch] https://immigrantsrising.org/resource/types-of-ca-state-financial-aid/ -> HTTP 200 (text/html; charset=utf-8)
[saved] outputs_aiohttp/immigrantsrising.org_resource_types-of-ca-state-financial-aid.txt (chars: 332)
[fetch] https://admissions.berkeley.edu -> HTTP 200 (text/html; charset=utf-8)
[notice] https://admissions.berkeley.edu appears JS-driven; using Playwright renderer.
[fetch] https://getschooled.com/article/5600-how-to-effectively-find-scholarships/ -> HTTP 200 (text/html; charset=utf-8)
[notice] https://getschooled.com/article/5600-how-to-effectively-find-scholarships/ appears JS-driven; using Playwright renderer.
[fetch] https://bigfuture.collegeboard.org/pay-for-college/get-help-paying-for-college/scholarships-grants-institutional-aid/understanding-your-financial-aid-award-offers#:~:text=You%20may%20see%20three%20different,interest%20and%20must%20be%20repaid. -> https://bigfuture.collegeboard.org/pay-for-college/get-help-paying-for-college/scholarships-grants-institutional-aid/understanding-your-financial-aid-award-offers -> HTTP 200 (text/html; charset=utf-8)
[saved] outputs_aiohttp/bigfuture.collegeboard.org_pay-for-college_get-help-paying-for-college_scholarships-grants-institutional-aid_understanding-your-financial-aid-award-offers.txt (chars: 5214)
[fetch] https://www.cbsnews.com/news/private-student-loan-dos-donts/ -> HTTP 200 (text/html; charset=utf-8)
[fetch] https://bigfuture.collegeboard.org/plan-for-college/apply-to-college/college-applications-how-to-begin -> HTTP 200 (text/html; charset=utf-8)
[saved] outputs_aiohttp/bigfuture.collegeboard.org_plan-for-college_apply-to-college_college-applications-how-to-begin.txt (chars: 6276)
[fetch] https://bigfuture.collegeboard.org -> HTTP 200 (text/html; charset=utf-8)
[blocked-login] https://bigfuture.collegeboard.org redirects to a College Board login wall (https://bigfuture.collegeboard.org); skipping.
[fetch] https://www.nerdwallet.com/student-loans/learn/tuition-free-college -> HTTP 200 (text/html; charset=utf-8)
[fetch] https://www.csusm.edu/admissions/index.html -> HTTP 200 (text/html; charset=utf-8)
[fetch] https://www.ucdavis.edu/admissions/undergraduate/freshman/requirements -> https://www.ucdavis.edu/admissions/undergraduate/first-year/requirements -> HTTP 200 (text/html; charset=utf-8)
[notice] https://www.ucdavis.edu/admissions/undergraduate/freshman/requirements appears JS-driven; using Playwright renderer.
[saved] outputs_aiohttp/bigfuture.collegeboard.org_explore-careers_get-started_multiple-pathways-to-success.txt (chars: 4268)
[fetch] https://www.westmont.edu/admissions-aid -> https://www.westmont.edu/admissions -> HTTP 200 (text/html; charset=utf-8)
[notice] https://www.westmont.edu/admissions-aid appears JS-driven; using Playwright renderer.
[fetch] https://www.csac.ca.gov/undocumented -> HTTP 200 (text/html; charset=utf-8)
[saved] outputs_aiohttp/www.csac.ca.gov_undocumented.txt (chars: 4603)
[fetch] https://www.csac.ca.gov/apply -> HTTP 200 (text/html; charset=utf-8)
[saved] outputs_aiohttp/www.csac.ca.gov_apply.txt (chars: 5308)
[fetch] https://www.csac.ca.gov/dsig -> HTTP 200 (text/html; charset=utf-8)
[saved] outputs_aiohttp/www.csac.ca.gov_dsig.txt (chars: 2881)
[fetch] https://www.csac.ca.gov/c4c -> HTTP 200 (text/html; charset=utf-8)
[saved] outputs_aiohttp/www.csac.ca.gov_c4c.txt (chars: 6351)
[fetch] https://www.csac.ca.gov -> HTTP 200 (text/html; charset=utf-8)
[saved] outputs_aiohttp/www.csac.ca.gov.txt (chars: 785)
[fetch] https://admissions.uci.edu -> HTTP 200 (text/html; charset=utf-8)
[fetch] https://admissions.uci.edu/contact.php -> HTTP 200 (text/html; charset=utf-8)
[fetch] https://psychology.berkeley.edu/students/undergraduate-program/major-requirements -> https://psychology.berkeley.edu/undergraduate/major-requirements -> HTTP 200 (text/html; charset=utf-8)
[saved] outputs_aiohttp/psychology.berkeley.edu_students_undergraduate-program_major-requirements.txt (chars: 11582)
[fetch] https://www.art.ucla.edu/undergraduate -> https://www.art.ucla.edu/undergraduate/ -> HTTP 200 (text/html)
[saved] outputs_aiohttp/www.art.ucla.edu_undergraduate.txt (chars: 70)
[fetch] https://www.nerdwallet.com/article/loans/student-loans/how-to-pay-for-college -> https://www.nerdwallet.com/student-loans/learn/how-to-pay-for-college -> HTTP 200 (text/html; charset=utf-8)
[fetch] https://making-waves.org/seven-tips-for-first-gen-college-students-from-first-gen-college-grad/ -> HTTP 200 (text/html; charset=utf-8)
[fetch] https://admissions.berkeley.edu/dates-deadlines -> https://admissions.berkeley.edu/apply-to-berkeley/dates-deadlines/ -> HTTP 200 (text/html; charset=utf-8)
[notice] https://admissions.berkeley.edu/dates-deadlines appears JS-driven; using Playwright renderer.
[fetch] https://www.coalitionforcollegeaccess.org/mycoalition-counselor-all/researching-colleges -> HTTP 200 (text/html;charset=utf-8)
[notice] https://www.coalitionforcollegeaccess.org/mycoalition-counselor-all/researching-colleges appears JS-driven; using Playwright renderer.
[blocked-login] https://www.nerdwallet.com/student-loans/learn/pell-grants redirects to a College Board login wall (https://www.nerdwallet.com/student-loans/learn/pell-grants); skipping.
[saved] outputs_aiohttp/www.cbsnews.com_news_private-student-loan-dos-donts.txt (chars: 6146)
[fetch] https://admissions.berkeley.edu/apply -> https://admissions.berkeley.edu/apply-to-berkeley/ -> HTTP 200 (text/html; charset=utf-8)
[notice] https://admissions.berkeley.edu/apply appears JS-driven; using Playwright renderer.
[fetch] https://registrar.berkeley.edu/tuition-fees-residency/tuition-fees -> https://registrar.berkeley.edu/tuition-fees/fee-definitions/ -> HTTP 200 (text/html; charset=utf-8)
[notice] https://registrar.berkeley.edu/tuition-fees-residency/tuition-fees appears JS-driven; using Playwright renderer.
[fetch] https://admissions.berkeley.edu/contact-us -> https://admissions.berkeley.edu/contact-us/ -> HTTP 200 (text/html; charset=utf-8)
[notice] https://admissions.berkeley.edu/contact-us appears JS-driven; using Playwright renderer.
[fetch] https://studentaid.gov/understand-aid/types/scholarships -> HTTP 200 (text/html)
[notice] https://studentaid.gov/understand-aid/types/scholarships appears JS-driven; using Playwright renderer.
[playwright] Using Firefox-first strategy for studentaid.gov
[fetch] https://admission.ucla.edu/apply/freshman -> https://admission.ucla.edu/apply/first-year -> HTTP 200 (text/html; charset=utf-8)
[notice] https://admission.ucla.edu/apply/freshman appears JS-driven; using Playwright renderer.
[blocked-login] https://www.nerdwallet.com/article/loans/student-loans/how-to-pay-for-college redirects to a College Board login wall (https://www.nerdwallet.com/student-loans/learn/how-to-pay-for-college); skipping.
[blocked-login] https://www.nerdwallet.com/student-loans/learn/tuition-free-college redirects to a College Board login wall (https://www.nerdwallet.com/student-loans/learn/tuition-free-college); skipping.
[fetch] https://finaid.org/beyond/ -> HTTP 200 (text/html; charset=utf-8)
[notice] https://finaid.org/beyond/ appears JS-driven; using Playwright renderer.
[notice] https://making-waves.org/seven-tips-for-first-gen-college-students-from-first-gen-college-grad/ appears JS-driven; using Playwright renderer.
[fetch] https://finaid.org -> HTTP 200 (text/html; charset=utf-8)
[notice] https://finaid.org appears JS-driven; using Playwright renderer.
[fetch_bytes] https://financialaidtoolkit.ed.gov/resources/2025-26-counselors-handbook.pdf -> HTTP 200
[fetch] https://pharmsci.uci.edu/undergraduate-programs/bs-pharmaceutical-sciences -> https://pharmsci.uci.edu/degrees-programs/undergraduate-programs/bs-pharmaceutical-sciences/ -> HTTP 200 (text/html; charset=utf-8)
[saved] outputs_aiohttp/pharmsci.uci.edu_undergraduate-programs_bs-pharmaceutical-sciences.txt (chars: 3680)
[notice] https://admissions.uci.edu appears JS-driven; using Playwright renderer.
[notice] https://admissions.uci.edu/contact.php appears JS-driven; using Playwright renderer.
[fetch] https://studentaid.gov/manage-loans/repayment/repaying-101 -> HTTP 200 (text/html)
[notice] https://studentaid.gov/manage-loans/repayment/repaying-101 appears JS-driven; using Playwright renderer.
[playwright] Using Firefox-first strategy for studentaid.gov
[fetch] https://www.ed.gov/contact-us/state-contacts/ca -> https://www.ed.gov/about/contact-us/state-contacts/ca -> HTTP 200 (text/html; charset=utf-8)
[retry] extraction insufficient for https://www.ed.gov/contact-us/state-contacts/ca; trying relaxed body text fallback and playwright.request fallback.
[saved] outputs_aiohttp/www.ed.gov_contact-us_state-contacts_ca.txt (chars: 4740)
[fetch] https://www.math.ucla.edu/ugrad/majors/math -> HTTP 200 (text/html; charset=utf-8)
[notice] https://www.math.ucla.edu/ugrad/majors/math appears JS-driven; using Playwright renderer.
[fetch] https://www.math.ucla.edu/ugrad/majors/mathteach -> HTTP 200 (text/html; charset=utf-8)
[notice] https://www.math.ucla.edu/ugrad/majors/mathteach appears JS-driven; using Playwright renderer.
[fetch] https://admissions.ucr.edu -> HTTP 200 (text/html; charset=utf-8)
[notice] https://admissions.ucr.edu appears JS-driven; using Playwright renderer.
[fetch] https://me.calpoly.edu -> HTTP 200 (text/html; charset=utf-8)
[saved] outputs_aiohttp/me.calpoly.edu.txt (chars: 303)
[fetch] https://asianam.ucla.edu/undergraduate/major -> https://asianam.ucla.edu/event/major-blast-10-17/ -> HTTP 200 (text/html; charset=utf-8)
[notice] https://asianam.ucla.edu/undergraduate/major appears JS-driven; using Playwright renderer.
[fetch] https://publichealth.uci.edu/undergraduate/ba-public-health-policy -> https://publichealth.uci.edu/degrees-programs/undergraduate-programs/ba-public-health-policy/ -> HTTP 200 (text/html; charset=utf-8)
[notice] https://publichealth.uci.edu/undergraduate/ba-public-health-policy appears JS-driven; using Playwright renderer.
[fetch] https://publichealth.uci.edu/undergraduate/bs-public-health-sciences -> https://publichealth.uci.edu/degrees-programs/undergraduate-programs/bs-public-health-sciences/ -> HTTP 200 (text/html; charset=utf-8)
[notice] https://publichealth.uci.edu/undergraduate/bs-public-health-sciences appears JS-driven; using Playwright renderer.
[fetch] https://catalog.sjsu.edu/preview_program.php?catoid=13&poid=6356 -> https://catalog.sjsu.edu/index.php?catoid=13 -> HTTP 200 (text/html; charset=utf-8)
[notice] https://catalog.sjsu.edu/preview_program.php?catoid=13&poid=6356 appears JS-driven; using Playwright renderer.
[fetch] http://www.ed.gov -> https://www.ed.gov/ -> HTTP 200 (text/html; charset=utf-8)
[saved] outputs_aiohttp/www.ed.gov.txt (chars: 832)
[saved PDF] outputs_aiohttp/financialaidtoolkit.ed.gov_resources_2025-26-counselors-handbook.pdf.txt
[fetch] https://cpe.calpoly.edu -> HTTP 200 (text/html; charset=utf-8)
[saved] outputs_aiohttp/cpe.calpoly.edu.txt (chars: 1959)
[fetch] https://aero.calpoly.edu -> HTTP 200 (text/html; charset=utf-8)
[saved] outputs_aiohttp/aero.calpoly.edu.txt (chars: 669)
[fetch] https://www.scu.edu/admission/undergraduate -> https://www.scu.edu/admission/undergraduate/ -> HTTP 200 (text/html; charset=utf-8)
[notice] https://www.scu.edu/admission/undergraduate appears JS-driven; using Playwright renderer.
[fetch] https://www.scu.edu/financialaid -> https://www.scu.edu/financialaid/ -> HTTP 200 (text/html; charset=utf-8)
[notice] https://www.scu.edu/financialaid appears JS-driven; using Playwright renderer.
[fetch] https://bigfuture.collegeboard.org/pay-for-college/get-help-paying-for-college/work-study -> https://account.collegeboard.org/login/login?idp=ECL&appId=511&DURL=https://bigfuture.collegeboard.org/pay-for-college/get-help-paying-for-college/work-study -> HTTP 200 (text/html)
[blocked-login] https://bigfuture.collegeboard.org/pay-for-college/get-help-paying-for-college/work-study redirects to a College Board login wall (https://account.collegeboard.org/login/login?idp=ECL&appId=511&DURL=https://bigfuture.collegeboard.org/pay-for-college/get-help-paying-for-college/work-study); skipping.
[fetch] https://www.scu.edu/cas/individual-studies -> https://www.scu.edu/cas/individual-studies/ -> HTTP 200 (text/html; charset=utf-8)
[notice] https://www.scu.edu/cas/individual-studies appears JS-driven; using Playwright renderer.
[fetch] https://catalog.sjsu.edu/preview_program.php?catoid=13&poid=6354 -> https://catalog.sjsu.edu/index.php?catoid=13 -> HTTP 200 (text/html; charset=utf-8)
[notice] https://catalog.sjsu.edu/preview_program.php?catoid=13&poid=6354 appears JS-driven; using Playwright renderer.
[fetch] https://catalog.sjsu.edu/preview_program.php?catoid=13&poid=6353 -> https://catalog.sjsu.edu/index.php?catoid=13 -> HTTP 200 (text/html; charset=utf-8)
[notice] https://catalog.sjsu.edu/preview_program.php?catoid=13&poid=6353 appears JS-driven; using Playwright renderer.
[fetch] https://catalog.sjsu.edu/preview_program.php?catoid=13&poid=6352 -> https://catalog.sjsu.edu/index.php?catoid=13 -> HTTP 200 (text/html; charset=utf-8)
[notice] https://catalog.sjsu.edu/preview_program.php?catoid=13&poid=6352 appears JS-driven; using Playwright renderer.
[fetch] https://catalog.sjsu.edu/preview_program.php?catoid=13&poid=6355 -> https://catalog.sjsu.edu/index.php?catoid=13 -> HTTP 200 (text/html; charset=utf-8)
[notice] https://catalog.sjsu.edu/preview_program.php?catoid=13&poid=6355 appears JS-driven; using Playwright renderer.
[fetch] https://www.math.ucla.edu/ugrad/majors/mathcomp -> HTTP 200 (text/html; charset=utf-8)
[notice] https://www.math.ucla.edu/ugrad/majors/mathcomp appears JS-driven; using Playwright renderer.
[fetch] https://www.cdrewu.edu/admissions/undergraduate-admissions/admission-requirements -> https://www.cdrewu.edu/academics/program/entry-level-master-of-science-in-nursing/admission-requirements/ -> HTTP 200 (text/html; charset=utf-8)
[notice] https://www.cdrewu.edu/admissions/undergraduate-admissions/admission-requirements appears JS-driven; using Playwright renderer.
[fetch] https://www.csac.ca.gov/cadaa-msf -> HTTP 200 (text/html; charset=utf-8)
[saved] outputs_aiohttp/www.csac.ca.gov_cadaa-msf.txt (chars: 5892)
[fetch] https://bmed.calpoly.edu -> HTTP 200 (text/html; charset=utf-8)
[saved] outputs_aiohttp/bmed.calpoly.edu.txt (chars: 327)
[fetch] https://math.calpoly.edu -> HTTP 200 (text/html; charset=utf-8)
[saved] outputs_aiohttp/math.calpoly.edu.txt (chars: 1042)
[fetch] https://politicalscience.calpoly.edu -> HTTP 200 (text/html; charset=utf-8)
[saved] outputs_aiohttp/politicalscience.calpoly.edu.txt (chars: 1010)
[fetch] https://www.otis.edu/tuition-fees -> https://www.otis.edu/admissions-aid/tuition-aid/cost-attendance.html -> HTTP 200 (text/html; charset=utf-8)
[fetch] https://music.sonoma.edu -> HTTP 200 (text/html; charset=utf-8)
[notice] https://music.sonoma.edu appears JS-driven; using Playwright renderer.
[fetch] https://cs.sonoma.edu -> HTTP 200 (text/html; charset=utf-8)
[notice] https://cs.sonoma.edu appears JS-driven; using Playwright renderer.
[fetch] https://www.whittier.edu/admission -> HTTP 200 (text/html; charset=utf-8)
[notice] https://www.whittier.edu/admission appears JS-driven; using Playwright renderer.
[fetch] https://www.pacific.edu/admission/undergraduate -> HTTP 200 (text/html; charset=utf-8)
[notice] https://www.pacific.edu/admission/undergraduate appears JS-driven; using Playwright renderer.
[fetch] https://kinesiology.calpoly.edu -> HTTP 200 (text/html; charset=utf-8)
[saved] outputs_aiohttp/kinesiology.calpoly.edu.txt (chars: 602)
[fetch] https://immigrantsrising.org/in-state-tuition-tool/ -> HTTP 200 (text/html; charset=utf-8)
[saved] outputs_aiohttp/immigrantsrising.org_in-state-tuition-tool.txt (chars: 5140)
[notice] https://www.otis.edu/tuition-fees appears JS-driven; using Playwright renderer.
[fetch] https://www.callutheran.edu/admission/undergraduate -> https://www.callutheran.edu/admission/undergraduate/ -> HTTP 200 (text/html; charset=utf-8)
[saved] outputs_aiohttp/www.callutheran.edu_admission_undergraduate.txt (chars: 2054)
[fetch] https://catalog.fullerton.edu/preview_program.php?catoid=80&poid=38415 -> HTTP 200 (text/html; charset=utf-8)
[notice] https://catalog.fullerton.edu/preview_program.php?catoid=80&poid=38415 appears JS-driven; using Playwright renderer.
[fetch] https://math.sonoma.edu -> HTTP 200 (text/html; charset=utf-8)
[notice] https://math.sonoma.edu appears JS-driven; using Playwright renderer.
[fetch] https://catalog.fullerton.edu/preview_program.php?catoid=80&poid=38416 -> HTTP 200 (text/html; charset=utf-8)
[notice] https://catalog.fullerton.edu/preview_program.php?catoid=80&poid=38416 appears JS-driven; using Playwright renderer.
[fetch] https://catalog.fullerton.edu/preview_program.php?catoid=80&poid=38414 -> HTTP 200 (text/html; charset=utf-8)
[notice] https://catalog.fullerton.edu/preview_program.php?catoid=80&poid=38414 appears JS-driven; using Playwright renderer.
[fetch] https://kinesiology.sonoma.edu -> HTTP 200 (text/html; charset=utf-8)
[notice] https://kinesiology.sonoma.edu appears JS-driven; using Playwright renderer.
[fetch] https://catalog.fullerton.edu/preview_program.php?catoid=80&poid=38413 -> HTTP 200 (text/html; charset=utf-8)
[notice] https://catalog.fullerton.edu/preview_program.php?catoid=80&poid=38413 appears JS-driven; using Playwright renderer.
[fetch] https://english.sonoma.edu -> HTTP 200 (text/html; charset=utf-8)
[notice] https://english.sonoma.edu appears JS-driven; using Playwright renderer.
[fetch] https://biology.sonoma.edu -> HTTP 200 (text/html; charset=utf-8)
[notice] https://biology.sonoma.edu appears JS-driven; using Playwright renderer.
[fetch] https://admissions.sonoma.edu -> HTTP 200 (text/html; charset=utf-8)
[notice] https://admissions.sonoma.edu appears JS-driven; using Playwright renderer.
[fetch] https://www.scuhs.edu/admissions/financial-aid -> https://www.scuhs.edu/financial-aid/ -> HTTP 200 (text/html; charset=utf-8)
[notice] https://www.scuhs.edu/admissions/financial-aid appears JS-driven; using Playwright renderer.
[fetch] https://www.fresno.edu/admissions/undergraduate -> https://www.fresno.edu/undergraduate/admission -> HTTP 200 (text/html; charset=utf-8)
[fetch] https://legalstudies.berkeley.edu/undergraduate-program/major-requirements -> https://jsp-ls.berkeley.edu/legal-studies -> HTTP 200 (text/html; charset=utf-8)
[saved] outputs_aiohttp/legalstudies.berkeley.edu_undergraduate-program_major-requirements.txt (chars: 1604)
[fetch] https://philosophy.calpoly.edu -> HTTP 200 (text/html; charset=utf-8)
[saved] outputs_aiohttp/philosophy.calpoly.edu.txt (chars: 632)
[fetch] https://bulletin.sfsu.edu/colleges/ethnic-studies/africana-studies/ba-africana-studies -> https://bulletin.sfsu.edu/colleges/ethnic-studies/africana-studies/ba-africana-studies/ -> HTTP 200 (text/html; charset=utf-8)
[fetch] https://geology.sonoma.edu -> HTTP 200 (text/html; charset=utf-8)
[notice] https://geology.sonoma.edu appears JS-driven; using Playwright renderer.
[fetch] https://dairy.calpoly.edu -> HTTP 200 (text/html; charset=utf-8)
[saved] outputs_aiohttp/dairy.calpoly.edu.txt (chars: 780)
[fetch] https://bio.calpoly.edu -> HTTP 200 (text/html; charset=utf-8)
[saved] outputs_aiohttp/bio.calpoly.edu.txt (chars: 1393)
[fetch] https://mate.calpoly.edu -> HTTP 200 (text/html; charset=utf-8)
[saved] outputs_aiohttp/mate.calpoly.edu.txt (chars: 135)
[fetch] https://sociology.sonoma.edu -> HTTP 200 (text/html; charset=utf-8)
[notice] https://sociology.sonoma.edu appears JS-driven; using Playwright renderer.
[fetch] https://archaeology.stanford.edu/academics/undergraduate-program -> HTTP 200 (text/html; charset=utf-8)
[saved] outputs_aiohttp/archaeology.stanford.edu_academics_undergraduate-program.txt (chars: 1534)
[fetch] https://www.csulb.edu/admissions -> HTTP 200 (text/html; charset=utf-8)
[notice] https://www.csulb.edu/admissions appears JS-driven; using Playwright renderer.
[fetch] https://ethnicstudies.calpoly.edu -> HTTP 200 (text/html; charset=utf-8)
[saved] outputs_aiohttp/ethnicstudies.calpoly.edu.txt (chars: 3689)
[fetch] https://bellarmine.lmu.edu/afam -> https://bellarmine.lmu.edu/afam/ -> HTTP 200 (text/html; charset=utf-8)
[notice] https://bellarmine.lmu.edu/afam appears JS-driven; using Playwright renderer.
[fetch] https://www.calstatela.edu/admissions -> HTTP 200 (text/html; charset=utf-8)
[notice] https://www.calstatela.edu/admissions appears JS-driven; using Playwright renderer.
[fetch] https://financialaid.sonoma.edu -> HTTP 200 (text/html; charset=utf-8)
[notice] https://financialaid.sonoma.edu appears JS-driven; using Playwright renderer.
[fetch] https://gep.sonoma.edu -> HTTP 200 (text/html; charset=utf-8)
[notice] https://gep.sonoma.edu appears JS-driven; using Playwright renderer.
[notice] https://www.fresno.edu/admissions/undergraduate appears JS-driven; using Playwright renderer.
[fetch] https://www.hmc.edu/admission -> https://www.hmc.edu/admission/ -> HTTP 200 (text/html; charset=utf-8)
[saved] outputs_aiohttp/www.hmc.edu_admission.txt (chars: 1602)
[fetch] https://catalog.ucsd.edu/curric/ANTH-ug.html -> HTTP 200 (text/html; charset=utf-8)
[fetch] https://www.westmont.edu/admissions-aid/first-year-students -> HTTP 200 (text/html; charset=utf-8)
[notice] https://www.westmont.edu/admissions-aid/first-year-students appears JS-driven; using Playwright renderer.
[fetch] https://financialaid.usc.edu -> HTTP 200 (text/html; charset=utf-8)
[notice] https://financialaid.usc.edu appears JS-driven; using Playwright renderer.
[fetch] https://luskin.ucla.edu/undergraduate-program -> HTTP 200 (text/html; charset=utf-8)
[fetch] https://music.calarts.edu/programs/bfa -> https://calarts.edu/music -> HTTP 200 (text/html; charset=utf-8)
[saved] outputs_aiohttp/bulletin.sfsu.edu_colleges_ethnic-studies_africana-studies_ba-africana-studies.txt (chars: 13513)
[fetch] https://admission.lmu.edu -> HTTP 200 (text/html; charset=utf-8)
[notice] https://admission.lmu.edu appears JS-driven; using Playwright renderer.
[saved] outputs_aiohttp/catalog.ucsd.edu_curric_ANTH-ug.html.txt (chars: 29258)
[fetch] https://qcb.ucla.edu/undergraduate-program/major -> https://qcb.ucla.edu/research/major-projects/ -> HTTP 200 (text/html; charset=utf-8)
[fetch] https://admissions.ucsd.edu -> HTTP 200 (text/html; charset=utf-8)
[notice] https://admissions.ucsd.edu appears JS-driven; using Playwright renderer.
[fetch] https://sdcc.edu/admissions/financial-aid -> https://sdcc.edu/admissions/financial-aid-forms/ -> HTTP 200 (text/html; charset=utf-8)
[notice] https://sdcc.edu/admissions/financial-aid appears JS-driven; using Playwright renderer.
[fetch] https://calarts.edu/financial-aid -> https://calarts.edu/financial-aid/financial-aid-basics -> HTTP 200 (text/html; charset=utf-8)
[fetch] https://psychology.sonoma.edu -> HTTP 200 (text/html; charset=utf-8)
[notice] https://psychology.sonoma.edu appears JS-driven; using Playwright renderer.
[fetch] https://bigfuture.collegeboard.org/plan-for-college/find-your-fit/what-colleges-require-SAT -> HTTP 200 (text/html; charset=utf-8)
[saved] outputs_aiohttp/bigfuture.collegeboard.org_plan-for-college_find-your-fit_what-colleges-require-SAT.txt (chars: 1860)
[fetch] https://philosophy.sonoma.edu -> HTTP 200 (text/html; charset=utf-8)
[notice] https://philosophy.sonoma.edu appears JS-driven; using Playwright renderer.
[fetch] https://catalog.fullerton.edu/preview_program.php?catoid=80&poid=38417 -> HTTP 200 (text/html; charset=utf-8)
[notice] https://catalog.fullerton.edu/preview_program.php?catoid=80&poid=38417 appears JS-driven; using Playwright renderer.
[fetch] https://sdcc.edu/admissions/undergraduate-admissions -> https://sdcc.edu/admissions/undergraduate-admissions/ -> HTTP 200 (text/html; charset=utf-8)
[notice] https://sdcc.edu/admissions/undergraduate-admissions appears JS-driven; using Playwright renderer.
[fetch] https://www.pacificoaks.edu/admissions/contact-admissions -> https://www.pacificoaks.edu/admissions/contact-admissions/ -> HTTP 200 (text/html; charset=utf-8)
[notice] https://calarts.edu/financial-aid appears JS-driven; using Playwright renderer.
[notice] https://luskin.ucla.edu/undergraduate-program appears JS-driven; using Playwright renderer.
[notice] https://music.calarts.edu/programs/bfa appears JS-driven; using Playwright renderer.
[notice] https://www.pacificoaks.edu/admissions/contact-admissions appears JS-driven; using Playwright renderer.
[fetch] https://admissions.sdsu.edu -> HTTP 200 (text/html; charset=utf-8)
[notice] https://admissions.sdsu.edu appears JS-driven; using Playwright renderer.
[fetch] https://www.pomona.edu/admissions -> HTTP 200 (text/html; charset=utf-8)
[notice] https://www.pomona.edu/admissions appears JS-driven; using Playwright renderer.
[fetch] https://history.calpoly.edu -> HTTP 200 (text/html; charset=utf-8)
[saved] outputs_aiohttp/history.calpoly.edu.txt (chars: 2752)
[fetch] https://ecs.sonoma.edu -> HTTP 200 (text/html; charset=utf-8)
[notice] https://ecs.sonoma.edu appears JS-driven; using Playwright renderer.
[fetch] https://catalog.ucr.edu/preview_program.php?catoid=23&poid=10813 -> https://registrar.ucr.edu/?catoid=23&poid=10813 -> HTTP 200 (text/html; charset=utf-8)
[notice] https://catalog.ucr.edu/preview_program.php?catoid=23&poid=10813 appears JS-driven; using Playwright renderer.
[fetch] https://bellarmine.lmu.edu/economics -> https://bellarmine.lmu.edu/economics/ -> HTTP 200 (text/html; charset=utf-8)
[notice] https://bellarmine.lmu.edu/economics appears JS-driven; using Playwright renderer.
[fetch] https://www.callutheran.edu/financial-aid -> https://www.callutheran.edu/financial-aid/ -> HTTP 200 (text/html; charset=utf-8)
[notice] https://www.callutheran.edu/financial-aid appears JS-driven; using Playwright renderer.
[notice] https://qcb.ucla.edu/undergraduate-program/major appears JS-driven; using Playwright renderer.
[fetch] https://www.csudh.edu/financial-aid -> https://www.csudh.edu/financial-aid/ -> HTTP 200 (text/html;charset=utf-8)
[fetch] https://catalog.ucsd.edu/curric/MATH-ug.html -> HTTP 200 (text/html; charset=utf-8)
[fetch] https://www.minerva.edu/contact -> https://www.minerva.edu/connect/ -> HTTP 200 (text/html; charset=utf-8)
[notice] https://www.minerva.edu/contact appears JS-driven; using Playwright renderer.
[saved] outputs_aiohttp/www.csudh.edu_financial-aid.txt (chars: 2787)
[fetch] https://admissions.ucr.edu/cost -> https://financialaid.ucr.edu/cost -> HTTP 200 (text/html; charset=utf-8)
[notice] https://admissions.ucr.edu/cost appears JS-driven; using Playwright renderer.
[fetch] https://drama.arts.uci.edu/undergraduate-programs -> https://www.arts.uci.edu/drama/programs -> HTTP 200 (text/html; charset=utf-8)
[saved] outputs_aiohttp/drama.arts.uci.edu_undergraduate-programs.txt (chars: 17026)
[fetch] https://english.ucla.edu/undergraduate/major -> https://english.ucla.edu/events/major-mysteries-solved-english-american-lit-undergrad-info-session/ -> HTTP 200 (text/html; charset=utf-8)
[saved] outputs_aiohttp/english.ucla.edu_undergraduate_major.txt (chars: 242)
[fetch] https://www.csusb.edu/admissions -> https://www.csusb.edu/join-the-pack -> HTTP 200 (text/html; charset=utf-8)
[notice] https://www.csusb.edu/admissions appears JS-driven; using Playwright renderer.
[fetch] https://studentaid.gov/articles/8-things-federal-work-study/ -> HTTP 200 (text/html)
[saved] outputs_aiohttp/studentaid.gov_articles_8-things-federal-work-study.txt (chars: 6393)
[fetch] https://music.arts.uci.edu/undergraduate-programs -> https://www.arts.uci.edu/music/programs -> HTTP 200 (text/html; charset=utf-8)
[saved] outputs_aiohttp/music.arts.uci.edu_undergraduate-programs.txt (chars: 12176)
[fetch] https://bellarmine.lmu.edu/catholicstudies -> https://bellarmine.lmu.edu/catholicstudies/ -> HTTP 200 (text/html; charset=utf-8)
[notice] https://bellarmine.lmu.edu/catholicstudies appears JS-driven; using Playwright renderer.
[fetch] https://comm.ucla.edu/undergraduate/major -> https://comm.ucla.edu/undergraduate/major-requirements/ -> HTTP 200 (text/html; charset=utf-8)
[saved] outputs_aiohttp/comm.ucla.edu_undergraduate_major.txt (chars: 9271)
[saved] outputs_aiohttp/catalog.ucsd.edu_curric_MATH-ug.html.txt (chars: 38739)
[fetch] https://history.stanford.edu/academics/undergraduate-program -> https://history.stanford.edu/why-study-history -> HTTP 200 (text/html; charset=utf-8)
[saved] outputs_aiohttp/history.stanford.edu_academics_undergraduate-program.txt (chars: 4712)
[fetch] https://biology.stanford.edu/academics/undergraduate-program -> HTTP 200 (text/html; charset=utf-8)
[saved] outputs_aiohttp/biology.stanford.edu_academics_undergraduate-program.txt (chars: 1040)
[fetch] https://www.hmc.edu/admission/afford/financial-aid -> https://www.hmc.edu/admission/afford/financial-aid-faqs/ -> HTTP 200 (text/html; charset=utf-8)
[saved] outputs_aiohttp/www.hmc.edu_admission_afford_financial-aid.txt (chars: 13541)
[fetch] https://catalogue.usc.edu/preview_program.php?catoid=18&poid=26314 -> https://catalogue.usc.edu/index.php?catoid=18 -> HTTP 200 (text/html; charset=utf-8)
[notice] https://catalogue.usc.edu/preview_program.php?catoid=18&poid=26314 appears JS-driven; using Playwright renderer.
[fetch] https://catalogue.usc.edu/preview_program.php?catoid=18&poid=26313 -> https://catalogue.usc.edu/index.php?catoid=18 -> HTTP 200 (text/html; charset=utf-8)
[notice] https://catalogue.usc.edu/preview_program.php?catoid=18&poid=26313 appears JS-driven; using Playwright renderer.
[fetch] https://www.umassglobal.edu/tuition-and-aid/tuition -> HTTP 200 (text/html; charset=utf-8)
[blocked-login] https://www.umassglobal.edu/tuition-and-aid/tuition redirects to a College Board login wall (https://www.umassglobal.edu/tuition-and-aid/tuition); skipping.
[fetch] https://www.fresno.edu/tuition -> https://www.fresno.edu/departments/student-financial-services/cost-attendance -> HTTP 200 (text/html; charset=utf-8)
[notice] https://www.fresno.edu/tuition appears JS-driven; using Playwright renderer.
[fetch] https://dance.arts.uci.edu/undergraduate-programs -> https://www.arts.uci.edu/dance/programs -> HTTP 200 (text/html; charset=utf-8)
[saved] outputs_aiohttp/dance.arts.uci.edu_undergraduate-programs.txt (chars: 10606)
[fetch] https://catalog.ucr.edu/preview_program.php?catoid=23&poid=10814 -> https://registrar.ucr.edu/?catoid=23&poid=10814 -> HTTP 200 (text/html; charset=utf-8)
[notice] https://catalog.ucr.edu/preview_program.php?catoid=23&poid=10814 appears JS-driven; using Playwright renderer.
[fetch] https://history.ucla.edu/undergraduate/major -> https://history.ucla.edu/academics/undergraduate/academic-advising/major-in-history/ -> HTTP 200 (text/html; charset=utf-8)
[saved] outputs_aiohttp/history.ucla.edu_undergraduate_major.txt (chars: 4942)
[fetch] https://www.nu.edu/admissions/financial-aid -> https://www.nu.edu/admissions/financial-aid-and-scholarships/ -> HTTP 200 (text/html; charset=utf-8)
[fetch] https://simpsonu.edu/undergraduate/admissions -> https://simpsonu.edu/academics/undergraduate-majors/ -> HTTP 200 (text/html; charset=utf-8)
[notice] https://simpsonu.edu/undergraduate/admissions appears JS-driven; using Playwright renderer.
[fetch] https://www.pacific.edu/admission/undergraduate/contact -> HTTP 200 (text/html; charset=utf-8)
[notice] https://www.pacific.edu/admission/undergraduate/contact appears JS-driven; using Playwright renderer.
[fetch] https://www.hmc.edu/admission/apply -> https://www.hmc.edu/admission/apply/ -> HTTP 200 (text/html; charset=utf-8)
[saved] outputs_aiohttp/www.hmc.edu_admission_apply.txt (chars: 3526)
[fetch] https://www.calstatela.edu/admissions/deadlines -> HTTP 200 (text/html; charset=utf-8)
[notice] https://www.calstatela.edu/admissions/deadlines appears JS-driven; using Playwright renderer.
[fetch] https://www.me.caltech.edu/academics/undergraduate-program -> https://mce.caltech.edu/ -> HTTP 200 (text/html; charset=utf-8)
[saved] outputs_aiohttp/www.me.caltech.edu_academics_undergraduate-program.txt (chars: 1356)
[fetch] https://www.be.caltech.edu/academics/undergraduate-program -> https://www.bbe.caltech.edu/academics/bioengineering -> HTTP 200 (text/html; charset=utf-8)
[saved] outputs_aiohttp/www.be.caltech.edu_academics_undergraduate-program.txt (chars: 566)
[notice] https://www.nu.edu/admissions/financial-aid appears JS-driven; using Playwright renderer.
[fetch] https://wvit.calpoly.edu -> HTTP 200 (text/html; charset=utf-8)
[saved] outputs_aiohttp/wvit.calpoly.edu.txt (chars: 909)
[fetch] https://www.fullerton.edu/financialaid -> https://www.fullerton.edu/financialaid/ -> HTTP 200 (text/html)
[notice] https://www.fullerton.edu/financialaid appears JS-driven; using Playwright renderer.
[fetch] https://catalog.ucr.edu/preview_program.php?catoid=23&poid=10815 -> https://registrar.ucr.edu/?catoid=23&poid=10815 -> HTTP 200 (text/html; charset=utf-8)
[notice] https://catalog.ucr.edu/preview_program.php?catoid=23&poid=10815 appears JS-driven; using Playwright renderer.
[fetch] https://www.apu.edu/undergraduate-admissions -> https://www.apu.edu/undergraduate-admissions/ -> HTTP 200 (text/html; charset=utf-8)
[notice] https://www.apu.edu/undergraduate-admissions appears JS-driven; using Playwright renderer.
[fetch] https://music.calpoly.edu -> HTTP 200 (text/html)
[notice] https://music.calpoly.edu appears JS-driven; using Playwright renderer.
[fetch] https://fas.ucsd.edu -> HTTP 200 (text/html; charset=utf-8)
[fetch] https://cfa.lmu.edu/programs/dance -> https://cfa.lmu.edu/programs/dance/ -> HTTP 200 (text/html; charset=utf-8)
[notice] https://cfa.lmu.edu/programs/dance appears JS-driven; using Playwright renderer.
[fetch] https://finaid.caltech.edu -> https://www.finaid.caltech.edu/ -> HTTP 200 (text/html; charset=utf-8)
[saved] outputs_aiohttp/finaid.caltech.edu.txt (chars: 1255)
[fetch] https://studentaid.gov/manage-loans/forgiveness-cancellation -> HTTP 200 (text/html)
[notice] https://studentaid.gov/manage-loans/forgiveness-cancellation appears JS-driven; using Playwright renderer.
[playwright] Using Firefox-first strategy for studentaid.gov
[fetch] https://admissions.humboldt.edu -> https://www.humboldt.edu/admission-aid -> HTTP 200 (text/html; charset=utf-8)
[notice] https://admissions.humboldt.edu appears JS-driven; using Playwright renderer.
[fetch] https://gps.caltech.edu/academics/undergraduate-program -> https://www.gps.caltech.edu/academics/undergraduate-program -> HTTP 200 (text/html; charset=utf-8)
[saved] outputs_aiohttp/gps.caltech.edu_academics_undergraduate-program.txt (chars: 4185)
[fetch] https://www.csub.edu/art -> https://www.csub.edu/art/ -> HTTP 200 (text/html)
[notice] https://www.csub.edu/art appears JS-driven; using Playwright renderer.
[fetch] https://www.westmont.edu/admissions-aid/financial-aid -> HTTP 200 (text/html; charset=utf-8)
[notice] https://www.westmont.edu/admissions-aid/financial-aid appears JS-driven; using Playwright renderer.
[fetch] https://simpsonu.edu/undergraduate/admissions/apply.html -> https://simpsonu.edu/academics/undergraduate-majors/ -> HTTP 200 (text/html; charset=utf-8)
[notice] https://simpsonu.edu/undergraduate/admissions/apply.html appears JS-driven; using Playwright renderer.
[fetch] https://www.csub.edu/admissions -> https://www.csub.edu/admissions/ -> HTTP 200 (text/html)
[notice] https://www.csub.edu/admissions appears JS-driven; using Playwright renderer.
[fetch] https://theater.calarts.edu/programs/acting-bfa -> https://calarts.edu/theater -> HTTP 200 (text/html; charset=utf-8)
[notice] https://theater.calarts.edu/programs/acting-bfa appears JS-driven; using Playwright renderer.
[saved] outputs_aiohttp/fas.ucsd.edu.txt (chars: 2907)
[fetch] https://amcs.sonoma.edu -> https://eslanguages.sonoma.edu/ -> HTTP 200 (text/html; charset=utf-8)
[notice] https://amcs.sonoma.edu appears JS-driven; using Playwright renderer.
[fetch] https://admissions.fullerton.edu -> HTTP 200 (text/html)
[notice] https://admissions.fullerton.edu appears JS-driven; using Playwright renderer.
[fetch] https://www.fresno.edu/admissions/contact -> https://www.fresno.edu/admission -> HTTP 200 (text/html; charset=utf-8)
[notice] https://www.fresno.edu/admissions/contact appears JS-driven; using Playwright renderer.
[fetch] https://catalog.fullerton.edu/preview_program.php?catoid=80&poid=38418 -> HTTP 200 (text/html; charset=utf-8)
[notice] https://catalog.fullerton.edu/preview_program.php?catoid=80&poid=38418 appears JS-driven; using Playwright renderer.
[fetch] https://www.chapman.edu/admission/undergraduate/index.aspx -> HTTP 200 (text/html; charset=utf-8)
[fetch] https://bigfuture.collegeboard.org/pay-for-college/get-started/thinking-about-college-costs -> HTTP 200 (text/html; charset=utf-8)
[saved] outputs_aiohttp/bigfuture.collegeboard.org_pay-for-college_get-started_thinking-about-college-costs.txt (chars: 4351)
[fetch] https://theater.calarts.edu/programs/bfa -> https://calarts.edu/theater -> HTTP 200 (text/html; charset=utf-8)
[error] fetching https://bfa.sdsu.edu/financial/student/tuition: 
[retry] extraction insufficient for https://bfa.sdsu.edu/financial/student/tuition; trying relaxed body text fallback and playwright.request fallback.
[error] fetching https://www.apu.edu/undergraduate-admissions/apply: 
[retry] extraction insufficient for https://www.apu.edu/undergraduate-admissions/apply; trying relaxed body text fallback and playwright.request fallback.
[error] fetching https://theater.calarts.edu/programs/costume-design-bfa: 
[retry] extraction insufficient for https://theater.calarts.edu/programs/costume-design-bfa; trying relaxed body text fallback and playwright.request fallback.
[error] fetching https://wcbc.edu/admissions: 
[retry] extraction insufficient for https://wcbc.edu/admissions; trying relaxed body text fallback and playwright.request fallback.
[error] fetching https://www.chapman.edu/admission/undergraduate/index.aspx: 
[retry] extraction insufficient for https://www.chapman.edu/admission/undergraduate/index.aspx; trying relaxed body text fallback and playwright.request fallback.
[error] fetching https://psycd.calpoly.edu: 
[retry] extraction insufficient for https://psycd.calpoly.edu; trying relaxed body text fallback and playwright.request fallback.
[error] fetching https://landscape.calpoly.edu: 
[retry] extraction insufficient for https://landscape.calpoly.edu; trying relaxed body text fallback and playwright.request fallback.
[error] fetching https://www.chapman.edu/admission/undergraduate/apply/index.aspx: 
[retry] extraction insufficient for https://www.chapman.edu/admission/undergraduate/apply/index.aspx; trying relaxed body text fallback and playwright.request fallback.
[error] fetching https://coms.calpoly.edu: 
[retry] extraction insufficient for https://coms.calpoly.edu; trying relaxed body text fallback and playwright.request fallback.
[error] fetching https://artdesign.calpoly.edu: 
[retry] extraction insufficient for https://artdesign.calpoly.edu; trying relaxed body text fallback and playwright.request fallback.
[error] fetching https://theater.calarts.edu/programs/bfa: 
[retry] extraction insufficient for https://theater.calarts.edu/programs/bfa; trying relaxed body text fallback and playwright.request fallback.
[error] fetching https://seaver.pepperdine.edu/admission: 
[retry] extraction insufficient for https://seaver.pepperdine.edu/admission; trying relaxed body text fallback and playwright.request fallback.
[error] fetching https://admission.usc.edu/apply: 
[retry] extraction insufficient for https://admission.usc.edu/apply; trying relaxed body text fallback and playwright.request fallback.
[error] fetching https://admission.usc.edu: 
[retry] extraction insufficient for https://admission.usc.edu; trying relaxed body text fallback and playwright.request fallback.
[error] fetching https://brae.calpoly.edu: 
[retry] extraction insufficient for https://brae.calpoly.edu; trying relaxed body text fallback and playwright.request fallback.
[error] fetching https://www.biola.edu/undergrad/financial-aid: 
[retry] extraction insufficient for https://www.biola.edu/undergrad/financial-aid; trying relaxed body text fallback and playwright.request fallback.
[error] fetching https://laes.calpoly.edu: 
[retry] extraction insufficient for https://laes.calpoly.edu; trying relaxed body text fallback and playwright.request fallback.
[error] fetching https://www.csum.edu/admissions/undergraduate-admissions/index.html: 
[retry] extraction insufficient for https://www.csum.edu/admissions/undergraduate-admissions/index.html; trying relaxed body text fallback and playwright.request fallback.
[error] fetching https://www.csusm.edu/admissions/how-to-apply/index.html: 
[retry] extraction insufficient for https://www.csusm.edu/admissions/how-to-apply/index.html; trying relaxed body text fallback and playwright.request fallback.
[error] fetching https://sdcc.edu/academics/majors/biblical-studies: 
[retry] extraction insufficient for https://sdcc.edu/academics/majors/biblical-studies; trying relaxed body text fallback and playwright.request fallback.
[error] fetching https://sdcc.edu/academics/majors/business-management: 
[retry] extraction insufficient for https://sdcc.edu/academics/majors/business-management; trying relaxed body text fallback and playwright.request fallback.
[error] fetching https://www.usfca.edu/admission/undergraduate: 
[retry] extraction insufficient for https://www.usfca.edu/admission/undergraduate; trying relaxed body text fallback and playwright.request fallback.
[error] fetching https://cfa.lmu.edu/programs/theatrearts: 
[retry] extraction insufficient for https://cfa.lmu.edu/programs/theatrearts; trying relaxed body text fallback and playwright.request fallback.
[error] fetching https://www.taft.edu/tuition-fees: 
[retry] extraction insufficient for https://www.taft.edu/tuition-fees; trying relaxed body text fallback and playwright.request fallback.
[error] fetching https://chemistry.stanford.edu/academics/undergraduate-program: 
[retry] extraction insufficient for https://chemistry.stanford.edu/academics/undergraduate-program; trying relaxed body text fallback and playwright.request fallback.
[error] fetching https://www.biola.edu/undergrad/admissions: 
[retry] extraction insufficient for https://www.biola.edu/undergrad/admissions; trying relaxed body text fallback and playwright.request fallback.
[error] fetching https://www.ndnu.edu/admissions/undergraduate: 
[retry] extraction insufficient for https://www.ndnu.edu/admissions/undergraduate; trying relaxed body text fallback and playwright.request fallback.
[error] fetching https://www.fresno.edu/financial-aid: 
[retry] extraction insufficient for https://www.fresno.edu/financial-aid; trying relaxed body text fallback and playwright.request fallback.
[error] fetching https://dance.calarts.edu/programs/bfa: 
[retry] extraction insufficient for https://dance.calarts.edu/programs/bfa; trying relaxed body text fallback and playwright.request fallback.
[error] fetching https://bigfuture.collegeboard.org/plan-for-college/apply-to-college/how-to-prepare-for-the-sat: 
[retry] extraction insufficient for https://bigfuture.collegeboard.org/plan-for-college/apply-to-college/how-to-prepare-for-the-sat; trying relaxed body text fallback and playwright.request fallback.
[error] fetching https://sdcc.edu/academics/majors/biological-science: 
[retry] extraction insufficient for https://sdcc.edu/academics/majors/biological-science; trying relaxed body text fallback and playwright.request fallback.
[error] fetching https://financialaid.sfsu.edu: 
[retry] extraction insufficient for https://financialaid.sfsu.edu; trying relaxed body text fallback and playwright.request fallback.
[error] fetching https://lasierra.edu/art/undergraduate-programs: 
[retry] extraction insufficient for https://lasierra.edu/art/undergraduate-programs; trying relaxed body text fallback and playwright.request fallback.
[error] fetching https://www.cca.edu/admissions/undergraduate: 
[retry] extraction insufficient for https://www.cca.edu/admissions/undergraduate; trying relaxed body text fallback and playwright.request fallback.
[error] fetching https://ee.sonoma.edu: 
[retry] extraction insufficient for https://ee.sonoma.edu; trying relaxed body text fallback and playwright.request fallback.
[error] fetching https://www.otis.edu/financial-aid: 
[retry] extraction insufficient for https://www.otis.edu/financial-aid; trying relaxed body text fallback and playwright.request fallback.
[error] fetching https://catalogue.usc.edu/preview_program.php?catoid=18&poid=26380: 
[retry] extraction insufficient for https://catalogue.usc.edu/preview_program.php?catoid=18&poid=26380; trying relaxed body text fallback and playwright.request fallback.
[error] fetching https://catalogue.usc.edu/preview_program.php?catoid=18&poid=26384: 
[retry] extraction insufficient for https://catalogue.usc.edu/preview_program.php?catoid=18&poid=26384; trying relaxed body text fallback and playwright.request fallback.
[error] fetching https://catalog.sjsu.edu/preview_program.php?catoid=13&poid=6385: 
[retry] extraction insufficient for https://catalog.sjsu.edu/preview_program.php?catoid=13&poid=6385; trying relaxed body text fallback and playwright.request fallback.
[error] fetching https://catalog.ucr.edu/preview_program.php?catoid=23&poid=10818: 
[retry] extraction insufficient for https://catalog.ucr.edu/preview_program.php?catoid=23&poid=10818; trying relaxed body text fallback and playwright.request fallback.
[error] fetching https://theater.calarts.edu/programs/stage-management-bfa: 
[retry] extraction insufficient for https://theater.calarts.edu/programs/stage-management-bfa; trying relaxed body text fallback and playwright.request fallback.
[error] fetching https://www.csusb.edu/admissions/contact-us: 
[retry] extraction insufficient for https://www.csusb.edu/admissions/contact-us; trying relaxed body text fallback and playwright.request fallback.
[error] fetching https://theater.calarts.edu/programs/sound-design-bfa: 
[retry] extraction insufficient for https://theater.calarts.edu/programs/sound-design-bfa; trying relaxed body text fallback and playwright.request fallback.
[error] fetching https://theater.calarts.edu/programs/scene-design-bfa: 
[retry] extraction insufficient for https://theater.calarts.edu/programs/scene-design-bfa; trying relaxed body text fallback and playwright.request fallback.
[error] fetching https://catalog.ucr.edu/preview_program.php?catoid=23&poid=10817: 
[retry] extraction insufficient for https://catalog.ucr.edu/preview_program.php?catoid=23&poid=10817; trying relaxed body text fallback and playwright.request fallback.
[error] fetching https://www.csusb.edu/financial-aid: 
[retry] extraction insufficient for https://www.csusb.edu/financial-aid; trying relaxed body text fallback and playwright.request fallback.
[error] fetching https://theater.calarts.edu/programs/lighting-design-bfa: 
[retry] extraction insufficient for https://theater.calarts.edu/programs/lighting-design-bfa; trying relaxed body text fallback and playwright.request fallback.
[error] fetching https://www.csusb.edu/student-financial-services/tuition-and-fees: 
[retry] extraction insufficient for https://www.csusb.edu/student-financial-services/tuition-and-fees; trying relaxed body text fallback and playwright.request fallback.
[error] fetching https://bigfuture.collegeboard.org/pay-for-college/get-started/how-to-start-saving-for-college: 
[retry] extraction insufficient for https://bigfuture.collegeboard.org/pay-for-college/get-started/how-to-start-saving-for-college; trying relaxed body text fallback and playwright.request fallback.
[error] fetching https://catalog.sjsu.edu/preview_program.php?catoid=13&poid=6384: 
[retry] extraction insufficient for https://catalog.sjsu.edu/preview_program.php?catoid=13&poid=6384; trying relaxed body text fallback and playwright.request fallback.
[error] fetching https://catalog.ucr.edu/preview_program.php?catoid=23&poid=10816: 
[retry] extraction insufficient for https://catalog.ucr.edu/preview_program.php?catoid=23&poid=10816; trying relaxed body text fallback and playwright.request fallback.
[error] fetching https://music.calarts.edu/programs/world-music-performance-bfa: 
[retry] extraction insufficient for https://music.calarts.edu/programs/world-music-performance-bfa; trying relaxed body text fallback and playwright.request fallback.
[error] fetching https://music.calarts.edu/programs/jazz-studies-bfa: 
[retry] extraction insufficient for https://music.calarts.edu/programs/jazz-studies-bfa; trying relaxed body text fallback and playwright.request fallback.
[error] fetching https://www.csun.edu/financialaid: 
[retry] extraction insufficient for https://www.csun.edu/financialaid; trying relaxed body text fallback and playwright.request fallback.
[error] fetching https://www.csun.edu/stufin/tuition: 
[retry] extraction insufficient for https://www.csun.edu/stufin/tuition; trying relaxed body text fallback and playwright.request fallback.
[error] fetching https://art.calarts.edu/programs/photography-and-media-bfa: 
[retry] extraction insufficient for https://art.calarts.edu/programs/photography-and-media-bfa; trying relaxed body text fallback and playwright.request fallback.
[error] fetching https://art.calarts.edu/programs/graphic-design-bfa: 
[retry] extraction insufficient for https://art.calarts.edu/programs/graphic-design-bfa; trying relaxed body text fallback and playwright.request fallback.
[error] fetching https://csumb.edu/catalog/programs/undergraduate/visual-and-public-art-ba: 
[retry] extraction insufficient for https://csumb.edu/catalog/programs/undergraduate/visual-and-public-art-ba; trying relaxed body text fallback and playwright.request fallback.
[error] fetching https://art.calarts.edu/programs/bfa: 
[retry] extraction insufficient for https://art.calarts.edu/programs/bfa; trying relaxed body text fallback and playwright.request fallback.
[error] fetching https://catalog.sjsu.edu/preview_program.php?catoid=13&poid=6383: 
[retry] extraction insufficient for https://catalog.sjsu.edu/preview_program.php?catoid=13&poid=6383; trying relaxed body text fallback and playwright.request fallback.
[error] fetching https://csumb.edu/catalog/programs/undergraduate/sustainable-hospitality-management-bs: 
[retry] extraction insufficient for https://csumb.edu/catalog/programs/undergraduate/sustainable-hospitality-management-bs; trying relaxed body text fallback and playwright.request fallback.
[error] fetching https://www.cca.edu/admissions/contact: 
[retry] extraction insufficient for https://www.cca.edu/admissions/contact; trying relaxed body text fallback and playwright.request fallback.
[error] fetching https://www.cpp.edu/financial-aid/index.shtml: 
[retry] extraction insufficient for https://www.cpp.edu/financial-aid/index.shtml; trying relaxed body text fallback and playwright.request fallback.
[error] fetching https://csumb.edu/catalog/programs/undergraduate/statistics-bs: 
[retry] extraction insufficient for https://csumb.edu/catalog/programs/undergraduate/statistics-bs; trying relaxed body text fallback and playwright.request fallback.
[error] fetching https://www.artcenter.edu/academics/undergraduate-degrees/transportation-design/overview.html: 
[retry] extraction insufficient for https://www.artcenter.edu/academics/undergraduate-degrees/transportation-design/overview.html; trying relaxed body text fallback and playwright.request fallback.
[error] fetching https://www.artcenter.edu/academics/undergraduate-degrees/spatial-experience-design/overview.html: 
[retry] extraction insufficient for https://www.artcenter.edu/academics/undergraduate-degrees/spatial-experience-design/overview.html; trying relaxed body text fallback and playwright.request fallback.
[error] fetching https://catalogue.usc.edu/preview_program.php?catoid=18&poid=26394: 
[retry] extraction insufficient for https://catalogue.usc.edu/preview_program.php?catoid=18&poid=26394; trying relaxed body text fallback and playwright.request fallback.
[error] fetching https://english.calpoly.edu: 
[retry] extraction insufficient for https://english.calpoly.edu; trying relaxed body text fallback and playwright.request fallback.
[error] fetching https://catalogue.usc.edu/preview_program.php?catoid=18&poid=26393: 
[retry] extraction insufficient for https://catalogue.usc.edu/preview_program.php?catoid=18&poid=26393; trying relaxed body text fallback and playwright.request fallback.
[error] fetching https://csumb.edu/catalog/programs/undergraduate/spanish-language-and-hispanic-cultures-ba: 
[retry] extraction insufficient for https://csumb.edu/catalog/programs/undergraduate/spanish-language-and-hispanic-cultures-ba; trying relaxed body text fallback and playwright.request fallback.
[error] fetching https://www.artcenter.edu/academics/undergraduate-degrees/product-design/overview.html: 
[retry] extraction insufficient for https://www.artcenter.edu/academics/undergraduate-degrees/product-design/overview.html; trying relaxed body text fallback and playwright.request fallback.
[error] fetching https://www.artcenter.edu/academics/undergraduate-degrees/interaction-design/overview.html: 
[retry] extraction insufficient for https://www.artcenter.edu/academics/undergraduate-degrees/interaction-design/overview.html; trying relaxed body text fallback and playwright.request fallback.
[error] fetching https://csumb.edu/catalog/programs/undergraduate/social-and-behavioral-sciences-ba: 
[retry] extraction insufficient for https://csumb.edu/catalog/programs/undergraduate/social-and-behavioral-sciences-ba; trying relaxed body text fallback and playwright.request fallback.
[error] fetching https://www.artcenter.edu/academics/undergraduate-degrees/illustration/overview.html: 
[retry] extraction insufficient for https://www.artcenter.edu/academics/undergraduate-degrees/illustration/overview.html; trying relaxed body text fallback and playwright.request fallback.
[error] fetching https://www.artcenter.edu/academics/undergraduate-degrees/graphic-design/overview.html: 
[retry] extraction insufficient for https://www.artcenter.edu/academics/undergraduate-degrees/graphic-design/overview.html; trying relaxed body text fallback and playwright.request fallback.
[error] fetching https://catalog.sjsu.edu/preview_program.php?catoid=13&poid=6382: 
[retry] extraction insufficient for https://catalog.sjsu.edu/preview_program.php?catoid=13&poid=6382; trying relaxed body text fallback and playwright.request fallback.
[error] fetching https://financialaid.ucr.edu: 
[retry] extraction insufficient for https://financialaid.ucr.edu; trying relaxed body text fallback and playwright.request fallback.
[error] fetching https://csumb.edu/catalog/programs/undergraduate/psychology-ba: 
[retry] extraction insufficient for https://csumb.edu/catalog/programs/undergraduate/psychology-ba; trying relaxed body text fallback and playwright.request fallback.
[error] fetching https://www.artcenter.edu/academics/undergraduate-degrees/fine-art/overview.html: 
[retry] extraction insufficient for https://www.artcenter.edu/academics/undergraduate-degrees/fine-art/overview.html; trying relaxed body text fallback and playwright.request fallback.
[error] fetching https://catalogue.usc.edu/preview_program.php?catoid=18&poid=26389: 
[retry] extraction insufficient for https://catalogue.usc.edu/preview_program.php?catoid=18&poid=26389; trying relaxed body text fallback and playwright.request fallback.
[error] fetching https://www.artcenter.edu/academics/undergraduate-degrees/film/overview.html: 
[retry] extraction insufficient for https://www.artcenter.edu/academics/undergraduate-degrees/film/overview.html; trying relaxed body text fallback and playwright.request fallback.
[error] fetching https://csumb.edu/catalog/programs/undergraduate/nursing-bsn: 
[retry] extraction insufficient for https://csumb.edu/catalog/programs/undergraduate/nursing-bsn; trying relaxed body text fallback and playwright.request fallback.
[error] fetching https://www.artcenter.edu/academics/undergraduate-degrees/environmental-design/overview.html: 
[retry] extraction insufficient for https://www.artcenter.edu/academics/undergraduate-degrees/environmental-design/overview.html; trying relaxed body text fallback and playwright.request fallback.
[error] fetching https://www.artcenter.edu/academics/undergraduate-degrees/entertainment-design/overview.html: 
[retry] extraction insufficient for https://www.artcenter.edu/academics/undergraduate-degrees/entertainment-design/overview.html; trying relaxed body text fallback and playwright.request fallback.
[error] fetching https://agb.calpoly.edu: 
[retry] extraction insufficient for https://agb.calpoly.edu; trying relaxed body text fallback and playwright.request fallback.
[error] fetching https://catalogue.usc.edu/preview_program.php?catoid=18&poid=26381: 
[retry] extraction insufficient for https://catalogue.usc.edu/preview_program.php?catoid=18&poid=26381; trying relaxed body text fallback and playwright.request fallback.
[error] fetching https://csumb.edu/catalog/programs/undergraduate/music-ba: 
[retry] extraction insufficient for https://csumb.edu/catalog/programs/undergraduate/music-ba; trying relaxed body text fallback and playwright.request fallback.
[error] fetching https://www.artcenter.edu/academics/undergraduate-degrees/advertising/overview.html: 
[retry] extraction insufficient for https://www.artcenter.edu/academics/undergraduate-degrees/advertising/overview.html; trying relaxed body text fallback and playwright.request fallback.
[error] fetching https://catalogue.usc.edu/preview_program.php?catoid=18&poid=26385: 
[retry] extraction insufficient for https://catalogue.usc.edu/preview_program.php?catoid=18&poid=26385; trying relaxed body text fallback and playwright.request fallback.
[error] fetching https://www.csub.edu/kinesiology: 
[retry] extraction insufficient for https://www.csub.edu/kinesiology; trying relaxed body text fallback and playwright.request fallback.
[error] fetching https://catalogue.usc.edu/preview_program.php?catoid=18&poid=26390: 
[retry] extraction insufficient for https://catalogue.usc.edu/preview_program.php?catoid=18&poid=26390; trying relaxed body text fallback and playwright.request fallback.
[error] fetching https://www.artcenter.edu/admissions/contact.html: 
[retry] extraction insufficient for https://www.artcenter.edu/admissions/contact.html; trying relaxed body text fallback and playwright.request fallback.
[error] fetching https://catalogue.usc.edu/preview_program.php?catoid=18&poid=26379: 
[retry] extraction insufficient for https://catalogue.usc.edu/preview_program.php?catoid=18&poid=26379; trying relaxed body text fallback and playwright.request fallback.
[error] fetching https://csumb.edu/catalog/programs/undergraduate/mathematics-bs: 
[retry] extraction insufficient for https://csumb.edu/catalog/programs/undergraduate/mathematics-bs; trying relaxed body text fallback and playwright.request fallback.
[error] fetching https://simpsonu.edu/undergraduate/admissions/contact.html: 
[retry] extraction insufficient for https://simpsonu.edu/undergraduate/admissions/contact.html; trying relaxed body text fallback and playwright.request fallback.
[error] fetching https://simpsonu.edu/undergraduate/financial-aid: 
[retry] extraction insufficient for https://simpsonu.edu/undergraduate/financial-aid; trying relaxed body text fallback and playwright.request fallback.
[error] fetching https://catalog.sjsu.edu/preview_program.php?catoid=13&poid=6381: 
[retry] extraction insufficient for https://catalog.sjsu.edu/preview_program.php?catoid=13&poid=6381; trying relaxed body text fallback and playwright.request fallback.
[error] fetching https://csumb.edu/catalog/programs/undergraduate/marine-science-bs: 
[retry] extraction insufficient for https://csumb.edu/catalog/programs/undergraduate/marine-science-bs; trying relaxed body text fallback and playwright.request fallback.
[error] fetching https://simpsonu.edu/undergraduate/financial-aid/tuition-fees.html: 
[retry] extraction insufficient for https://simpsonu.edu/undergraduate/financial-aid/tuition-fees.html; trying relaxed body text fallback and playwright.request fallback.
[error] fetching https://simpsonu.edu/undergraduate/admissions/dates.html: 
[retry] extraction insufficient for https://simpsonu.edu/undergraduate/admissions/dates.html; trying relaxed body text fallback and playwright.request fallback.
[error] fetching https://csumb.edu/catalog/programs/undergraduate/liberal-studies-ba: 
[retry] extraction insufficient for https://csumb.edu/catalog/programs/undergraduate/liberal-studies-ba; trying relaxed body text fallback and playwright.request fallback.
[error] fetching https://simpsonu.edu/undergraduate/admissions/requirements.html: 
[retry] extraction insufficient for https://simpsonu.edu/undergraduate/admissions/requirements.html; trying relaxed body text fallback and playwright.request fallback.
[error] fetching https://catalog.ucmerced.edu/preview_program.php?catoid=24&poid=3516: 
[retry] extraction insufficient for https://catalog.ucmerced.edu/preview_program.php?catoid=24&poid=3516; trying relaxed body text fallback and playwright.request fallback.
[error] fetching https://csumb.edu/catalog/programs/undergraduate/kinesiology-bs: 
[retry] extraction insufficient for https://csumb.edu/catalog/programs/undergraduate/kinesiology-bs; trying relaxed body text fallback and playwright.request fallback.
[error] fetching https://lasierra.edu/communication/undergraduate-programs: 
[retry] extraction insufficient for https://lasierra.edu/communication/undergraduate-programs; trying relaxed body text fallback and playwright.request fallback.
[error] fetching https://catalogue.usc.edu/preview_program.php?catoid=18&poid=26365: 
[retry] extraction insufficient for https://catalogue.usc.edu/preview_program.php?catoid=18&poid=26365; trying relaxed body text fallback and playwright.request fallback.
[error] fetching https://catalogue.usc.edu/preview_program.php?catoid=18&poid=26374: 
[retry] extraction insufficient for https://catalogue.usc.edu/preview_program.php?catoid=18&poid=26374; trying relaxed body text fallback and playwright.request fallback.
[error] fetching https://catalogue.usc.edu/preview_program.php?catoid=18&poid=26372: 
[retry] extraction insufficient for https://catalogue.usc.edu/preview_program.php?catoid=18&poid=26372; trying relaxed body text fallback and playwright.request fallback.
[error] fetching https://csumb.edu/catalog/programs/undergraduate/humanities-communication-ba: 
[retry] extraction insufficient for https://csumb.edu/catalog/programs/undergraduate/humanities-communication-ba; trying relaxed body text fallback and playwright.request fallback.
[error] fetching https://catalogue.usc.edu/preview_program.php?catoid=18&poid=26366: 
[retry] extraction insufficient for https://catalogue.usc.edu/preview_program.php?catoid=18&poid=26366; trying relaxed body text fallback and playwright.request fallback.
[error] fetching https://catalog.ucsd.edu/curric/NANO-ug.html: 
[retry] extraction insufficient for https://catalog.ucsd.edu/curric/NANO-ug.html; trying relaxed body text fallback and playwright.request fallback.
[error] fetching https://catalogue.usc.edu/preview_program.php?catoid=18&poid=26368: 
[retry] extraction insufficient for https://catalogue.usc.edu/preview_program.php?catoid=18&poid=26368; trying relaxed body text fallback and playwright.request fallback.
[error] fetching https://catalogue.usc.edu/preview_program.php?catoid=18&poid=26353: 
[retry] extraction insufficient for https://catalogue.usc.edu/preview_program.php?catoid=18&poid=26353; trying relaxed body text fallback and playwright.request fallback.
[error] fetching https://catalogue.usc.edu/preview_program.php?catoid=18&poid=26392: 
[retry] extraction insufficient for https://catalogue.usc.edu/preview_program.php?catoid=18&poid=26392; trying relaxed body text fallback and playwright.request fallback.
[error] fetching https://www.calpoly.edu/admissions/first-year-student/selection-criteria: 
[retry] extraction insufficient for https://www.calpoly.edu/admissions/first-year-student/selection-criteria; trying relaxed body text fallback and playwright.request fallback.
[error] fetching https://catalogue.usc.edu/preview_program.php?catoid=18&poid=26362: 
[retry] extraction insufficient for https://catalogue.usc.edu/preview_program.php?catoid=18&poid=26362; trying relaxed body text fallback and playwright.request fallback.
[error] fetching https://catalogue.usc.edu/preview_program.php?catoid=18&poid=26361: 
[retry] extraction insufficient for https://catalogue.usc.edu/preview_program.php?catoid=18&poid=26361; trying relaxed body text fallback and playwright.request fallback.
[error] fetching https://catalog.sjsu.edu/preview_program.php?catoid=13&poid=6380: 
[retry] extraction insufficient for https://catalog.sjsu.edu/preview_program.php?catoid=13&poid=6380; trying relaxed body text fallback and playwright.request fallback.
[error] fetching https://catalog.ucmerced.edu/preview_program.php?catoid=24&poid=3515: 
[retry] extraction insufficient for https://catalog.ucmerced.edu/preview_program.php?catoid=24&poid=3515; trying relaxed body text fallback and playwright.request fallback.
[error] fetching https://csumb.edu/catalog/programs/undergraduate/human-development-and-family-science-ba: 
[retry] extraction insufficient for https://csumb.edu/catalog/programs/undergraduate/human-development-and-family-science-ba; trying relaxed body text fallback and playwright.request fallback.
[error] fetching https://catalogue.usc.edu/preview_program.php?catoid=18&poid=26358: 
[retry] extraction insufficient for https://catalogue.usc.edu/preview_program.php?catoid=18&poid=26358; trying relaxed body text fallback and playwright.request fallback.
[error] fetching https://csumb.edu/catalog/programs/undergraduate/global-studies-ba: 
[retry] extraction insufficient for https://csumb.edu/catalog/programs/undergraduate/global-studies-ba; trying relaxed body text fallback and playwright.request fallback.
[error] fetching https://www.westcliff.edu/contact-us: 
[retry] extraction insufficient for https://www.westcliff.edu/contact-us; trying relaxed body text fallback and playwright.request fallback.
[error] fetching https://catalog.ucmerced.edu/preview_program.php?catoid=24&poid=3514: 
[retry] extraction insufficient for https://catalog.ucmerced.edu/preview_program.php?catoid=24&poid=3514; trying relaxed body text fallback and playwright.request fallback.
[error] fetching https://csumb.edu/catalog/programs/undergraduate/environmental-science-technology-policy-bs: 
[retry] extraction insufficient for https://csumb.edu/catalog/programs/undergraduate/environmental-science-technology-policy-bs; trying relaxed body text fallback and playwright.request fallback.
[error] fetching https://www.westcliff.edu/admissions/financial-aid: 
[retry] extraction insufficient for https://www.westcliff.edu/admissions/financial-aid; trying relaxed body text fallback and playwright.request fallback.
[error] fetching https://csumb.edu/catalog/programs/undergraduate/computer-science-bs: 
[retry] extraction insufficient for https://csumb.edu/catalog/programs/undergraduate/computer-science-bs; trying relaxed body text fallback and playwright.request fallback.
[error] fetching https://www.thomasaquinas.edu/admissions/apply#deadlines: 
[retry] extraction insufficient for https://www.thomasaquinas.edu/admissions/apply#deadlines; trying relaxed body text fallback and playwright.request fallback.
[error] fetching https://www.thomasaquinas.edu/admissions/apply: 
[retry] extraction insufficient for https://www.thomasaquinas.edu/admissions/apply; trying relaxed body text fallback and playwright.request fallback.
[error] fetching https://catalog.sjsu.edu/preview_program.php?catoid=13&poid=6379: 
[retry] extraction insufficient for https://catalog.sjsu.edu/preview_program.php?catoid=13&poid=6379; trying relaxed body text fallback and playwright.request fallback.
[error] fetching https://catalog.ucmerced.edu/preview_program.php?catoid=24&poid=3513: 
[retry] extraction insufficient for https://catalog.ucmerced.edu/preview_program.php?catoid=24&poid=3513; trying relaxed body text fallback and playwright.request fallback.
[error] fetching https://csumb.edu/catalog/programs/undergraduate/communication-design-ba: 
[retry] extraction insufficient for https://csumb.edu/catalog/programs/undergraduate/communication-design-ba; trying relaxed body text fallback and playwright.request fallback.
[error] fetching https://www.westmont.edu/theatre-arts: 
[retry] extraction insufficient for https://www.westmont.edu/theatre-arts; trying relaxed body text fallback and playwright.request fallback.
[error] fetching https://csumb.edu/catalog/programs/undergraduate/collaborative-health-and-human-services-ba: 
[retry] extraction insufficient for https://csumb.edu/catalog/programs/undergraduate/collaborative-health-and-human-services-ba; trying relaxed body text fallback and playwright.request fallback.
[error] fetching https://www.westmont.edu/social-science: 
[retry] extraction insufficient for https://www.westmont.edu/social-science; trying relaxed body text fallback and playwright.request fallback.
[error] fetching https://www.westmont.edu/religious-studies: 
[retry] extraction insufficient for https://www.westmont.edu/religious-studies; trying relaxed body text fallback and playwright.request fallback.
[error] fetching https://catalog.ucmerced.edu/preview_program.php?catoid=24&poid=3512: 
[retry] extraction insufficient for https://catalog.ucmerced.edu/preview_program.php?catoid=24&poid=3512; trying relaxed body text fallback and playwright.request fallback.
[error] fetching https://csumb.edu/catalog/programs/undergraduate/cinematic-arts-and-technology-ba: 
[retry] extraction insufficient for https://csumb.edu/catalog/programs/undergraduate/cinematic-arts-and-technology-ba; trying relaxed body text fallback and playwright.request fallback.
[error] fetching https://www.westmont.edu/psychology: 
[retry] extraction insufficient for https://www.westmont.edu/psychology; trying relaxed body text fallback and playwright.request fallback.
[error] fetching https://www.westmont.edu/political-science: 
[retry] extraction insufficient for https://www.westmont.edu/political-science; trying relaxed body text fallback and playwright.request fallback.
[error] fetching https://csumb.edu/catalog/programs/undergraduate/business-administration-bs: 
[retry] extraction insufficient for https://csumb.edu/catalog/programs/undergraduate/business-administration-bs; trying relaxed body text fallback and playwright.request fallback.
[error] fetching https://www.westmont.edu/physics: 
[retry] extraction insufficient for https://www.westmont.edu/physics; trying relaxed body text fallback and playwright.request fallback.
[error] fetching https://www.westmont.edu/philosophy: 
[retry] extraction insufficient for https://www.westmont.edu/philosophy; trying relaxed body text fallback and playwright.request fallback.
[error] fetching https://catalog.ucsd.edu/curric/VIS-ug.html: 
[retry] extraction insufficient for https://catalog.ucsd.edu/curric/VIS-ug.html; trying relaxed body text fallback and playwright.request fallback.
[error] fetching https://catalog.sjsu.edu/preview_program.php?catoid=13&poid=6422: 
[retry] extraction insufficient for https://catalog.sjsu.edu/preview_program.php?catoid=13&poid=6422; trying relaxed body text fallback and playwright.request fallback.
[error] fetching https://catalog.sjsu.edu/preview_program.php?catoid=13&poid=6378: 
[retry] extraction insufficient for https://catalog.sjsu.edu/preview_program.php?catoid=13&poid=6378; trying relaxed body text fallback and playwright.request fallback.
[error] fetching https://catalog.ucmerced.edu/preview_program.php?catoid=24&poid=3511: 
[retry] extraction insufficient for https://catalog.ucmerced.edu/preview_program.php?catoid=24&poid=3511; trying relaxed body text fallback and playwright.request fallback.
[error] fetching https://csumb.edu/catalog/programs/undergraduate/biology-bs: 
[retry] extraction insufficient for https://csumb.edu/catalog/programs/undergraduate/biology-bs; trying relaxed body text fallback and playwright.request fallback.
[error] fetching https://www.westmont.edu/music: 
[retry] extraction insufficient for https://www.westmont.edu/music; trying relaxed body text fallback and playwright.request fallback.
[error] fetching https://www.westmont.edu/modern-languages: 
[retry] extraction insufficient for https://www.westmont.edu/modern-languages; trying relaxed body text fallback and playwright.request fallback.
[error] fetching https://csumb.edu/catalog/programs/undergraduate/agricultural-plant-and-soil-sciences-bs: 
[retry] extraction insufficient for https://csumb.edu/catalog/programs/undergraduate/agricultural-plant-and-soil-sciences-bs; trying relaxed body text fallback and playwright.request fallback.
[error] fetching https://www.westmont.edu/mathematics: 
[retry] extraction insufficient for https://www.westmont.edu/mathematics; trying relaxed body text fallback and playwright.request fallback.
[error] fetching https://www.westmont.edu/liberal-studies: 
[retry] extraction insufficient for https://www.westmont.edu/liberal-studies; trying relaxed body text fallback and playwright.request fallback.
[error] fetching https://catalog.ucmerced.edu/preview_program.php?catoid=24&poid=3510: 
[retry] extraction insufficient for https://catalog.ucmerced.edu/preview_program.php?catoid=24&poid=3510; trying relaxed body text fallback and playwright.request fallback.
[error] fetching https://www.csum.edu/oceanography: 
[retry] extraction insufficient for https://www.csum.edu/oceanography; trying relaxed body text fallback and playwright.request fallback.
[error] fetching https://www.westmont.edu/kinesiology: 
[retry] extraction insufficient for https://www.westmont.edu/kinesiology; trying relaxed body text fallback and playwright.request fallback.
[error] fetching https://www.westmont.edu/history: 
[retry] extraction insufficient for https://www.westmont.edu/history; trying relaxed body text fallback and playwright.request fallback.
[error] fetching https://www.csum.edu/fet: 
[retry] extraction insufficient for https://www.csum.edu/fet; trying relaxed body text fallback and playwright.request fallback.
[error] fetching https://www.westmont.edu/environmental-studies: 
[retry] extraction insufficient for https://www.westmont.edu/environmental-studies; trying relaxed body text fallback and playwright.request fallback.
[error] fetching https://www.westmont.edu/english: 
[retry] extraction insufficient for https://www.westmont.edu/english; trying relaxed body text fallback and playwright.request fallback.
[error] fetching https://catalogue.usc.edu/preview_program.php?catoid=18&poid=26335: 
[retry] extraction insufficient for https://catalogue.usc.edu/preview_program.php?catoid=18&poid=26335; trying relaxed body text fallback and playwright.request fallback.
[error] fetching https://catalogue.usc.edu/preview_program.php?catoid=18&poid=26334: 
[retry] extraction insufficient for https://catalogue.usc.edu/preview_program.php?catoid=18&poid=26334; trying relaxed body text fallback and playwright.request fallback.
[error] fetching https://catalog.sjsu.edu/preview_program.php?catoid=13&poid=6377: 
[retry] extraction insufficient for https://catalog.sjsu.edu/preview_program.php?catoid=13&poid=6377; trying relaxed body text fallback and playwright.request fallback.
[error] fetching https://catalog.ucmerced.edu/preview_program.php?catoid=24&poid=3509: 
[retry] extraction insufficient for https://catalog.ucmerced.edu/preview_program.php?catoid=24&poid=3509; trying relaxed body text fallback and playwright.request fallback.
[error] fetching https://www.csum.edu/mechanical-engineering: 
[retry] extraction insufficient for https://www.csum.edu/mechanical-engineering; trying relaxed body text fallback and playwright.request fallback.
[error] fetching https://www.westmont.edu/education: 
[retry] extraction insufficient for https://www.westmont.edu/education; trying relaxed body text fallback and playwright.request fallback.
[error] fetching https://www.westmont.edu/data-analytics: 
[retry] extraction insufficient for https://www.westmont.edu/data-analytics; trying relaxed body text fallback and playwright.request fallback.
[error] fetching https://www.csum.edu/mt: 
[retry] extraction insufficient for https://www.csum.edu/mt; trying relaxed body text fallback and playwright.request fallback.
[error] fetching https://www.westmont.edu/computer-science: 
[retry] extraction insufficient for https://www.westmont.edu/computer-science; trying relaxed body text fallback and playwright.request fallback.
[error] fetching https://www.westmont.edu/communication-studies: 
[retry] extraction insufficient for https://www.westmont.edu/communication-studies; trying relaxed body text fallback and playwright.request fallback.
[error] fetching https://catalog.ucmerced.edu/preview_program.php?catoid=24&poid=3508: 
[retry] extraction insufficient for https://catalog.ucmerced.edu/preview_program.php?catoid=24&poid=3508; trying relaxed body text fallback and playwright.request fallback.
[error] fetching https://www.csum.edu/met: 
[retry] extraction insufficient for https://www.csum.edu/met; trying relaxed body text fallback and playwright.request fallback.
[error] fetching https://www.westmont.edu/chemistry: 
[retry] extraction insufficient for https://www.westmont.edu/chemistry; trying relaxed body text fallback and playwright.request fallback.
[error] fetching https://www.westmont.edu/biology: 
[retry] extraction insufficient for https://www.westmont.edu/biology; trying relaxed body text fallback and playwright.request fallback.
[error] fetching https://www.csum.edu/gsma: 
[retry] extraction insufficient for https://www.csum.edu/gsma; trying relaxed body text fallback and playwright.request fallback.
[error] fetching https://www.westmont.edu/art: 
[retry] extraction insufficient for https://www.westmont.edu/art; trying relaxed body text fallback and playwright.request fallback.
[error] fetching https://catalogue.usc.edu/preview_program.php?catoid=18&poid=26345: 
[retry] extraction insufficient for https://catalogue.usc.edu/preview_program.php?catoid=18&poid=26345; trying relaxed body text fallback and playwright.request fallback.
[error] fetching https://catalog.sjsu.edu/preview_program.php?catoid=13&poid=6376: 
[retry] extraction insufficient for https://catalog.sjsu.edu/preview_program.php?catoid=13&poid=6376; trying relaxed body text fallback and playwright.request fallback.
[error] fetching https://catalog.ucmerced.edu/preview_program.php?catoid=24&poid=3507: 
[retry] extraction insufficient for https://catalog.ucmerced.edu/preview_program.php?catoid=24&poid=3507; trying relaxed body text fallback and playwright.request fallback.
[error] fetching https://www.csum.edu/ibl: 
[retry] extraction insufficient for https://www.csum.edu/ibl; trying relaxed body text fallback and playwright.request fallback.
[error] fetching https://catalogue.usc.edu/preview_program.php?catoid=18&poid=26322: 
[retry] extraction insufficient for https://catalogue.usc.edu/preview_program.php?catoid=18&poid=26322; trying relaxed body text fallback and playwright.request fallback.
[error] fetching https://www.csum.edu/admissions/contact-us.html: 
[retry] extraction insufficient for https://www.csum.edu/admissions/contact-us.html; trying relaxed body text fallback and playwright.request fallback.
[error] fetching https://www.whittier.edu/academics/theatre: 
[retry] extraction insufficient for https://www.whittier.edu/academics/theatre; trying relaxed body text fallback and playwright.request fallback.
[error] fetching https://www.whittier.edu/academics/sociology: 
[retry] extraction insufficient for https://www.whittier.edu/academics/sociology; trying relaxed body text fallback and playwright.request fallback.
[error] fetching https://catalog.sjsu.edu/preview_program.php?catoid=13&poid=6417: 
[retry] extraction insufficient for https://catalog.sjsu.edu/preview_program.php?catoid=13&poid=6417; trying relaxed body text fallback and playwright.request fallback.
[error] fetching https://catalog.ucmerced.edu/preview_program.php?catoid=24&poid=3506: 
[retry] extraction insufficient for https://catalog.ucmerced.edu/preview_program.php?catoid=24&poid=3506; trying relaxed body text fallback and playwright.request fallback.
[error] fetching https://www.csum.edu/costs-aid/financial-aid/index.html: 
[retry] extraction insufficient for https://www.csum.edu/costs-aid/financial-aid/index.html; trying relaxed body text fallback and playwright.request fallback.
[error] fetching https://www.whittier.edu/academics/socialwork: 
[retry] extraction insufficient for https://www.whittier.edu/academics/socialwork; trying relaxed body text fallback and playwright.request fallback.
[error] fetching https://catalogue.usc.edu/preview_program.php?catoid=18&poid=26320: 
[retry] extraction insufficient for https://catalogue.usc.edu/preview_program.php?catoid=18&poid=26320; trying relaxed body text fallback and playwright.request fallback.
[error] fetching https://catalogue.usc.edu/preview_program.php?catoid=18&poid=26318: 
[retry] extraction insufficient for https://catalogue.usc.edu/preview_program.php?catoid=18&poid=26318; trying relaxed body text fallback and playwright.request fallback.
[error] fetching https://catalog.sjsu.edu/preview_program.php?catoid=13&poid=6416: 
[retry] extraction insufficient for https://catalog.sjsu.edu/preview_program.php?catoid=13&poid=6416; trying relaxed body text fallback and playwright.request fallback.
[error] fetching https://catalog.ucsd.edu/curric/SIO-ug.html: 
[retry] extraction insufficient for https://catalog.ucsd.edu/curric/SIO-ug.html; trying relaxed body text fallback and playwright.request fallback.
[error] fetching https://www.whittier.edu/academics/psychology: 
[retry] extraction insufficient for https://www.whittier.edu/academics/psychology; trying relaxed body text fallback and playwright.request fallback.
[error] fetching https://catalog.ucsd.edu/curric/DSC-ug.html: 
[retry] extraction insufficient for https://catalog.ucsd.edu/curric/DSC-ug.html; trying relaxed body text fallback and playwright.request fallback.
[error] fetching https://studentaid.gov/articles/financial-aid-not-enough/: 
[retry] extraction insufficient for https://studentaid.gov/articles/financial-aid-not-enough/; trying relaxed body text fallback and playwright.request fallback.
[error] fetching https://admission.usc.edu/contact-us: 
[retry] extraction insufficient for https://admission.usc.edu/contact-us; trying relaxed body text fallback and playwright.request fallback.
[error] fetching https://catalog.ucsd.edu/curric/CGS-ug.html: 
[retry] extraction insufficient for https://catalog.ucsd.edu/curric/CGS-ug.html; trying relaxed body text fallback and playwright.request fallback.
[error] fetching https://www.csum.edu/costs-aid/tuition-fees.html: 
[retry] extraction insufficient for https://www.csum.edu/costs-aid/tuition-fees.html; trying relaxed body text fallback and playwright.request fallback.
[error] fetching https://www.whittier.edu/academics/physics: 
[retry] extraction insufficient for https://www.whittier.edu/academics/physics; trying relaxed body text fallback and playwright.request fallback.
[error] fetching https://www.whittier.edu/academics/philosophy: 
[retry] extraction insufficient for https://www.whittier.edu/academics/philosophy; trying relaxed body text fallback and playwright.request fallback.
[error] fetching https://catalog.sjsu.edu/preview_program.php?catoid=13&poid=6375: 
[retry] extraction insufficient for https://catalog.sjsu.edu/preview_program.php?catoid=13&poid=6375; trying relaxed body text fallback and playwright.request fallback.
[error] fetching https://catalog.ucmerced.edu/preview_program.php?catoid=24&poid=3505: 
[retry] extraction insufficient for https://catalog.ucmerced.edu/preview_program.php?catoid=24&poid=3505; trying relaxed body text fallback and playwright.request fallback.
[error] fetching https://www.csum.edu/admissions/undergraduate-admissions/dates-and-deadlines.html: 
[retry] extraction insufficient for https://www.csum.edu/admissions/undergraduate-admissions/dates-and-deadlines.html; trying relaxed body text fallback and playwright.request fallback.
[error] fetching https://www.whittier.edu/academics/music: 
[retry] extraction insufficient for https://www.whittier.edu/academics/music; trying relaxed body text fallback and playwright.request fallback.
[error] fetching https://www.whittier.edu/academics/kinesiology: 
[retry] extraction insufficient for https://www.whittier.edu/academics/kinesiology; trying relaxed body text fallback and playwright.request fallback.
[error] fetching https://www.csum.edu/admissions/undergraduate-admissions/requirements.html: 
[retry] extraction insufficient for https://www.csum.edu/admissions/undergraduate-admissions/requirements.html; trying relaxed body text fallback and playwright.request fallback.
[error] fetching https://www.whittier.edu/academics/history: 
[retry] extraction insufficient for https://www.whittier.edu/academics/history; trying relaxed body text fallback and playwright.request fallback.
[error] fetching https://www.whittier.edu/academics/english: 
[retry] extraction insufficient for https://www.whittier.edu/academics/english; trying relaxed body text fallback and playwright.request fallback.
[error] fetching https://catalog.ucmerced.edu/preview_program.php?catoid=24&poid=3504: 
[retry] extraction insufficient for https://catalog.ucmerced.edu/preview_program.php?catoid=24&poid=3504; trying relaxed body text fallback and playwright.request fallback.
[error] fetching https://www.csum.edu/admissions/undergraduate-admissions/how-to-apply.html: 
[retry] extraction insufficient for https://www.csum.edu/admissions/undergraduate-admissions/how-to-apply.html; trying relaxed body text fallback and playwright.request fallback.
[error] fetching https://www.whittier.edu/academics/economics: 
[retry] extraction insufficient for https://www.whittier.edu/academics/economics; trying relaxed body text fallback and playwright.request fallback.
[error] fetching https://www.whittier.edu/academics/chemistry: 
[retry] extraction insufficient for https://www.whittier.edu/academics/chemistry; trying relaxed body text fallback and playwright.request fallback.
[error] fetching https://www.whittier.edu/academics/business: 
[retry] extraction insufficient for https://www.whittier.edu/academics/business; trying relaxed body text fallback and playwright.request fallback.
[error] fetching https://www.whittier.edu/academics/biology: 
[retry] extraction insufficient for https://www.whittier.edu/academics/biology; trying relaxed body text fallback and playwright.request fallback.
[error] fetching https://catalog.ucsd.edu/curric/CHEM-ug.html: 
[retry] extraction insufficient for https://catalog.ucsd.edu/curric/CHEM-ug.html; trying relaxed body text fallback and playwright.request fallback.
[error] fetching https://anthropology.stanford.edu/academics/undergraduate-program: 
[retry] extraction insufficient for https://anthropology.stanford.edu/academics/undergraduate-program; trying relaxed body text fallback and playwright.request fallback.
[error] fetching https://catalog.sjsu.edu/preview_program.php?catoid=13&poid=6373: 
[retry] extraction insufficient for https://catalog.sjsu.edu/preview_program.php?catoid=13&poid=6373; trying relaxed body text fallback and playwright.request fallback.
[error] fetching https://catalog.sjsu.edu/preview_program.php?catoid=13&poid=6374: 
[retry] extraction insufficient for https://catalog.sjsu.edu/preview_program.php?catoid=13&poid=6374; trying relaxed body text fallback and playwright.request fallback.
[error] fetching https://catalog.ucmerced.edu/preview_program.php?catoid=24&poid=3503: 
[retry] extraction insufficient for https://catalog.ucmerced.edu/preview_program.php?catoid=24&poid=3503; trying relaxed body text fallback and playwright.request fallback.
[error] fetching https://www.calstatela.edu/financialaid: 
[retry] extraction insufficient for https://www.calstatela.edu/financialaid; trying relaxed body text fallback and playwright.request fallback.
[error] fetching https://www.whittier.edu/academics/art: 
[retry] extraction insufficient for https://www.whittier.edu/academics/art; trying relaxed body text fallback and playwright.request fallback.
[error] fetching https://www.whittier.edu/academics/anthropology: 
[retry] extraction insufficient for https://www.whittier.edu/academics/anthropology; trying relaxed body text fallback and playwright.request fallback.
[error] fetching https://catalog.ucsd.edu/curric/BIOL-ug.html: 
[retry] extraction insufficient for https://catalog.ucsd.edu/curric/BIOL-ug.html; trying relaxed body text fallback and playwright.request fallback.
[error] fetching https://admissions.humboldt.edu/apply: 
[retry] extraction insufficient for https://admissions.humboldt.edu/apply; trying relaxed body text fallback and playwright.request fallback.
[error] fetching https://www.whittier.edu/admission/contact: 
[retry] extraction insufficient for https://www.whittier.edu/admission/contact; trying relaxed body text fallback and playwright.request fallback.
[error] fetching https://www.whittier.edu/financialaid: 
[retry] extraction insufficient for https://www.whittier.edu/financialaid; trying relaxed body text fallback and playwright.request fallback.
[error] fetching https://catalog.ucmerced.edu/preview_program.php?catoid=24&poid=3502: 
[retry] extraction insufficient for https://catalog.ucmerced.edu/preview_program.php?catoid=24&poid=3502; trying relaxed body text fallback and playwright.request fallback.
[error] fetching https://www.oxy.edu/academics/areas-study/urban-environmental-policy: 
[retry] extraction insufficient for https://www.oxy.edu/academics/areas-study/urban-environmental-policy; trying relaxed body text fallback and playwright.request fallback.
[error] fetching https://catalog.csustan.edu/preview_program.php?catoid=32&poid=4600: 
[retry] extraction insufficient for https://catalog.csustan.edu/preview_program.php?catoid=32&poid=4600; trying relaxed body text fallback and playwright.request fallback.
[error] fetching https://www.csulb.edu/admissions/contact-admissions: 
[retry] extraction insufficient for https://www.csulb.edu/admissions/contact-admissions; trying relaxed body text fallback and playwright.request fallback.
[error] fetching https://www.oxy.edu/academics/areas-study/sociology: 
[retry] extraction insufficient for https://www.oxy.edu/academics/areas-study/sociology; trying relaxed body text fallback and playwright.request fallback.
[error] fetching https://www.oxy.edu/academics/areas-study/religious-studies: 
[retry] extraction insufficient for https://www.oxy.edu/academics/areas-study/religious-studies; trying relaxed body text fallback and playwright.request fallback.
[error] fetching https://catalog.ucmerced.edu/preview_program.php?catoid=24&poid=3500: 
[retry] extraction insufficient for https://catalog.ucmerced.edu/preview_program.php?catoid=24&poid=3500; trying relaxed body text fallback and playwright.request fallback.
[error] fetching https://catalog.ucmerced.edu/preview_program.php?catoid=24&poid=3501: 
[retry] extraction insufficient for https://catalog.ucmerced.edu/preview_program.php?catoid=24&poid=3501; trying relaxed body text fallback and playwright.request fallback.
[error] fetching https://www.oxy.edu/academics/areas-study/public-health: 
[retry] extraction insufficient for https://www.oxy.edu/academics/areas-study/public-health; trying relaxed body text fallback and playwright.request fallback.
[error] fetching https://catalog.csustan.edu/preview_program.php?catoid=32&poid=4596: 
[retry] extraction insufficient for https://catalog.csustan.edu/preview_program.php?catoid=32&poid=4596; trying relaxed body text fallback and playwright.request fallback.
[error] fetching https://www.oxy.edu/academics/areas-study/psychology: 
[retry] extraction insufficient for https://www.oxy.edu/academics/areas-study/psychology; trying relaxed body text fallback and playwright.request fallback.
[error] fetching https://www.csulb.edu/student-records/tuition-and-fees: 
[retry] extraction insufficient for https://www.csulb.edu/student-records/tuition-and-fees; trying relaxed body text fallback and playwright.request fallback.
[error] fetching https://www.oxy.edu/academics/areas-study/politics: 
[retry] extraction insufficient for https://www.oxy.edu/academics/areas-study/politics; trying relaxed body text fallback and playwright.request fallback.
[error] fetching https://www.oxy.edu/academics/areas-study/physics: 
[retry] extraction insufficient for https://www.oxy.edu/academics/areas-study/physics; trying relaxed body text fallback and playwright.request fallback.
[error] fetching https://admissions.ucsd.edu/faq: 
[retry] extraction insufficient for https://admissions.ucsd.edu/faq; trying relaxed body text fallback and playwright.request fallback.
[error] fetching https://catalog.csustan.edu/preview_program.php?catoid=32&poid=4592: 
[retry] extraction insufficient for https://catalog.csustan.edu/preview_program.php?catoid=32&poid=4592; trying relaxed body text fallback and playwright.request fallback.
[error] fetching https://catalog.fullerton.edu/preview_program.php?catoid=80&poid=38464: 
[retry] extraction insufficient for https://catalog.fullerton.edu/preview_program.php?catoid=80&poid=38464; trying relaxed body text fallback and playwright.request fallback.
[error] fetching https://www.oxy.edu/academics/areas-study/philosophy: 
[retry] extraction insufficient for https://www.oxy.edu/academics/areas-study/philosophy; trying relaxed body text fallback and playwright.request fallback.
[error] fetching https://www.oxy.edu/academics/areas-study/music: 
[retry] extraction insufficient for https://www.oxy.edu/academics/areas-study/music; trying relaxed body text fallback and playwright.request fallback.
[error] fetching https://catalog.csustan.edu/preview_program.php?catoid=32&poid=4590: 
[retry] extraction insufficient for https://catalog.csustan.edu/preview_program.php?catoid=32&poid=4590; trying relaxed body text fallback and playwright.request fallback.
[error] fetching https://www.oxy.edu/academics/areas-study/mathematics: 
[retry] extraction insufficient for https://www.oxy.edu/academics/areas-study/mathematics; trying relaxed body text fallback and playwright.request fallback.
[error] fetching https://www.oxy.edu/academics/areas-study/media-arts-culture: 
[retry] extraction insufficient for https://www.oxy.edu/academics/areas-study/media-arts-culture; trying relaxed body text fallback and playwright.request fallback.
[error] fetching https://catalog.csustan.edu/preview_program.php?catoid=32&poid=4589: 
[retry] extraction insufficient for https://catalog.csustan.edu/preview_program.php?catoid=32&poid=4589; trying relaxed body text fallback and playwright.request fallback.
[error] fetching https://catalog.csustan.edu/preview_program.php?catoid=32&poid=4588: 
[retry] extraction insufficient for https://catalog.csustan.edu/preview_program.php?catoid=32&poid=4588; trying relaxed body text fallback and playwright.request fallback.
[error] fetching https://studentaid.gov/apply-for-aid/fafsa/fafsa-deadlines: 
[retry] extraction insufficient for https://studentaid.gov/apply-for-aid/fafsa/fafsa-deadlines; trying relaxed body text fallback and playwright.request fallback.
[error] fetching https://catalog.sjsu.edu/preview_program.php?catoid=13&poid=6372: 
[retry] extraction insufficient for https://catalog.sjsu.edu/preview_program.php?catoid=13&poid=6372; trying relaxed body text fallback and playwright.request fallback.
[error] fetching https://catalog.ucmerced.edu/preview_program.php?catoid=24&poid=3499: 
[retry] extraction insufficient for https://catalog.ucmerced.edu/preview_program.php?catoid=24&poid=3499; trying relaxed body text fallback and playwright.request fallback.
[error] fetching https://catalog.fullerton.edu/preview_program.php?catoid=80&poid=38463: 
[retry] extraction insufficient for https://catalog.fullerton.edu/preview_program.php?catoid=80&poid=38463; trying relaxed body text fallback and playwright.request fallback.
[error] fetching https://www.oxy.edu/academics/areas-study/kinesiology: 
[retry] extraction insufficient for https://www.oxy.edu/academics/areas-study/kinesiology; trying relaxed body text fallback and playwright.request fallback.
[error] fetching https://www.oxy.edu/academics/areas-study/history: 
[retry] extraction insufficient for https://www.oxy.edu/academics/areas-study/history; trying relaxed body text fallback and playwright.request fallback.
[error] fetching https://catalog.csustan.edu/preview_program.php?catoid=32&poid=4584: 
[retry] extraction insufficient for https://catalog.csustan.edu/preview_program.php?catoid=32&poid=4584; trying relaxed body text fallback and playwright.request fallback.
[error] fetching https://catalog.fullerton.edu/preview_program.php?catoid=80&poid=38462: 
[retry] extraction insufficient for https://catalog.fullerton.edu/preview_program.php?catoid=80&poid=38462; trying relaxed body text fallback and playwright.request fallback.
[error] fetching https://www.oxy.edu/academics/areas-study/geology: 
[retry] extraction insufficient for https://www.oxy.edu/academics/areas-study/geology; trying relaxed body text fallback and playwright.request fallback.
[error] fetching https://www.oxy.edu/academics/areas-study/english: 
[retry] extraction insufficient for https://www.oxy.edu/academics/areas-study/english; trying relaxed body text fallback and playwright.request fallback.
[error] fetching https://catalog.ucmerced.edu/preview_program.php?catoid=24&poid=3498: 
[retry] extraction insufficient for https://catalog.ucmerced.edu/preview_program.php?catoid=24&poid=3498; trying relaxed body text fallback and playwright.request fallback.
[error] fetching https://catalog.fullerton.edu/preview_program.php?catoid=80&poid=38461: 
[retry] extraction insufficient for https://catalog.fullerton.edu/preview_program.php?catoid=80&poid=38461; trying relaxed body text fallback and playwright.request fallback.
[error] fetching https://www.oxy.edu/academics/areas-study/education: 
[retry] extraction insufficient for https://www.oxy.edu/academics/areas-study/education; trying relaxed body text fallback and playwright.request fallback.
[error] fetching https://catalog.ucr.edu/preview_program.php?catoid=23&poid=10857: 
[retry] extraction insufficient for https://catalog.ucr.edu/preview_program.php?catoid=23&poid=10857; trying relaxed body text fallback and playwright.request fallback.
[error] fetching https://catalog.csustan.edu/preview_program.php?catoid=32&poid=4580: 
[retry] extraction insufficient for https://catalog.csustan.edu/preview_program.php?catoid=32&poid=4580; trying relaxed body text fallback and playwright.request fallback.
[error] fetching https://www.oxy.edu/academics/areas-study/economics: 
[retry] extraction insufficient for https://www.oxy.edu/academics/areas-study/economics; trying relaxed body text fallback and playwright.request fallback.
[error] fetching https://catalog.fullerton.edu/preview_program.php?catoid=80&poid=38460: 
[retry] extraction insufficient for https://catalog.fullerton.edu/preview_program.php?catoid=80&poid=38460; trying relaxed body text fallback and playwright.request fallback.
[error] fetching https://www.oxy.edu/academics/areas-study/east-asian-studies: 
[retry] extraction insufficient for https://www.oxy.edu/academics/areas-study/east-asian-studies; trying relaxed body text fallback and playwright.request fallback.
[error] fetching https://www.oxy.edu/academics/areas-study/diplomacy-world-affairs: 
[retry] extraction insufficient for https://www.oxy.edu/academics/areas-study/diplomacy-world-affairs; trying relaxed body text fallback and playwright.request fallback.
[error] fetching https://catalog.ucr.edu/preview_program.php?catoid=23&poid=10855: 
[retry] extraction insufficient for https://catalog.ucr.edu/preview_program.php?catoid=23&poid=10855; trying relaxed body text fallback and playwright.request fallback.
[error] fetching https://catalog.csustan.edu/preview_program.php?catoid=32&poid=4576: 
[retry] extraction insufficient for https://catalog.csustan.edu/preview_program.php?catoid=32&poid=4576; trying relaxed body text fallback and playwright.request fallback.
[error] fetching https://catalog.sjsu.edu/preview_program.php?catoid=13&poid=6371: 
[retry] extraction insufficient for https://catalog.sjsu.edu/preview_program.php?catoid=13&poid=6371; trying relaxed body text fallback and playwright.request fallback.
[error] fetching https://catalog.ucmerced.edu/preview_program.php?catoid=24&poid=3497: 
[retry] extraction insufficient for https://catalog.ucmerced.edu/preview_program.php?catoid=24&poid=3497; trying relaxed body text fallback and playwright.request fallback.
[error] fetching https://catalog.fullerton.edu/preview_program.php?catoid=80&poid=38459: 
[retry] extraction insufficient for https://catalog.fullerton.edu/preview_program.php?catoid=80&poid=38459; trying relaxed body text fallback and playwright.request fallback.
[error] fetching https://www.oxy.edu/academics/areas-study/critical-theory-social-justice: 
[retry] extraction insufficient for https://www.oxy.edu/academics/areas-study/critical-theory-social-justice; trying relaxed body text fallback and playwright.request fallback.
[error] fetching https://www.oxy.edu/academics/areas-study/computer-science: 
[retry] extraction insufficient for https://www.oxy.edu/academics/areas-study/computer-science; trying relaxed body text fallback and playwright.request fallback.
[error] fetching https://catalog.csustan.edu/preview_program.php?catoid=32&poid=4574: 
[retry] extraction insufficient for https://catalog.csustan.edu/preview_program.php?catoid=32&poid=4574; trying relaxed body text fallback and playwright.request fallback.
[error] fetching https://bigfuture.collegeboard.org/plan-for-college/apply-to-college/college-application-timeline-12th-grade: 
[retry] extraction insufficient for https://bigfuture.collegeboard.org/plan-for-college/apply-to-college/college-application-timeline-12th-grade; trying relaxed body text fallback and playwright.request fallback.
[error] fetching https://catalog.csustan.edu/preview_program.php?catoid=32&poid=4573: 
[retry] extraction insufficient for https://catalog.csustan.edu/preview_program.php?catoid=32&poid=4573; trying relaxed body text fallback and playwright.request fallback.
[error] fetching https://catalog.ucr.edu/preview_program.php?catoid=23&poid=10853: 
[retry] extraction insufficient for https://catalog.ucr.edu/preview_program.php?catoid=23&poid=10853; trying relaxed body text fallback and playwright.request fallback.
[error] fetching https://catalog.csustan.edu/preview_program.php?catoid=32&poid=4572: 
[retry] extraction insufficient for https://catalog.csustan.edu/preview_program.php?catoid=32&poid=4572; trying relaxed body text fallback and playwright.request fallback.
[error] fetching https://catalog.ucr.edu/preview_program.php?catoid=23&poid=10852: 
[retry] extraction insufficient for https://catalog.ucr.edu/preview_program.php?catoid=23&poid=10852; trying relaxed body text fallback and playwright.request fallback.
[error] fetching https://catalog.fullerton.edu/preview_program.php?catoid=80&poid=38458: 
[retry] extraction insufficient for https://catalog.fullerton.edu/preview_program.php?catoid=80&poid=38458; trying relaxed body text fallback and playwright.request fallback.
[error] fetching https://www.oxy.edu/academics/areas-study/comparative-studies-literature-culture: 
[retry] extraction insufficient for https://www.oxy.edu/academics/areas-study/comparative-studies-literature-culture; trying relaxed body text fallback and playwright.request fallback.
[error] fetching https://www.oxy.edu/academics/areas-study/cognitive-science: 
[retry] extraction insufficient for https://www.oxy.edu/academics/areas-study/cognitive-science; trying relaxed body text fallback and playwright.request fallback.
[error] fetching https://catalog.ucmerced.edu/preview_program.php?catoid=24&poid=3496: 
[retry] extraction insufficient for https://catalog.ucmerced.edu/preview_program.php?catoid=24&poid=3496; trying relaxed body text fallback and playwright.request fallback.
[error] fetching https://catalog.fullerton.edu/preview_program.php?catoid=80&poid=38457: 
[retry] extraction insufficient for https://catalog.fullerton.edu/preview_program.php?catoid=80&poid=38457; trying relaxed body text fallback and playwright.request fallback.
[error] fetching https://www.oxy.edu/academics/areas-study/chemistry: 
[retry] extraction insufficient for https://www.oxy.edu/academics/areas-study/chemistry; trying relaxed body text fallback and playwright.request fallback.
[error] fetching https://www.oxy.edu/academics/areas-study/black-studies: 
[retry] extraction insufficient for https://www.oxy.edu/academics/areas-study/black-studies; trying relaxed body text fallback and playwright.request fallback.
[error] fetching https://nursing.sonoma.edu: 
[retry] extraction insufficient for https://nursing.sonoma.edu; trying relaxed body text fallback and playwright.request fallback.
[error] fetching https://epic.edu/admissions: 
[retry] extraction insufficient for https://epic.edu/admissions; trying relaxed body text fallback and playwright.request fallback.
[error] fetching https://wcbc.edu/contact: 
[retry] extraction insufficient for https://wcbc.edu/contact; trying relaxed body text fallback and playwright.request fallback.
[error] fetching https://wcbc.edu/admissions#deadlines: 
[retry] extraction insufficient for https://wcbc.edu/admissions#deadlines; trying relaxed body text fallback and playwright.request fallback.
[error] fetching https://www.cdrewu.edu/academics/college-of-science-and-health/nursing/rn-to-bsn: 
[retry] extraction insufficient for https://www.cdrewu.edu/academics/college-of-science-and-health/nursing/rn-to-bsn; trying relaxed body text fallback and playwright.request fallback.
[error] fetching https://www.cdrewu.edu/financial-aid: 
[retry] extraction insufficient for https://www.cdrewu.edu/financial-aid; trying relaxed body text fallback and playwright.request fallback.
[error] fetching https://www.paloaltou.edu/admissions/undergraduate-admissions/admission-requirements: 
[retry] extraction insufficient for https://www.paloaltou.edu/admissions/undergraduate-admissions/admission-requirements; trying relaxed body text fallback and playwright.request fallback.
[error] fetching https://www.paloaltou.edu/admissions/undergraduate-admissions: 
[retry] extraction insufficient for https://www.paloaltou.edu/admissions/undergraduate-admissions; trying relaxed body text fallback and playwright.request fallback.
[error] fetching https://fidm.edu/en/majors/social-media: 
[retry] extraction insufficient for https://fidm.edu/en/majors/social-media; trying relaxed body text fallback and playwright.request fallback.
[error] fetching https://fidm.edu/en/majors/merchandise-marketing: 
[retry] extraction insufficient for https://fidm.edu/en/majors/merchandise-marketing; trying relaxed body text fallback and playwright.request fallback.
[error] fetching https://fidm.edu/en/majors/merchandise-product-development: 
[retry] extraction insufficient for https://fidm.edu/en/majors/merchandise-product-development; trying relaxed body text fallback and playwright.request fallback.
[error] fetching https://fidm.edu/en/majors/interior-design: 
[retry] extraction insufficient for https://fidm.edu/en/majors/interior-design; trying relaxed body text fallback and playwright.request fallback.
[error] fetching https://fidm.edu/en/majors/graphic-design: 
[retry] extraction insufficient for https://fidm.edu/en/majors/graphic-design; trying relaxed body text fallback and playwright.request fallback.
[error] fetching https://fidm.edu/en/majors/film-tv-costume-design: 
[retry] extraction insufficient for https://fidm.edu/en/majors/film-tv-costume-design; trying relaxed body text fallback and playwright.request fallback.
[error] fetching https://fidm.edu/en/majors/fashion-knitwear-design: 
[retry] extraction insufficient for https://fidm.edu/en/majors/fashion-knitwear-design; trying relaxed body text fallback and playwright.request fallback.
[error] fetching https://fidm.edu/en/majors/fashion-design: 
[retry] extraction insufficient for https://fidm.edu/en/majors/fashion-design; trying relaxed body text fallback and playwright.request fallback.
[error] fetching https://fidm.edu/en/majors/digital-media: 
[retry] extraction insufficient for https://fidm.edu/en/majors/digital-media; trying relaxed body text fallback and playwright.request fallback.
[error] fetching https://fidm.edu/en/majors/digital-marketing: 
[retry] extraction insufficient for https://fidm.edu/en/majors/digital-marketing; trying relaxed body text fallback and playwright.request fallback.
[error] fetching https://fidm.edu/en/majors/beauty-marketing-product-development: 
[retry] extraction insufficient for https://fidm.edu/en/majors/beauty-marketing-product-development; trying relaxed body text fallback and playwright.request fallback.
[error] fetching https://fidm.edu/en/majors/apparel-industry-management: 
[retry] extraction insufficient for https://fidm.edu/en/majors/apparel-industry-management; trying relaxed body text fallback and playwright.request fallback.
[error] fetching https://fidm.edu/en/admissions/contact+admissions: 
[retry] extraction insufficient for https://fidm.edu/en/admissions/contact+admissions; trying relaxed body text fallback and playwright.request fallback.
[error] fetching https://fidm.edu/en/admissions/financial+aid: 
[retry] extraction insufficient for https://fidm.edu/en/admissions/financial+aid; trying relaxed body text fallback and playwright.request fallback.
[error] fetching https://fidm.edu/en/admissions/tuition+and+fees: 
[retry] extraction insufficient for https://fidm.edu/en/admissions/tuition+and+fees; trying relaxed body text fallback and playwright.request fallback.
[error] fetching https://fidm.edu/en/admissions/important+dates: 
[retry] extraction insufficient for https://fidm.edu/en/admissions/important+dates; trying relaxed body text fallback and playwright.request fallback.
[error] fetching https://fidm.edu/en/admissions/admissions+requirements: 
[retry] extraction insufficient for https://fidm.edu/en/admissions/admissions+requirements; trying relaxed body text fallback and playwright.request fallback.
[error] fetching https://fidm.edu/en/admissions: 
[retry] extraction insufficient for https://fidm.edu/en/admissions; trying relaxed body text fallback and playwright.request fallback.
[error] fetching https://www.taft.edu/contact: 
[retry] extraction insufficient for https://www.taft.edu/contact; trying relaxed body text fallback and playwright.request fallback.
[error] fetching https://sdcc.edu/academics/majors/aviation: 
[retry] extraction insufficient for https://sdcc.edu/academics/majors/aviation; trying relaxed body text fallback and playwright.request fallback.
[error] fetching https://sdcc.edu/academics/majors/psychology: 
[retry] extraction insufficient for https://sdcc.edu/academics/majors/psychology; trying relaxed body text fallback and playwright.request fallback.
[error] fetching https://sdcc.edu/academics/majors/liberal-studies: 
[retry] extraction insufficient for https://sdcc.edu/academics/majors/liberal-studies; trying relaxed body text fallback and playwright.request fallback.
[error] fetching https://sdcc.edu/academics/majors/kinesiology: 
[retry] extraction insufficient for https://sdcc.edu/academics/majors/kinesiology; trying relaxed body text fallback and playwright.request fallback.
[error] fetching https://sdcc.edu/academics/majors/interdisciplinary-studies: 
[retry] extraction insufficient for https://sdcc.edu/academics/majors/interdisciplinary-studies; trying relaxed body text fallback and playwright.request fallback.
[error] fetching https://sdcc.edu/academics/majors/history: 
[retry] extraction insufficient for https://sdcc.edu/academics/majors/history; trying relaxed body text fallback and playwright.request fallback.
[error] fetching https://sdcc.edu/academics/majors/english: 
[retry] extraction insufficient for https://sdcc.edu/academics/majors/english; trying relaxed body text fallback and playwright.request fallback.
[error] fetching https://sdcc.edu/academics/majors/communication: 
[retry] extraction insufficient for https://sdcc.edu/academics/majors/communication; trying relaxed body text fallback and playwright.request fallback.
[error] fetching https://www.deepsprings.edu/admissions: 
[retry] extraction insufficient for https://www.deepsprings.edu/admissions; trying relaxed body text fallback and playwright.request fallback.
[error] fetching https://www.uwest.edu/admissions/financial-aid: 
[retry] extraction insufficient for https://www.uwest.edu/admissions/financial-aid; trying relaxed body text fallback and playwright.request fallback.
[error] fetching https://www.admissions.caltech.edu/apply: 
[retry] extraction insufficient for https://www.admissions.caltech.edu/apply; trying relaxed body text fallback and playwright.request fallback.
[error] fetching https://www.admissions.caltech.edu: 
[retry] extraction insufficient for https://www.admissions.caltech.edu; trying relaxed body text fallback and playwright.request fallback.
[error] fetching https://www.ndnu.edu/academics/undergraduate-programs/sociology: 
[retry] extraction insufficient for https://www.ndnu.edu/academics/undergraduate-programs/sociology; trying relaxed body text fallback and playwright.request fallback.
[error] fetching https://www.ndnu.edu/academics/undergraduate-programs/psychology: 
[retry] extraction insufficient for https://www.ndnu.edu/academics/undergraduate-programs/psychology; trying relaxed body text fallback and playwright.request fallback.
[error] fetching https://www.ndnu.edu/academics/undergraduate-programs/liberal-studies: 
[retry] extraction insufficient for https://www.ndnu.edu/academics/undergraduate-programs/liberal-studies; trying relaxed body text fallback and playwright.request fallback.
[error] fetching https://www.ndnu.edu/academics/undergraduate-programs/kinesiology: 
[retry] extraction insufficient for https://www.ndnu.edu/academics/undergraduate-programs/kinesiology; trying relaxed body text fallback and playwright.request fallback.
[error] fetching https://www.ndnu.edu/academics/undergraduate-programs/interdisciplinary-studies: 
[retry] extraction insufficient for https://www.ndnu.edu/academics/undergraduate-programs/interdisciplinary-studies; trying relaxed body text fallback and playwright.request fallback.
[error] fetching https://www.ndnu.edu/academics/undergraduate-programs/human-services: 
[retry] extraction insufficient for https://www.ndnu.edu/academics/undergraduate-programs/human-services; trying relaxed body text fallback and playwright.request fallback.
[error] fetching https://www.ndnu.edu/academics/undergraduate-programs/history: 
[retry] extraction insufficient for https://www.ndnu.edu/academics/undergraduate-programs/history; trying relaxed body text fallback and playwright.request fallback.
[error] fetching https://www.ndnu.edu/academics/undergraduate-programs/english: 
[retry] extraction insufficient for https://www.ndnu.edu/academics/undergraduate-programs/english; trying relaxed body text fallback and playwright.request fallback.
[error] fetching https://www.ndnu.edu/academics/undergraduate-programs/communication: 
[retry] extraction insufficient for https://www.ndnu.edu/academics/undergraduate-programs/communication; trying relaxed body text fallback and playwright.request fallback.
[error] fetching https://www.ndnu.edu/academics/undergraduate-programs/business-administration: 
[retry] extraction insufficient for https://www.ndnu.edu/academics/undergraduate-programs/business-administration; trying relaxed body text fallback and playwright.request fallback.
[error] fetching https://www.ndnu.edu/academics/undergraduate-programs/biology: 
[retry] extraction insufficient for https://www.ndnu.edu/academics/undergraduate-programs/biology; trying relaxed body text fallback and playwright.request fallback.
[error] fetching https://www.ndnu.edu/academics/undergraduate-programs/biochemistry: 
[retry] extraction insufficient for https://www.ndnu.edu/academics/undergraduate-programs/biochemistry; trying relaxed body text fallback and playwright.request fallback.
[error] fetching https://www.ndnu.edu/academics/undergraduate-programs/art: 
[retry] extraction insufficient for https://www.ndnu.edu/academics/undergraduate-programs/art; trying relaxed body text fallback and playwright.request fallback.
[error] fetching https://www.ndnu.edu/admissions/contact-admissions: 
[retry] extraction insufficient for https://www.ndnu.edu/admissions/contact-admissions; trying relaxed body text fallback and playwright.request fallback.
[error] fetching https://www.ndnu.edu/admissions/financial-aid: 
[retry] extraction insufficient for https://www.ndnu.edu/admissions/financial-aid; trying relaxed body text fallback and playwright.request fallback.
[error] fetching https://www.ndnu.edu/admissions/tuition-fees: 
[retry] extraction insufficient for https://www.ndnu.edu/admissions/tuition-fees; trying relaxed body text fallback and playwright.request fallback.
[error] fetching https://www.ndnu.edu/admissions/undergraduate/deadlines: 
[retry] extraction insufficient for https://www.ndnu.edu/admissions/undergraduate/deadlines; trying relaxed body text fallback and playwright.request fallback.
[error] fetching https://www.ndnu.edu/admissions/undergraduate/requirements: 
[retry] extraction insufficient for https://www.ndnu.edu/admissions/undergraduate/requirements; trying relaxed body text fallback and playwright.request fallback.
[error] fetching https://www.ndnu.edu/admissions/undergraduate/apply: 
[retry] extraction insufficient for https://www.ndnu.edu/admissions/undergraduate/apply; trying relaxed body text fallback and playwright.request fallback.
[error] fetching https://sfcm.edu/departments/roots-jazz-and-american-music: 
[retry] extraction insufficient for https://sfcm.edu/departments/roots-jazz-and-american-music; trying relaxed body text fallback and playwright.request fallback.
[error] fetching https://sfcm.edu/departments/woodwinds: 
[retry] extraction insufficient for https://sfcm.edu/departments/woodwinds; trying relaxed body text fallback and playwright.request fallback.
[error] fetching https://sfcm.edu/departments/voice: 
[retry] extraction insufficient for https://sfcm.edu/departments/voice; trying relaxed body text fallback and playwright.request fallback.
[error] fetching https://sfcm.edu/departments/technology-and-applied-composition: 
[retry] extraction insufficient for https://sfcm.edu/departments/technology-and-applied-composition; trying relaxed body text fallback and playwright.request fallback.
[error] fetching https://sfcm.edu/departments/strings: 
[retry] extraction insufficient for https://sfcm.edu/departments/strings; trying relaxed body text fallback and playwright.request fallback.
[error] fetching https://sfcm.edu/departments/historical-performance: 
[retry] extraction insufficient for https://sfcm.edu/departments/historical-performance; trying relaxed body text fallback and playwright.request fallback.
[error] fetching https://sfcm.edu/departments/guitar: 
[retry] extraction insufficient for https://sfcm.edu/departments/guitar; trying relaxed body text fallback and playwright.request fallback.
[error] fetching https://sfcm.edu/departments/conducting: 
[retry] extraction insufficient for https://sfcm.edu/departments/conducting; trying relaxed body text fallback and playwright.request fallback.
[error] fetching https://sfcm.edu/departments/composition: 
[retry] extraction insufficient for https://sfcm.edu/departments/composition; trying relaxed body text fallback and playwright.request fallback.
[error] fetching https://sfcm.edu/departments/brass: 
[retry] extraction insufficient for https://sfcm.edu/departments/brass; trying relaxed body text fallback and playwright.request fallback.
[error] fetching https://www.msmu.edu/undergraduate-bachelor-programs/sociology: 
[retry] extraction insufficient for https://www.msmu.edu/undergraduate-bachelor-programs/sociology; trying relaxed body text fallback and playwright.request fallback.
[error] fetching https://www.msmu.edu/undergraduate-bachelor-programs/social-work: 
[retry] extraction insufficient for https://www.msmu.edu/undergraduate-bachelor-programs/social-work; trying relaxed body text fallback and playwright.request fallback.
[error] fetching https://www.msmu.edu/undergraduate-bachelor-programs/religious-studies: 
[retry] extraction insufficient for https://www.msmu.edu/undergraduate-bachelor-programs/religious-studies; trying relaxed body text fallback and playwright.request fallback.
[error] fetching https://www.msmu.edu/undergraduate-bachelor-programs/psychology: 
[retry] extraction insufficient for https://www.msmu.edu/undergraduate-bachelor-programs/psychology; trying relaxed body text fallback and playwright.request fallback.
[error] fetching https://www.msmu.edu/undergraduate-bachelor-programs/political-science: 
[retry] extraction insufficient for https://www.msmu.edu/undergraduate-bachelor-programs/political-science; trying relaxed body text fallback and playwright.request fallback.
[error] fetching https://www.msmu.edu/undergraduate-bachelor-programs/physical-sciences: 
[retry] extraction insufficient for https://www.msmu.edu/undergraduate-bachelor-programs/physical-sciences; trying relaxed body text fallback and playwright.request fallback.
[error] fetching https://www.msmu.edu/undergraduate-bachelor-programs/philosophy: 
[retry] extraction insufficient for https://www.msmu.edu/undergraduate-bachelor-programs/philosophy; trying relaxed body text fallback and playwright.request fallback.
[error] fetching https://www.msmu.edu/undergraduate-bachelor-programs/nursing: 
[retry] extraction insufficient for https://www.msmu.edu/undergraduate-bachelor-programs/nursing; trying relaxed body text fallback and playwright.request fallback.
[error] fetching https://www.msmu.edu/undergraduate-bachelor-programs/music: 
[retry] extraction insufficient for https://www.msmu.edu/undergraduate-bachelor-programs/music; trying relaxed body text fallback and playwright.request fallback.
[error] fetching https://www.msmu.edu/undergraduate-bachelor-programs/mathematics: 
[retry] extraction insufficient for https://www.msmu.edu/undergraduate-bachelor-programs/mathematics; trying relaxed body text fallback and playwright.request fallback.
[error] fetching https://www.msmu.edu/undergraduate-bachelor-programs/journalism-and-new-media: 
[retry] extraction insufficient for https://www.msmu.edu/undergraduate-bachelor-programs/journalism-and-new-media; trying relaxed body text fallback and playwright.request fallback.
[error] fetching https://www.msmu.edu/undergraduate-bachelor-programs/healthcare-policy: 
[retry] extraction insufficient for https://www.msmu.edu/undergraduate-bachelor-programs/healthcare-policy; trying relaxed body text fallback and playwright.request fallback.
[error] fetching https://www.msmu.edu/undergraduate-bachelor-programs/global-politics: 
[retry] extraction insufficient for https://www.msmu.edu/undergraduate-bachelor-programs/global-politics; trying relaxed body text fallback and playwright.request fallback.
[error] fetching https://www.msmu.edu/undergraduate-bachelor-programs/english: 
[retry] extraction insufficient for https://www.msmu.edu/undergraduate-bachelor-programs/english; trying relaxed body text fallback and playwright.request fallback.
[error] fetching https://www.msmu.edu/undergraduate-bachelor-programs/criminology: 
[retry] extraction insufficient for https://www.msmu.edu/undergraduate-bachelor-programs/criminology; trying relaxed body text fallback and playwright.request fallback.
[error] fetching https://www.msmu.edu/undergraduate-bachelor-programs/chemistry: 
[retry] extraction insufficient for https://www.msmu.edu/undergraduate-bachelor-programs/chemistry; trying relaxed body text fallback and playwright.request fallback.
[error] fetching https://www.msmu.edu/undergraduate-bachelor-programs/business-administration: 
[retry] extraction insufficient for https://www.msmu.edu/undergraduate-bachelor-programs/business-administration; trying relaxed body text fallback and playwright.request fallback.
[error] fetching https://www.msmu.edu/undergraduate-bachelor-programs/biological-sciences: 
[retry] extraction insufficient for https://www.msmu.edu/undergraduate-bachelor-programs/biological-sciences; trying relaxed body text fallback and playwright.request fallback.
[error] fetching https://www.msmu.edu/undergraduate-bachelor-programs/accounting: 
[retry] extraction insufficient for https://www.msmu.edu/undergraduate-bachelor-programs/accounting; trying relaxed body text fallback and playwright.request fallback.
[error] fetching https://www.msmu.edu/financial-aid: 
[retry] extraction insufficient for https://www.msmu.edu/financial-aid; trying relaxed body text fallback and playwright.request fallback.
[error] fetching https://www.msmu.edu/admission/undergraduate-admission/apply/#deadlines: 
[retry] extraction insufficient for https://www.msmu.edu/admission/undergraduate-admission/apply/#deadlines; trying relaxed body text fallback and playwright.request fallback.
[error] fetching https://www.msmu.edu/admission/undergraduate-admission/apply: 
[retry] extraction insufficient for https://www.msmu.edu/admission/undergraduate-admission/apply; trying relaxed body text fallback and playwright.request fallback.
[error] fetching https://www.msmu.edu/admission/undergraduate-admission: 
[retry] extraction insufficient for https://www.msmu.edu/admission/undergraduate-admission; trying relaxed body text fallback and playwright.request fallback.
[error] fetching https://www.lcad.edu/undergraduate/entertainment-design: 
[retry] extraction insufficient for https://www.lcad.edu/undergraduate/entertainment-design; trying relaxed body text fallback and playwright.request fallback.
[error] fetching https://www.lcad.edu/undergraduate/drawing-painting: 
[retry] extraction insufficient for https://www.lcad.edu/undergraduate/drawing-painting; trying relaxed body text fallback and playwright.request fallback.
[error] fetching https://www.lcad.edu/undergraduate/illustration: 
[retry] extraction insufficient for https://www.lcad.edu/undergraduate/illustration; trying relaxed body text fallback and playwright.request fallback.
[error] fetching https://www.lcad.edu/undergraduate/graphic-design-digital-media: 
[retry] extraction insufficient for https://www.lcad.edu/undergraduate/graphic-design-digital-media; trying relaxed body text fallback and playwright.request fallback.
[error] fetching https://www.lcad.edu/undergraduate/animation: 
[retry] extraction insufficient for https://www.lcad.edu/undergraduate/animation; trying relaxed body text fallback and playwright.request fallback.
[error] fetching https://www.lcad.edu/admissions/financial-aid: 
[retry] extraction insufficient for https://www.lcad.edu/admissions/financial-aid; trying relaxed body text fallback and playwright.request fallback.
[error] fetching https://www.otis.edu/toy-design: 
[retry] extraction insufficient for https://www.otis.edu/toy-design; trying relaxed body text fallback and playwright.request fallback.
[error] fetching https://www.otis.edu/environmental-design: 
[retry] extraction insufficient for https://www.otis.edu/environmental-design; trying relaxed body text fallback and playwright.request fallback.
[error] fetching https://catalog.fullerton.edu/preview_program.php?catoid=80&poid=38456: 
[retry] extraction insufficient for https://catalog.fullerton.edu/preview_program.php?catoid=80&poid=38456; trying relaxed body text fallback and playwright.request fallback.
[error] fetching https://www.oxy.edu/academics/areas-study/biology: 
[retry] extraction insufficient for https://www.oxy.edu/academics/areas-study/biology; trying relaxed body text fallback and playwright.request fallback.
[error] fetching https://www.oxy.edu/academics/areas-study/biochemistry: 
[retry] extraction insufficient for https://www.oxy.edu/academics/areas-study/biochemistry; trying relaxed body text fallback and playwright.request fallback.
[error] fetching https://studentaid.gov/understand-aid/types/grants/pell: 
[retry] extraction insufficient for https://studentaid.gov/understand-aid/types/grants/pell; trying relaxed body text fallback and playwright.request fallback.
[error] fetching https://catalog.sjsu.edu/preview_program.php?catoid=13&poid=6370: 
[retry] extraction insufficient for https://catalog.sjsu.edu/preview_program.php?catoid=13&poid=6370; trying relaxed body text fallback and playwright.request fallback.
[error] fetching https://catalog.ucmerced.edu/preview_program.php?catoid=24&poid=3495: 
[retry] extraction insufficient for https://catalog.ucmerced.edu/preview_program.php?catoid=24&poid=3495; trying relaxed body text fallback and playwright.request fallback.
[error] fetching https://catalog.fullerton.edu/preview_program.php?catoid=80&poid=38455: 
[retry] extraction insufficient for https://catalog.fullerton.edu/preview_program.php?catoid=80&poid=38455; trying relaxed body text fallback and playwright.request fallback.
[error] fetching https://www.oxy.edu/academics/areas-study/art-art-history: 
[retry] extraction insufficient for https://www.oxy.edu/academics/areas-study/art-art-history; trying relaxed body text fallback and playwright.request fallback.
[error] fetching https://www.oxy.edu/academics/areas-study/american-studies: 
[retry] extraction insufficient for https://www.oxy.edu/academics/areas-study/american-studies; trying relaxed body text fallback and playwright.request fallback.
[error] fetching https://catalog.fullerton.edu/preview_program.php?catoid=80&poid=38454: 
[retry] extraction insufficient for https://catalog.fullerton.edu/preview_program.php?catoid=80&poid=38454; trying relaxed body text fallback and playwright.request fallback.
[error] fetching https://www.pitzer.edu/academics/field-groups/political-studies: 
[retry] extraction insufficient for https://www.pitzer.edu/academics/field-groups/political-studies; trying relaxed body text fallback and playwright.request fallback.
[error] fetching https://www.pitzer.edu/financial-aid: 
[retry] extraction insufficient for https://www.pitzer.edu/financial-aid; trying relaxed body text fallback and playwright.request fallback.
[error] fetching https://catalog.ucmerced.edu/preview_program.php?catoid=24&poid=3494: 
[retry] extraction insufficient for https://catalog.ucmerced.edu/preview_program.php?catoid=24&poid=3494; trying relaxed body text fallback and playwright.request fallback.
[error] fetching https://catalog.fullerton.edu/preview_program.php?catoid=80&poid=38453: 
[retry] extraction insufficient for https://catalog.fullerton.edu/preview_program.php?catoid=80&poid=38453; trying relaxed body text fallback and playwright.request fallback.
[error] fetching https://www.pitzer.edu/admission: 
[retry] extraction insufficient for https://www.pitzer.edu/admission; trying relaxed body text fallback and playwright.request fallback.
[error] fetching https://www.hmc.edu/physics/program/major: 
[retry] extraction insufficient for https://www.hmc.edu/physics/program/major; trying relaxed body text fallback and playwright.request fallback.
[error] fetching https://catalog.fullerton.edu/preview_program.php?catoid=80&poid=38452: 
[retry] extraction insufficient for https://catalog.fullerton.edu/preview_program.php?catoid=80&poid=38452; trying relaxed body text fallback and playwright.request fallback.
[error] fetching https://www.hmc.edu/mathematics/program/major: 
[retry] extraction insufficient for https://www.hmc.edu/mathematics/program/major; trying relaxed body text fallback and playwright.request fallback.
[error] fetching https://www.hmc.edu/biology/program/major: 
[retry] extraction insufficient for https://www.hmc.edu/biology/program/major; trying relaxed body text fallback and playwright.request fallback.
[error] fetching https://catalog.sjsu.edu/preview_program.php?catoid=13&poid=6369: 
[retry] extraction insufficient for https://catalog.sjsu.edu/preview_program.php?catoid=13&poid=6369; trying relaxed body text fallback and playwright.request fallback.
[error] fetching https://catalog.ucmerced.edu/preview_program.php?catoid=24&poid=3493: 
[retry] extraction insufficient for https://catalog.ucmerced.edu/preview_program.php?catoid=24&poid=3493; trying relaxed body text fallback and playwright.request fallback.
[error] fetching https://catalog.fullerton.edu/preview_program.php?catoid=80&poid=38451: 
[retry] extraction insufficient for https://catalog.fullerton.edu/preview_program.php?catoid=80&poid=38451; trying relaxed body text fallback and playwright.request fallback.
[error] fetching https://catalog.fullerton.edu/preview_program.php?catoid=80&poid=38450: 
[retry] extraction insufficient for https://catalog.fullerton.edu/preview_program.php?catoid=80&poid=38450; trying relaxed body text fallback and playwright.request fallback.
[error] fetching https://www.cmc.edu/financial-aid: 
[retry] extraction insufficient for https://www.cmc.edu/financial-aid; trying relaxed body text fallback and playwright.request fallback.
[error] fetching https://catalog.ucmerced.edu/preview_program.php?catoid=24&poid=3492: 
[retry] extraction insufficient for https://catalog.ucmerced.edu/preview_program.php?catoid=24&poid=3492; trying relaxed body text fallback and playwright.request fallback.
[error] fetching https://catalog.fullerton.edu/preview_program.php?catoid=80&poid=38449: 
[retry] extraction insufficient for https://catalog.fullerton.edu/preview_program.php?catoid=80&poid=38449; trying relaxed body text fallback and playwright.request fallback.
[error] fetching https://www.cmc.edu/admission/apply#deadlines: 
[retry] extraction insufficient for https://www.cmc.edu/admission/apply#deadlines; trying relaxed body text fallback and playwright.request fallback.
[error] fetching https://www.cmc.edu/admission/apply: 
[retry] extraction insufficient for https://www.cmc.edu/admission/apply; trying relaxed body text fallback and playwright.request fallback.
[error] fetching https://catalog.fullerton.edu/preview_program.php?catoid=80&poid=38448: 
[retry] extraction insufficient for https://catalog.fullerton.edu/preview_program.php?catoid=80&poid=38448; trying relaxed body text fallback and playwright.request fallback.
[error] fetching https://www.cmc.edu/admission: 
[retry] extraction insufficient for https://www.cmc.edu/admission; trying relaxed body text fallback and playwright.request fallback.
[error] fetching https://www.pomona.edu/academics/departments/theatre: 
[retry] extraction insufficient for https://www.pomona.edu/academics/departments/theatre; trying relaxed body text fallback and playwright.request fallback.
[error] fetching https://studentaid.gov/h/understand-aid/how-aid-works: 
[retry] extraction insufficient for https://studentaid.gov/h/understand-aid/how-aid-works; trying relaxed body text fallback and playwright.request fallback.
[error] fetching https://catalog.sjsu.edu/preview_program.php?catoid=13&poid=6368: 
[retry] extraction insufficient for https://catalog.sjsu.edu/preview_program.php?catoid=13&poid=6368; trying relaxed body text fallback and playwright.request fallback.
[error] fetching https://catalog.fullerton.edu/preview_program.php?catoid=80&poid=38447: 
[retry] extraction insufficient for https://catalog.fullerton.edu/preview_program.php?catoid=80&poid=38447; trying relaxed body text fallback and playwright.request fallback.
[error] fetching https://www.pomona.edu/academics/departments/sociology: 
[retry] extraction insufficient for https://www.pomona.edu/academics/departments/sociology; trying relaxed body text fallback and playwright.request fallback.
[error] fetching https://www.pomona.edu/academics/departments/romance-languages-literatures: 
[retry] extraction insufficient for https://www.pomona.edu/academics/departments/romance-languages-literatures; trying relaxed body text fallback and playwright.request fallback.
[error] fetching https://catalog.fullerton.edu/preview_program.php?catoid=80&poid=38446: 
[retry] extraction insufficient for https://catalog.fullerton.edu/preview_program.php?catoid=80&poid=38446; trying relaxed body text fallback and playwright.request fallback.
[error] fetching https://www.pomona.edu/academics/departments/religious-studies: 
[retry] extraction insufficient for https://www.pomona.edu/academics/departments/religious-studies; trying relaxed body text fallback and playwright.request fallback.
[error] fetching https://www.pomona.edu/academics/departments/public-policy-analysis: 
[retry] extraction insufficient for https://www.pomona.edu/academics/departments/public-policy-analysis; trying relaxed body text fallback and playwright.request fallback.
[error] fetching https://philosophy.ucla.edu/undergraduate/major: 
[retry] extraction insufficient for https://philosophy.ucla.edu/undergraduate/major; trying relaxed body text fallback and playwright.request fallback.
[error] fetching https://catalog.fullerton.edu/preview_program.php?catoid=80&poid=38445: 
[retry] extraction insufficient for https://catalog.fullerton.edu/preview_program.php?catoid=80&poid=38445; trying relaxed body text fallback and playwright.request fallback.
[error] fetching https://www.pomona.edu/academics/departments/psychology: 
[retry] extraction insufficient for https://www.pomona.edu/academics/departments/psychology; trying relaxed body text fallback and playwright.request fallback.
[error] fetching https://www.pomona.edu/academics/departments/politics: 
[retry] extraction insufficient for https://www.pomona.edu/academics/departments/politics; trying relaxed body text fallback and playwright.request fallback.
[error] fetching https://catalog.fullerton.edu/preview_program.php?catoid=80&poid=38444: 
[retry] extraction insufficient for https://catalog.fullerton.edu/preview_program.php?catoid=80&poid=38444; trying relaxed body text fallback and playwright.request fallback.
[error] fetching https://www.pomona.edu/academics/departments/physics: 
[retry] extraction insufficient for https://www.pomona.edu/academics/departments/physics; trying relaxed body text fallback and playwright.request fallback.
[error] fetching https://www.pomona.edu/academics/departments/philosophy: 
[retry] extraction insufficient for https://www.pomona.edu/academics/departments/philosophy; trying relaxed body text fallback and playwright.request fallback.
[error] fetching https://catalog.sjsu.edu/preview_program.php?catoid=13&poid=6367: 
[retry] extraction insufficient for https://catalog.sjsu.edu/preview_program.php?catoid=13&poid=6367; trying relaxed body text fallback and playwright.request fallback.
[error] fetching https://scandinavian.ucla.edu/undergraduate/majors-minors/nordic-studies-major: 
[retry] extraction insufficient for https://scandinavian.ucla.edu/undergraduate/majors-minors/nordic-studies-major; trying relaxed body text fallback and playwright.request fallback.
[error] fetching https://catalog.fullerton.edu/preview_program.php?catoid=80&poid=38443: 
[retry] extraction insufficient for https://catalog.fullerton.edu/preview_program.php?catoid=80&poid=38443; trying relaxed body text fallback and playwright.request fallback.
[error] fetching https://www.pomona.edu/academics/departments/neuroscience: 
[retry] extraction insufficient for https://www.pomona.edu/academics/departments/neuroscience; trying relaxed body text fallback and playwright.request fallback.
[error] fetching https://www.pomona.edu/academics/departments/molecular-biology: 
[retry] extraction insufficient for https://www.pomona.edu/academics/departments/molecular-biology; trying relaxed body text fallback and playwright.request fallback.
[error] fetching https://catalog.fullerton.edu/preview_program.php?catoid=80&poid=38442: 
[retry] extraction insufficient for https://catalog.fullerton.edu/preview_program.php?catoid=80&poid=38442; trying relaxed body text fallback and playwright.request fallback.
[error] fetching https://www.pomona.edu/academics/departments/music: 
[retry] extraction insufficient for https://www.pomona.edu/academics/departments/music; trying relaxed body text fallback and playwright.request fallback.
[error] fetching https://www.pomona.edu/academics/departments/media-studies: 
[retry] extraction insufficient for https://www.pomona.edu/academics/departments/media-studies; trying relaxed body text fallback and playwright.request fallback.
[error] fetching https://www.neurosci.ucla.edu/undergraduate/major: 
[retry] extraction insufficient for https://www.neurosci.ucla.edu/undergraduate/major; trying relaxed body text fallback and playwright.request fallback.
[error] fetching https://catalog.fullerton.edu/preview_program.php?catoid=80&poid=38441: 
[retry] extraction insufficient for https://catalog.fullerton.edu/preview_program.php?catoid=80&poid=38441; trying relaxed body text fallback and playwright.request fallback.
[error] fetching https://www.pomona.edu/academics/departments/mathematics: 
[retry] extraction insufficient for https://www.pomona.edu/academics/departments/mathematics; trying relaxed body text fallback and playwright.request fallback.
[error] fetching https://www.pomona.edu/academics/departments/latin-american-studies: 
[retry] extraction insufficient for https://www.pomona.edu/academics/departments/latin-american-studies; trying relaxed body text fallback and playwright.request fallback.
[error] fetching https://catalog.fullerton.edu/preview_program.php?catoid=80&poid=38440: 
[retry] extraction insufficient for https://catalog.fullerton.edu/preview_program.php?catoid=80&poid=38440; trying relaxed body text fallback and playwright.request fallback.
[error] fetching https://www.pomona.edu/academics/departments/international-relations: 
[retry] extraction insufficient for https://www.pomona.edu/academics/departments/international-relations; trying relaxed body text fallback and playwright.request fallback.
[error] fetching https://www.pomona.edu/academics/departments/history: 
[retry] extraction insufficient for https://www.pomona.edu/academics/departments/history; trying relaxed body text fallback and playwright.request fallback.
[error] fetching https://studentaid.gov/understand-aid/types/loans/subsidized-unsubsidized: 
[retry] extraction insufficient for https://studentaid.gov/understand-aid/types/loans/subsidized-unsubsidized; trying relaxed body text fallback and playwright.request fallback.
[error] fetching https://catalog.sjsu.edu/preview_program.php?catoid=13&poid=6366: 
[retry] extraction insufficient for https://catalog.sjsu.edu/preview_program.php?catoid=13&poid=6366; trying relaxed body text fallback and playwright.request fallback.
[error] fetching https://schoolofmusic.ucla.edu/undergraduate/performance: 
[retry] extraction insufficient for https://schoolofmusic.ucla.edu/undergraduate/performance; trying relaxed body text fallback and playwright.request fallback.
[error] fetching https://catalog.fullerton.edu/preview_program.php?catoid=80&poid=38439: 
[retry] extraction insufficient for https://catalog.fullerton.edu/preview_program.php?catoid=80&poid=38439; trying relaxed body text fallback and playwright.request fallback.
[error] fetching https://www.pomona.edu/academics/departments/geology: 
[retry] extraction insufficient for https://www.pomona.edu/academics/departments/geology; trying relaxed body text fallback and playwright.request fallback.
[error] fetching https://www.pomona.edu/academics/departments/environmental-analysis: 
[retry] extraction insufficient for https://www.pomona.edu/academics/departments/environmental-analysis; trying relaxed body text fallback and playwright.request fallback.
[error] fetching https://catalog.fullerton.edu/preview_program.php?catoid=80&poid=38438: 
[retry] extraction insufficient for https://catalog.fullerton.edu/preview_program.php?catoid=80&poid=38438; trying relaxed body text fallback and playwright.request fallback.
[error] fetching https://www.pomona.edu/academics/departments/english: 
[retry] extraction insufficient for https://www.pomona.edu/academics/departments/english; trying relaxed body text fallback and playwright.request fallback.
[error] fetching https://www.pomona.edu/academics/departments/economics: 
[retry] extraction insufficient for https://www.pomona.edu/academics/departments/economics; trying relaxed body text fallback and playwright.request fallback.
[error] fetching https://schoolofmusic.ucla.edu/undergraduate/music-history-industry: 
[retry] extraction insufficient for https://schoolofmusic.ucla.edu/undergraduate/music-history-industry; trying relaxed body text fallback and playwright.request fallback.
[error] fetching https://catalog.fullerton.edu/preview_program.php?catoid=80&poid=38437: 
[retry] extraction insufficient for https://catalog.fullerton.edu/preview_program.php?catoid=80&poid=38437; trying relaxed body text fallback and playwright.request fallback.
[error] fetching https://www.pomona.edu/academics/departments/dance: 
[retry] extraction insufficient for https://www.pomona.edu/academics/departments/dance; trying relaxed body text fallback and playwright.request fallback.
[error] fetching https://www.pomona.edu/academics/departments/computer-science: 
[retry] extraction insufficient for https://www.pomona.edu/academics/departments/computer-science; trying relaxed body text fallback and playwright.request fallback.
[error] fetching https://catalog.fullerton.edu/preview_program.php?catoid=80&poid=38436: 
[retry] extraction insufficient for https://catalog.fullerton.edu/preview_program.php?catoid=80&poid=38436; trying relaxed body text fallback and playwright.request fallback.
[error] fetching https://www.pomona.edu/academics/departments/classics: 
[retry] extraction insufficient for https://www.pomona.edu/academics/departments/classics; trying relaxed body text fallback and playwright.request fallback.
[error] fetching https://www.pomona.edu/academics/departments/chemistry: 
[retry] extraction insufficient for https://www.pomona.edu/academics/departments/chemistry; trying relaxed body text fallback and playwright.request fallback.
[error] fetching https://catalog.sjsu.edu/preview_program.php?catoid=13&poid=6365: 
[retry] extraction insufficient for https://catalog.sjsu.edu/preview_program.php?catoid=13&poid=6365; trying relaxed body text fallback and playwright.request fallback.
[error] fetching https://schoolofmusic.ucla.edu/undergraduate/music-education: 
[retry] extraction insufficient for https://schoolofmusic.ucla.edu/undergraduate/music-education; trying relaxed body text fallback and playwright.request fallback.
[error] fetching https://catalog.fullerton.edu/preview_program.php?catoid=80&poid=38435: 
[retry] extraction insufficient for https://catalog.fullerton.edu/preview_program.php?catoid=80&poid=38435; trying relaxed body text fallback and playwright.request fallback.
[error] fetching https://www.pomona.edu/academics/departments/biology: 
[retry] extraction insufficient for https://www.pomona.edu/academics/departments/biology; trying relaxed body text fallback and playwright.request fallback.
[error] fetching https://www.pomona.edu/academics/departments/asian-languages-literatures: 
[retry] extraction insufficient for https://www.pomona.edu/academics/departments/asian-languages-literatures; trying relaxed body text fallback and playwright.request fallback.
[error] fetching https://catalog.fullerton.edu/preview_program.php?catoid=80&poid=38434: 
[retry] extraction insufficient for https://catalog.fullerton.edu/preview_program.php?catoid=80&poid=38434; trying relaxed body text fallback and playwright.request fallback.
[error] fetching https://www.pomona.edu/academics/departments/art-history: 
[retry] extraction insufficient for https://www.pomona.edu/academics/departments/art-history; trying relaxed body text fallback and playwright.request fallback.
[error] fetching https://www.pomona.edu/academics/departments/anthropology: 
[retry] extraction insufficient for https://www.pomona.edu/academics/departments/anthropology; trying relaxed body text fallback and playwright.request fallback.
[error] fetching https://catalog.fullerton.edu/preview_program.php?catoid=80&poid=38433: 
[retry] extraction insufficient for https://catalog.fullerton.edu/preview_program.php?catoid=80&poid=38433; trying relaxed body text fallback and playwright.request fallback.
[error] fetching https://www.pomona.edu/academics/departments/american-studies: 
[retry] extraction insufficient for https://www.pomona.edu/academics/departments/american-studies; trying relaxed body text fallback and playwright.request fallback.
[error] fetching https://www.pomona.edu/admissions/contact: 
[retry] extraction insufficient for https://www.pomona.edu/admissions/contact; trying relaxed body text fallback and playwright.request fallback.
[error] fetching https://catalog.fullerton.edu/preview_program.php?catoid=80&poid=38432: 
[retry] extraction insufficient for https://catalog.fullerton.edu/preview_program.php?catoid=80&poid=38432; trying relaxed body text fallback and playwright.request fallback.
[error] fetching https://www.pomona.edu/financial-aid: 
[retry] extraction insufficient for https://www.pomona.edu/financial-aid; trying relaxed body text fallback and playwright.request fallback.
[error] fetching https://www.pomona.edu/admissions/apply: 
[retry] extraction insufficient for https://www.pomona.edu/admissions/apply; trying relaxed body text fallback and playwright.request fallback.
[error] fetching https://catalog.sjsu.edu/preview_program.php?catoid=13&poid=6364: 
[retry] extraction insufficient for https://catalog.sjsu.edu/preview_program.php?catoid=13&poid=6364; trying relaxed body text fallback and playwright.request fallback.
[error] fetching https://schoolofmusic.ucla.edu/undergraduate: 
[retry] extraction insufficient for https://schoolofmusic.ucla.edu/undergraduate; trying relaxed body text fallback and playwright.request fallback.
[error] fetching https://catalog.fullerton.edu/preview_program.php?catoid=80&poid=38431: 
[retry] extraction insufficient for https://catalog.fullerton.edu/preview_program.php?catoid=80&poid=38431; trying relaxed body text fallback and playwright.request fallback.
[error] fetching https://www.biola.edu/theatre-ba: 
[retry] extraction insufficient for https://www.biola.edu/theatre-ba; trying relaxed body text fallback and playwright.request fallback.
[error] fetching https://catalog.fullerton.edu/preview_program.php?catoid=80&poid=38430: 
[retry] extraction insufficient for https://catalog.fullerton.edu/preview_program.php?catoid=80&poid=38430; trying relaxed body text fallback and playwright.request fallback.
[error] fetching https://www.biola.edu/spanish-ba: 
[retry] extraction insufficient for https://www.biola.edu/spanish-ba; trying relaxed body text fallback and playwright.request fallback.
[error] fetching https://www.biola.edu/sociology-ba: 
[retry] extraction insufficient for https://www.biola.edu/sociology-ba; trying relaxed body text fallback and playwright.request fallback.
[error] fetching https://catalog.fullerton.edu/preview_program.php?catoid=80&poid=38429: 
[retry] extraction insufficient for https://catalog.fullerton.edu/preview_program.php?catoid=80&poid=38429; trying relaxed body text fallback and playwright.request fallback.
[error] fetching https://www.biola.edu/public-relations-and-strategic-communication-ba: 
[retry] extraction insufficient for https://www.biola.edu/public-relations-and-strategic-communication-ba; trying relaxed body text fallback and playwright.request fallback.
[error] fetching https://www.biola.edu/psychology-ba: 
[retry] extraction insufficient for https://www.biola.edu/psychology-ba; trying relaxed body text fallback and playwright.request fallback.
[error] fetching https://catalog.fullerton.edu/preview_program.php?catoid=80&poid=38428: 
[retry] extraction insufficient for https://catalog.fullerton.edu/preview_program.php?catoid=80&poid=38428; trying relaxed body text fallback and playwright.request fallback.
[error] fetching https://www.biola.edu/political-science-ba: 
[retry] extraction insufficient for https://www.biola.edu/political-science-ba; trying relaxed body text fallback and playwright.request fallback.
[error] fetching https://www.biola.edu/physics-bs: 
[retry] extraction insufficient for https://www.biola.edu/physics-bs; trying relaxed body text fallback and playwright.request fallback.
[error] fetching https://catalog.sjsu.edu/preview_program.php?catoid=13&poid=6363: 
[retry] extraction insufficient for https://catalog.sjsu.edu/preview_program.php?catoid=13&poid=6363; trying relaxed body text fallback and playwright.request fallback.
[error] fetching https://catalog.fullerton.edu/preview_program.php?catoid=80&poid=38427: 
[retry] extraction insufficient for https://catalog.fullerton.edu/preview_program.php?catoid=80&poid=38427; trying relaxed body text fallback and playwright.request fallback.
[error] fetching https://www.biola.edu/physical-science-bs: 
[retry] extraction insufficient for https://www.biola.edu/physical-science-bs; trying relaxed body text fallback and playwright.request fallback.
[error] fetching https://www.biola.edu/philosophy-ba: 
[retry] extraction insufficient for https://www.biola.edu/philosophy-ba; trying relaxed body text fallback and playwright.request fallback.
[error] fetching https://catalog.fullerton.edu/preview_program.php?catoid=80&poid=38426: 
[retry] extraction insufficient for https://catalog.fullerton.edu/preview_program.php?catoid=80&poid=38426; trying relaxed body text fallback and playwright.request fallback.
[error] fetching https://www.biola.edu/nursing-bs: 
[retry] extraction insufficient for https://www.biola.edu/nursing-bs; trying relaxed body text fallback and playwright.request fallback.
[error] fetching https://www.biola.edu/music-performance-bm: 
[retry] extraction insufficient for https://www.biola.edu/music-performance-bm; trying relaxed body text fallback and playwright.request fallback.
[error] fetching https://catalog.fullerton.edu/preview_program.php?catoid=80&poid=38425: 
[retry] extraction insufficient for https://catalog.fullerton.edu/preview_program.php?catoid=80&poid=38425; trying relaxed body text fallback and playwright.request fallback.
[error] fetching https://www.biola.edu/music-education-bm: 
[retry] extraction insufficient for https://www.biola.edu/music-education-bm; trying relaxed body text fallback and playwright.request fallback.
[error] fetching https://www.biola.edu/music-composition-bm: 
[retry] extraction insufficient for https://www.biola.edu/music-composition-bm; trying relaxed body text fallback and playwright.request fallback.
[error] fetching https://catalog.fullerton.edu/preview_program.php?catoid=80&poid=38424: 
[retry] extraction insufficient for https://catalog.fullerton.edu/preview_program.php?catoid=80&poid=38424; trying relaxed body text fallback and playwright.request fallback.
[error] fetching https://www.biola.edu/music-ba: 
[retry] extraction insufficient for https://www.biola.edu/music-ba; trying relaxed body text fallback and playwright.request fallback.
[error] fetching https://www.biola.edu/mathematics-bs: 
[retry] extraction insufficient for https://www.biola.edu/mathematics-bs; trying relaxed body text fallback and playwright.request fallback.
[error] fetching https://catalog.sjsu.edu/preview_program.php?catoid=13&poid=6362: 
[retry] extraction insufficient for https://catalog.sjsu.edu/preview_program.php?catoid=13&poid=6362; trying relaxed body text fallback and playwright.request fallback.
[error] fetching https://italian.ucla.edu/undergraduate/majors-minors/italian-major: 
[retry] extraction insufficient for https://italian.ucla.edu/undergraduate/majors-minors/italian-major; trying relaxed body text fallback and playwright.request fallback.
[error] fetching https://catalog.fullerton.edu/preview_program.php?catoid=80&poid=38423: 
[retry] extraction insufficient for https://catalog.fullerton.edu/preview_program.php?catoid=80&poid=38423; trying relaxed body text fallback and playwright.request fallback.
[error] fetching https://www.biola.edu/liberal-studies-elementary-education-ba: 
[retry] extraction insufficient for https://www.biola.edu/liberal-studies-elementary-education-ba; trying relaxed body text fallback and playwright.request fallback.
[error] fetching https://www.biola.edu/kinesiology-bs: 
[retry] extraction insufficient for https://www.biola.edu/kinesiology-bs; trying relaxed body text fallback and playwright.request fallback.
[error] fetching https://catalog.fullerton.edu/preview_program.php?catoid=80&poid=38422: 
[retry] extraction insufficient for https://catalog.fullerton.edu/preview_program.php?catoid=80&poid=38422; trying relaxed body text fallback and playwright.request fallback.
[error] fetching https://www.biola.edu/journalism-and-integrated-media-ba: 
[retry] extraction insufficient for https://www.biola.edu/journalism-and-integrated-media-ba; trying relaxed body text fallback and playwright.request fallback.
[error] fetching https://www.biola.edu/intercultural-studies-ba: 
[retry] extraction insufficient for https://www.biola.edu/intercultural-studies-ba; trying relaxed body text fallback and playwright.request fallback.
[error] fetching https://socgen.ucla.edu/undergraduate/major: 
[retry] extraction insufficient for https://socgen.ucla.edu/undergraduate/major; trying relaxed body text fallback and playwright.request fallback.
[error] fetching https://catalog.fullerton.edu/preview_program.php?catoid=80&poid=38421: 
[retry] extraction insufficient for https://catalog.fullerton.edu/preview_program.php?catoid=80&poid=38421; trying relaxed body text fallback and playwright.request fallback.
[error] fetching https://www.biola.edu/human-biology-bs: 
[retry] extraction insufficient for https://www.biola.edu/human-biology-bs; trying relaxed body text fallback and playwright.request fallback.
[error] fetching https://www.biola.edu/history-ba: 
[retry] extraction insufficient for https://www.biola.edu/history-ba; trying relaxed body text fallback and playwright.request fallback.
[error] fetching https://catalog.fullerton.edu/preview_program.php?catoid=80&poid=38420: 
[retry] extraction insufficient for https://catalog.fullerton.edu/preview_program.php?catoid=80&poid=38420; trying relaxed body text fallback and playwright.request fallback.
[error] fetching https://www.biola.edu/environmental-science-bs: 
[retry] extraction insufficient for https://www.biola.edu/environmental-science-bs; trying relaxed body text fallback and playwright.request fallback.
[error] fetching https://www.biola.edu/english-ba: 
[retry] extraction insufficient for https://www.biola.edu/english-ba; trying relaxed body text fallback and playwright.request fallback.
[error] fetching https://catalog.sjsu.edu/preview_program.php?catoid=13&poid=6361: 
[retry] extraction insufficient for https://catalog.sjsu.edu/preview_program.php?catoid=13&poid=6361; trying relaxed body text fallback and playwright.request fallback.
[error] fetching https://catalog.fullerton.edu/preview_program.php?catoid=80&poid=38419: 
[retry] extraction insufficient for https://catalog.fullerton.edu/preview_program.php?catoid=80&poid=38419; trying relaxed body text fallback and playwright.request fallback.
[error] fetching https://www.biola.edu/engineering-physics-bs: 
[retry] extraction insufficient for https://www.biola.edu/engineering-physics-bs; trying relaxed body text fallback and playwright.request fallback.
[error] fetching https://www.biola.edu/computer-science-bs: 
[retry] extraction insufficient for https://www.biola.edu/computer-science-bs; trying relaxed body text fallback and playwright.request fallback.
[error] fetching https://www.biola.edu/communication-studies-ba: 
[retry] extraction insufficient for https://www.biola.edu/communication-studies-ba; trying relaxed body text fallback and playwright.request fallback.
[error] fetching https://www.biola.edu/communication-sciences-and-disorders-bs: 
[retry] extraction insufficient for https://www.biola.edu/communication-sciences-and-disorders-bs; trying relaxed body text fallback and playwright.request fallback.
[error] fetching https://germanic.ucla.edu/undergraduate/majors-minors/german-major: 
[retry] extraction insufficient for https://germanic.ucla.edu/undergraduate/majors-minors/german-major; trying relaxed body text fallback and playwright.request fallback.
[error] fetching https://www.biola.edu/cinema-and-media-arts-ba: 
[retry] extraction insufficient for https://www.biola.edu/cinema-and-media-arts-ba; trying relaxed body text fallback and playwright.request fallback.
[error] fetching https://www.biola.edu/christian-ministries-ba: 
[retry] extraction insufficient for https://www.biola.edu/christian-ministries-ba; trying relaxed body text fallback and playwright.request fallback.
[error] fetching https://www.biola.edu/chemistry-bs: 
[retry] extraction insufficient for https://www.biola.edu/chemistry-bs; trying relaxed body text fallback and playwright.request fallback.
[error] fetching https://www.biola.edu/business-administration-bs: 
[retry] extraction insufficient for https://www.biola.edu/business-administration-bs; trying relaxed body text fallback and playwright.request fallback.
[error] fetching https://www.csac.ca.gov/cal-grant: 
[retry] extraction insufficient for https://www.csac.ca.gov/cal-grant; trying relaxed body text fallback and playwright.request fallback.
[error] fetching https://catalog.sjsu.edu/preview_program.php?catoid=13&poid=6360: 
[retry] extraction insufficient for https://catalog.sjsu.edu/preview_program.php?catoid=13&poid=6360; trying relaxed body text fallback and playwright.request fallback.
[error] fetching https://gender.ucla.edu/undergraduate/major: 
[retry] extraction insufficient for https://gender.ucla.edu/undergraduate/major; trying relaxed body text fallback and playwright.request fallback.
[error] fetching https://www.biola.edu/biological-science-bs: 
[retry] extraction insufficient for https://www.biola.edu/biological-science-bs; trying relaxed body text fallback and playwright.request fallback.
[error] fetching https://www.biola.edu/biochemistry-bs: 
[retry] extraction insufficient for https://www.biola.edu/biochemistry-bs; trying relaxed body text fallback and playwright.request fallback.
[error] fetching https://www.biola.edu/bible-theology-ministry-ba: 
[retry] extraction insufficient for https://www.biola.edu/bible-theology-ministry-ba; trying relaxed body text fallback and playwright.request fallback.
[error] fetching https://www.biola.edu/accounting-bs: 
[retry] extraction insufficient for https://www.biola.edu/accounting-bs; trying relaxed body text fallback and playwright.request fallback.
[error] fetching https://french.ucla.edu/undergraduate/majors-minors/french-and-francophone-studies-major: 
[retry] extraction insufficient for https://french.ucla.edu/undergraduate/majors-minors/french-and-francophone-studies-major; trying relaxed body text fallback and playwright.request fallback.
[error] fetching https://www.apu.edu/theology/programs/theology-major: 
[retry] extraction insufficient for https://www.apu.edu/theology/programs/theology-major; trying relaxed body text fallback and playwright.request fallback.
[error] fetching https://www.apu.edu/clas/programs/sociology-major: 
[retry] extraction insufficient for https://www.apu.edu/clas/programs/sociology-major; trying relaxed body text fallback and playwright.request fallback.
[error] fetching https://catalog.sjsu.edu/preview_program.php?catoid=13&poid=6359: 
[retry] extraction insufficient for https://catalog.sjsu.edu/preview_program.php?catoid=13&poid=6359; trying relaxed body text fallback and playwright.request fallback.
[error] fetching https://elts.ucla.edu/undergraduate/major: 
[retry] extraction insufficient for https://elts.ucla.edu/undergraduate/major; trying relaxed body text fallback and playwright.request fallback.
[error] fetching https://www.apu.edu/clas/programs/social-science-major: 
[retry] extraction insufficient for https://www.apu.edu/clas/programs/social-science-major; trying relaxed body text fallback and playwright.request fallback.
[error] fetching https://www.apu.edu/vpa/programs/public-relations-major: 
[retry] extraction insufficient for https://www.apu.edu/vpa/programs/public-relations-major; trying relaxed body text fallback and playwright.request fallback.
[error] fetching https://studentaffairs.fresnostate.edu/financialaid: 
[retry] extraction insufficient for https://studentaffairs.fresnostate.edu/financialaid; trying relaxed body text fallback and playwright.request fallback.
[error] fetching https://www.apu.edu/clas/programs/political-science-major: 
[retry] extraction insufficient for https://www.apu.edu/clas/programs/political-science-major; trying relaxed body text fallback and playwright.request fallback.
[error] fetching https://www.apu.edu/bas/programs/physics-major: 
[retry] extraction insufficient for https://www.apu.edu/bas/programs/physics-major; trying relaxed body text fallback and playwright.request fallback.
[error] fetching https://www.csueastbay.edu/modernlanguages/programs/ba-spanish.html: 
[retry] extraction insufficient for https://www.csueastbay.edu/modernlanguages/programs/ba-spanish.html; trying relaxed body text fallback and playwright.request fallback.
[error] fetching https://www.apu.edu/clas/programs/philosophy-major: 
[retry] extraction insufficient for https://www.apu.edu/clas/programs/philosophy-major; trying relaxed body text fallback and playwright.request fallback.
[error] fetching https://www.apu.edu/clas/programs/liberal-studies-major: 
[retry] extraction insufficient for https://www.apu.edu/clas/programs/liberal-studies-major; trying relaxed body text fallback and playwright.request fallback.
[error] fetching https://www.csueastbay.edu/sociology/programs/ba-sociology.html: 
[retry] extraction insufficient for https://www.csueastbay.edu/sociology/programs/ba-sociology.html; trying relaxed body text fallback and playwright.request fallback.
[error] fetching https://www.apu.edu/bas/programs/kinesiology-major: 
[retry] extraction insufficient for https://www.apu.edu/bas/programs/kinesiology-major; trying relaxed body text fallback and playwright.request fallback.
[error] fetching https://www.apu.edu/clas/programs/interdisciplinary-studies-major: 
[retry] extraction insufficient for https://www.apu.edu/clas/programs/interdisciplinary-studies-major; trying relaxed body text fallback and playwright.request fallback.
[error] fetching https://www.csac.ca.gov/student-forms: 
[retry] extraction insufficient for https://www.csac.ca.gov/student-forms; trying relaxed body text fallback and playwright.request fallback.
[error] fetching https://catalog.sjsu.edu/preview_program.php?catoid=13&poid=6358: 
[retry] extraction insufficient for https://catalog.sjsu.edu/preview_program.php?catoid=13&poid=6358; trying relaxed body text fallback and playwright.request fallback.
[error] fetching https://www.csueastbay.edu/politicalscience/programs/ba-political-science.html: 
[retry] extraction insufficient for https://www.csueastbay.edu/politicalscience/programs/ba-political-science.html; trying relaxed body text fallback and playwright.request fallback.
[error] fetching https://www.apu.edu/clas/programs/history-major: 
[retry] extraction insufficient for https://www.apu.edu/clas/programs/history-major; trying relaxed body text fallback and playwright.request fallback.
[error] fetching https://www.apu.edu/clas/programs/english-major: 
[retry] extraction insufficient for https://www.apu.edu/clas/programs/english-major; trying relaxed body text fallback and playwright.request fallback.
[error] fetching https://www.csueastbay.edu/kin/programs/bs-kinesiology.html: 
[retry] extraction insufficient for https://www.csueastbay.edu/kin/programs/bs-kinesiology.html; trying relaxed body text fallback and playwright.request fallback.
[error] fetching https://www.apu.edu/bas/programs/engineering-major: 
[retry] extraction insufficient for https://www.apu.edu/bas/programs/engineering-major; trying relaxed body text fallback and playwright.request fallback.
[error] fetching https://www.apu.edu/bas/programs/criminal-justice-major: 
[retry] extraction insufficient for https://www.apu.edu/bas/programs/criminal-justice-major; trying relaxed body text fallback and playwright.request fallback.
[error] fetching https://complit.ucla.edu/undergraduate/major: 
[retry] extraction insufficient for https://complit.ucla.edu/undergraduate/major; trying relaxed body text fallback and playwright.request fallback.
[error] fetching https://www.csueastbay.edu/international/programs/ba-international-studies.html: 
[retry] extraction insufficient for https://www.csueastbay.edu/international/programs/ba-international-studies.html; trying relaxed body text fallback and playwright.request fallback.
[error] fetching https://www.apu.edu/bas/programs/computer-science-major: 
[retry] extraction insufficient for https://www.apu.edu/bas/programs/computer-science-major; trying relaxed body text fallback and playwright.request fallback.
[error] fetching https://www.apu.edu/vpa/programs/cinematic-arts-major: 
[retry] extraction insufficient for https://www.apu.edu/vpa/programs/cinematic-arts-major; trying relaxed body text fallback and playwright.request fallback.
[error] fetching https://www.apu.edu/bas/programs/chemistry-major: 
[retry] extraction insufficient for https://www.apu.edu/bas/programs/chemistry-major; trying relaxed body text fallback and playwright.request fallback.
[error] fetching https://www.apu.edu/bas/programs/business-management-major: 
[retry] extraction insufficient for https://www.apu.edu/bas/programs/business-management-major; trying relaxed body text fallback and playwright.request fallback.
[error] fetching https://catalog.sjsu.edu/preview_program.php?catoid=13&poid=6357: 
[retry] extraction insufficient for https://catalog.sjsu.edu/preview_program.php?catoid=13&poid=6357; trying relaxed body text fallback and playwright.request fallback.
[error] fetching https://www.csueastbay.edu/accounting/undergraduate-programs/bs-accounting.html: 
[retry] extraction insufficient for https://www.csueastbay.edu/accounting/undergraduate-programs/bs-accounting.html; trying relaxed body text fallback and playwright.request fallback.
[error] fetching https://www.apu.edu/bas/programs/biochemistry-major: 
[retry] extraction insufficient for https://www.apu.edu/bas/programs/biochemistry-major; trying relaxed body text fallback and playwright.request fallback.
[error] fetching https://www.apu.edu/vpa/programs/art-major: 
[retry] extraction insufficient for https://www.apu.edu/vpa/programs/art-major; trying relaxed body text fallback and playwright.request fallback.
[error] fetching https://www.csueastbay.edu/financialaid: 
[retry] extraction insufficient for https://www.csueastbay.edu/financialaid; trying relaxed body text fallback and playwright.request fallback.
[error] fetching https://www.apu.edu/vpa/programs/animation-visual-effects-major: 
[retry] extraction insufficient for https://www.apu.edu/vpa/programs/animation-visual-effects-major; trying relaxed body text fallback and playwright.request fallback.
[error] fetching https://www.apu.edu/bas/programs/allied-health-major: 
[retry] extraction insufficient for https://www.apu.edu/bas/programs/allied-health-major; trying relaxed body text fallback and playwright.request fallback.
[error] fetching https://www.apu.edu/undergraduate-admissions/requirements: 
[retry] extraction insufficient for https://www.apu.edu/undergraduate-admissions/requirements; trying relaxed body text fallback and playwright.request fallback.
[error] fetching https://www.csuchico.edu/admissions/contact.shtml: 
[retry] extraction insufficient for https://www.csuchico.edu/admissions/contact.shtml; trying relaxed body text fallback and playwright.request fallback.
[error] fetching https://calbaptist.edu/financial-aid: 
[retry] extraction insufficient for https://calbaptist.edu/financial-aid; trying relaxed body text fallback and playwright.request fallback.
[error] fetching https://www.csuchico.edu/fa: 
[retry] extraction insufficient for https://www.csuchico.edu/fa; trying relaxed body text fallback and playwright.request fallback.
[error] fetching https://calbaptist.edu/admissions/undergraduate: 
[retry] extraction insufficient for https://calbaptist.edu/admissions/undergraduate; trying relaxed body text fallback and playwright.request fallback.
[error] fetching https://www.ggu.edu/admissions/financial-aid: 
[retry] extraction insufficient for https://www.ggu.edu/admissions/financial-aid; trying relaxed body text fallback and playwright.request fallback.
[error] fetching https://www.csuchico.edu/admissions: 
[retry] extraction insufficient for https://www.csuchico.edu/admissions; trying relaxed body text fallback and playwright.request fallback.
[error] fetching https://www.redlands.edu/study/schools-and-centers/college-of-arts-and-sciences/undergraduate-studies/women-gender-and-sexuality-studies: 
[retry] extraction insufficient for https://www.redlands.edu/study/schools-and-centers/college-of-arts-and-sciences/undergraduate-studies/women-gender-and-sexuality-studies; trying relaxed body text fallback and playwright.request fallback.
[error] fetching https://www.csuci.edu/financialaid: 
[retry] extraction insufficient for https://www.csuci.edu/financialaid; trying relaxed body text fallback and playwright.request fallback.
[error] fetching https://www.redlands.edu/study/schools-and-centers/college-of-arts-and-sciences/undergraduate-studies/spanish: 
[retry] extraction insufficient for https://www.redlands.edu/study/schools-and-centers/college-of-arts-and-sciences/undergraduate-studies/spanish; trying relaxed body text fallback and playwright.request fallback.
[error] fetching https://www.redlands.edu/study/schools-and-centers/college-of-arts-and-sciences/undergraduate-studies/religious-studies: 
[retry] extraction insufficient for https://www.redlands.edu/study/schools-and-centers/college-of-arts-and-sciences/undergraduate-studies/religious-studies; trying relaxed body text fallback and playwright.request fallback.
[error] fetching https://www.csub.edu/theatre: 
[retry] extraction insufficient for https://www.csub.edu/theatre; trying relaxed body text fallback and playwright.request fallback.
[error] fetching https://www.redlands.edu/study/schools-and-centers/college-of-arts-and-sciences/undergraduate-studies/race-and-ethnic-studies: 
[retry] extraction insufficient for https://www.redlands.edu/study/schools-and-centers/college-of-arts-and-sciences/undergraduate-studies/race-and-ethnic-studies; trying relaxed body text fallback and playwright.request fallback.
[error] fetching https://www.redlands.edu/study/schools-and-centers/college-of-arts-and-sciences/undergraduate-studies/public-policy: 
[retry] extraction insufficient for https://www.redlands.edu/study/schools-and-centers/college-of-arts-and-sciences/undergraduate-studies/public-policy; trying relaxed body text fallback and playwright.request fallback.
[error] fetching https://www.csub.edu/sociology: 
[retry] extraction insufficient for https://www.csub.edu/sociology; trying relaxed body text fallback and playwright.request fallback.
[error] fetching https://www.redlands.edu/study/schools-and-centers/college-of-arts-and-sciences/undergraduate-studies/psychology: 
[retry] extraction insufficient for https://www.redlands.edu/study/schools-and-centers/college-of-arts-and-sciences/undergraduate-studies/psychology; trying relaxed body text fallback and playwright.request fallback.
[error] fetching https://www.redlands.edu/study/schools-and-centers/college-of-arts-and-sciences/undergraduate-studies/political-science: 
[retry] extraction insufficient for https://www.redlands.edu/study/schools-and-centers/college-of-arts-and-sciences/undergraduate-studies/political-science; trying relaxed body text fallback and playwright.request fallback.
[error] fetching https://www.csub.edu/psychology: 
[retry] extraction insufficient for https://www.csub.edu/psychology; trying relaxed body text fallback and playwright.request fallback.
[error] fetching https://www.redlands.edu/study/schools-and-centers/college-of-arts-and-sciences/undergraduate-studies/philosophy: 
[retry] extraction insufficient for https://www.redlands.edu/study/schools-and-centers/college-of-arts-and-sciences/undergraduate-studies/philosophy; trying relaxed body text fallback and playwright.request fallback.
[error] fetching https://www.redlands.edu/study/schools-and-centers/college-of-arts-and-sciences/undergraduate-studies/physics: 
[retry] extraction insufficient for https://www.redlands.edu/study/schools-and-centers/college-of-arts-and-sciences/undergraduate-studies/physics; trying relaxed body text fallback and playwright.request fallback.
[error] fetching https://www.redlands.edu/study/schools-and-centers/college-of-arts-and-sciences/undergraduate-studies/media-and-visual-culture-studies: 
[retry] extraction insufficient for https://www.redlands.edu/study/schools-and-centers/college-of-arts-and-sciences/undergraduate-studies/media-and-visual-culture-studies; trying relaxed body text fallback and playwright.request fallback.
[error] fetching https://www.redlands.edu/study/schools-and-centers/college-of-arts-and-sciences/undergraduate-studies/mathematics: 
[retry] extraction insufficient for https://www.redlands.edu/study/schools-and-centers/college-of-arts-and-sciences/undergraduate-studies/mathematics; trying relaxed body text fallback and playwright.request fallback.
[error] fetching https://www.redlands.edu/study/schools-and-centers/college-of-arts-and-sciences/undergraduate-studies/latin-american-studies: 
[retry] extraction insufficient for https://www.redlands.edu/study/schools-and-centers/college-of-arts-and-sciences/undergraduate-studies/latin-american-studies; trying relaxed body text fallback and playwright.request fallback.
[error] fetching https://www.redlands.edu/study/schools-and-centers/college-of-arts-and-sciences/undergraduate-studies/international-relations: 
[retry] extraction insufficient for https://www.redlands.edu/study/schools-and-centers/college-of-arts-and-sciences/undergraduate-studies/international-relations; trying relaxed body text fallback and playwright.request fallback.
[error] fetching https://www.csub.edu/prelaw: 
[retry] extraction insufficient for https://www.csub.edu/prelaw; trying relaxed body text fallback and playwright.request fallback.
[error] fetching https://www.csub.edu/polisci: 
[retry] extraction insufficient for https://www.csub.edu/polisci; trying relaxed body text fallback and playwright.request fallback.
[error] fetching https://www.csub.edu/history: 
[retry] extraction insufficient for https://www.csub.edu/history; trying relaxed body text fallback and playwright.request fallback.
[error] fetching https://www.redlands.edu/study/schools-and-centers/college-of-arts-and-sciences/undergraduate-studies/computer-science: 
[retry] extraction insufficient for https://www.redlands.edu/study/schools-and-centers/college-of-arts-and-sciences/undergraduate-studies/computer-science; trying relaxed body text fallback and playwright.request fallback.
[error] fetching https://www.redlands.edu/study/schools-and-centers/college-of-arts-and-sciences/undergraduate-studies/chemistry: 
[retry] extraction insufficient for https://www.redlands.edu/study/schools-and-centers/college-of-arts-and-sciences/undergraduate-studies/chemistry; trying relaxed body text fallback and playwright.request fallback.
[error] fetching https://www.csub.edu/geology: 
[retry] extraction insufficient for https://www.csub.edu/geology; trying relaxed body text fallback and playwright.request fallback.
[error] fetching https://www.redlands.edu/study/schools-and-centers/college-of-arts-and-sciences/undergraduate-studies/biology: 
[retry] extraction insufficient for https://www.redlands.edu/study/schools-and-centers/college-of-arts-and-sciences/undergraduate-studies/biology; trying relaxed body text fallback and playwright.request fallback.
[error] fetching https://www.cpp.edu/ceis/early-childhood-studies/index.shtml: 
[retry] extraction insufficient for https://www.cpp.edu/ceis/early-childhood-studies/index.shtml; trying relaxed body text fallback and playwright.request fallback.
[error] fetching https://www.redlands.edu/study/schools-and-centers/college-of-arts-and-sciences/undergraduate-studies/biochemistry-and-molecular-biology: 
[retry] extraction insufficient for https://www.redlands.edu/study/schools-and-centers/college-of-arts-and-sciences/undergraduate-studies/biochemistry-and-molecular-biology; trying relaxed body text fallback and playwright.request fallback.
[error] fetching https://www.redlands.edu/study/schools-and-centers/college-of-arts-and-sciences/undergraduate-studies/asian-studies: 
[retry] extraction insufficient for https://www.redlands.edu/study/schools-and-centers/college-of-arts-and-sciences/undergraduate-studies/asian-studies; trying relaxed body text fallback and playwright.request fallback.
[error] fetching https://www.redlands.edu/study/schools-and-centers/college-of-arts-and-sciences/undergraduate-studies/art: 
[retry] extraction insufficient for https://www.redlands.edu/study/schools-and-centers/college-of-arts-and-sciences/undergraduate-studies/art; trying relaxed body text fallback and playwright.request fallback.
[error] fetching https://www.redlands.edu/study/schools-and-centers/college-of-arts-and-sciences/undergraduate-studies/accounting: 
[retry] extraction insufficient for https://www.redlands.edu/study/schools-and-centers/college-of-arts-and-sciences/undergraduate-studies/accounting; trying relaxed body text fallback and playwright.request fallback.
[error] fetching https://www.redlands.edu/admissions-and-aid/undergraduate/apply: 
[retry] extraction insufficient for https://www.redlands.edu/admissions-and-aid/undergraduate/apply; trying relaxed body text fallback and playwright.request fallback.
[error] fetching https://www.redlands.edu/admissions-and-aid/undergraduate: 
[retry] extraction insufficient for https://www.redlands.edu/admissions-and-aid/undergraduate; trying relaxed body text fallback and playwright.request fallback.
[error] fetching https://www.chapman.edu/admission/undergraduate/apply/first-year-freshman.aspx: 
[retry] extraction insufficient for https://www.chapman.edu/admission/undergraduate/apply/first-year-freshman.aspx; trying relaxed body text fallback and playwright.request fallback.
[error] fetching https://bellarmine.lmu.edu/urbanstudies: 
[retry] extraction insufficient for https://bellarmine.lmu.edu/urbanstudies; trying relaxed body text fallback and playwright.request fallback.
[error] fetching https://bellarmine.lmu.edu/theologicalstudies: 
[retry] extraction insufficient for https://bellarmine.lmu.edu/theologicalstudies; trying relaxed body text fallback and playwright.request fallback.
[error] fetching https://bellarmine.lmu.edu/sociology: 
[retry] extraction insufficient for https://bellarmine.lmu.edu/sociology; trying relaxed body text fallback and playwright.request fallback.
[error] fetching https://bellarmine.lmu.edu/psychology: 
[retry] extraction insufficient for https://bellarmine.lmu.edu/psychology; trying relaxed body text fallback and playwright.request fallback.
[error] fetching https://bellarmine.lmu.edu/politicalscience: 
[retry] extraction insufficient for https://bellarmine.lmu.edu/politicalscience; trying relaxed body text fallback and playwright.request fallback.
[error] fetching https://bellarmine.lmu.edu/philosophy: 
[retry] extraction insufficient for https://bellarmine.lmu.edu/philosophy; trying relaxed body text fallback and playwright.request fallback.
[error] fetching https://cfa.lmu.edu/programs/music: 
[retry] extraction insufficient for https://cfa.lmu.edu/programs/music; trying relaxed body text fallback and playwright.request fallback.
[error] fetching https://bellarmine.lmu.edu/modernlanguages: 
[retry] extraction insufficient for https://bellarmine.lmu.edu/modernlanguages; trying relaxed body text fallback and playwright.request fallback.
[error] fetching https://www.csub.edu/english: 
[retry] extraction insufficient for https://www.csub.edu/english; trying relaxed body text fallback and playwright.request fallback.
[error] fetching https://bellarmine.lmu.edu/journalism: 
[retry] extraction insufficient for https://bellarmine.lmu.edu/journalism; trying relaxed body text fallback and playwright.request fallback.
[error] fetching https://bellarmine.lmu.edu/internationalrelations: 
[retry] extraction insufficient for https://bellarmine.lmu.edu/internationalrelations; trying relaxed body text fallback and playwright.request fallback.
[error] fetching https://bellarmine.lmu.edu/humanities: 
[retry] extraction insufficient for https://bellarmine.lmu.edu/humanities; trying relaxed body text fallback and playwright.request fallback.
[error] fetching https://bellarmine.lmu.edu/history: 
[retry] extraction insufficient for https://bellarmine.lmu.edu/history; trying relaxed body text fallback and playwright.request fallback.
[error] fetching https://bellarmine.lmu.edu/environmentalstudies: 
[retry] extraction insufficient for https://bellarmine.lmu.edu/environmentalstudies; trying relaxed body text fallback and playwright.request fallback.
[error] fetching https://bellarmine.lmu.edu/english: 
[retry] extraction insufficient for https://bellarmine.lmu.edu/english; trying relaxed body text fallback and playwright.request fallback.
[error] fetching https://financialaid.lmu.edu: 
[retry] extraction insufficient for https://financialaid.lmu.edu; trying relaxed body text fallback and playwright.request fallback.
[error] fetching https://seaver.pepperdine.edu/admission/financial-aid: 
[retry] extraction insufficient for https://seaver.pepperdine.edu/admission/financial-aid; trying relaxed body text fallback and playwright.request fallback.
[error] fetching https://seaver.pepperdine.edu/admission/application: 
[retry] extraction insufficient for https://seaver.pepperdine.edu/admission/application; trying relaxed body text fallback and playwright.request fallback.
[error] fetching https://www.csub.edu/criminaljustice: 
[retry] extraction insufficient for https://www.csub.edu/criminaljustice; trying relaxed body text fallback and playwright.request fallback.
[error] fetching https://www.cpp.edu/agri/plant-science/index.shtml: 
[retry] extraction insufficient for https://www.cpp.edu/agri/plant-science/index.shtml; trying relaxed body text fallback and playwright.request fallback.
[error] fetching https://www.cpp.edu/ceis/liberal-studies/index.shtml: 
[retry] extraction insufficient for https://www.cpp.edu/ceis/liberal-studies/index.shtml; trying relaxed body text fallback and playwright.request fallback.
[error] fetching https://journalism.calpoly.edu: 
[retry] extraction insufficient for https://journalism.calpoly.edu; trying relaxed body text fallback and playwright.request fallback.
[error] fetching https://www.cpp.edu/env/architecture/index.shtml: 
[retry] extraction insufficient for https://www.cpp.edu/env/architecture/index.shtml; trying relaxed body text fallback and playwright.request fallback.
[error] fetching https://www.cpp.edu/agri/animal-science/index.shtml: 
[retry] extraction insufficient for https://www.cpp.edu/agri/animal-science/index.shtml; trying relaxed body text fallback and playwright.request fallback.
[error] fetching https://engineering.calpoly.edu/general-engineering: 
[retry] extraction insufficient for https://engineering.calpoly.edu/general-engineering; trying relaxed body text fallback and playwright.request fallback.
[error] fetching https://catalogue.usc.edu/preview_program.php?catoid=18&poid=26395: 
[retry] extraction insufficient for https://catalogue.usc.edu/preview_program.php?catoid=18&poid=26395; trying relaxed body text fallback and playwright.request fallback.
[error] fetching https://www.csub.edu/comm: 
[retry] extraction insufficient for https://www.csub.edu/comm; trying relaxed body text fallback and playwright.request fallback.
[error] fetching https://www.csub.edu/chemistry: 
[retry] extraction insufficient for https://www.csub.edu/chemistry; trying relaxed body text fallback and playwright.request fallback.
[error] fetching https://animalscience.calpoly.edu: 
[retry] extraction insufficient for https://animalscience.calpoly.edu; trying relaxed body text fallback and playwright.request fallback.
[error] fetching https://catalogue.usc.edu/preview_program.php?catoid=18&poid=26383: 
[retry] extraction insufficient for https://catalogue.usc.edu/preview_program.php?catoid=18&poid=26383; trying relaxed body text fallback and playwright.request fallback.
[error] fetching https://catalogue.usc.edu/preview_program.php?catoid=18&poid=26387: 
[retry] extraction insufficient for https://catalogue.usc.edu/preview_program.php?catoid=18&poid=26387; trying relaxed body text fallback and playwright.request fallback.
[error] fetching https://www.csub.edu/biology: 
[retry] extraction insufficient for https://www.csub.edu/biology; trying relaxed body text fallback and playwright.request fallback.
[error] fetching https://catalogue.usc.edu/preview_program.php?catoid=18&poid=26371: 
[retry] extraction insufficient for https://catalogue.usc.edu/preview_program.php?catoid=18&poid=26371; trying relaxed body text fallback and playwright.request fallback.
[error] fetching https://catalog.ucr.edu/preview_program.php?catoid=23&poid=10819: 
[retry] extraction insufficient for https://catalog.ucr.edu/preview_program.php?catoid=23&poid=10819; trying relaxed body text fallback and playwright.request fallback.
[error] fetching https://catalogue.usc.edu/preview_program.php?catoid=18&poid=26357: 
[retry] extraction insufficient for https://catalogue.usc.edu/preview_program.php?catoid=18&poid=26357; trying relaxed body text fallback and playwright.request fallback.
[error] fetching https://catalogue.usc.edu/preview_program.php?catoid=18&poid=26378: 
[retry] extraction insufficient for https://catalogue.usc.edu/preview_program.php?catoid=18&poid=26378; trying relaxed body text fallback and playwright.request fallback.
[error] fetching https://www.redlands.edu/study/schools-and-centers/college-of-arts-and-sciences/undergraduate-studies/environmental-science: 
[retry] extraction insufficient for https://www.redlands.edu/study/schools-and-centers/college-of-arts-and-sciences/undergraduate-studies/environmental-science; trying relaxed body text fallback and playwright.request fallback.
[error] fetching https://www.redlands.edu/study/schools-and-centers/college-of-arts-and-sciences/undergraduate-studies/environmental-studies: 
[retry] extraction insufficient for https://www.redlands.edu/study/schools-and-centers/college-of-arts-and-sciences/undergraduate-studies/environmental-studies; trying relaxed body text fallback and playwright.request fallback.
[error] fetching https://www.otis.edu/illustration: 
[retry] extraction insufficient for https://www.otis.edu/illustration; trying relaxed body text fallback and playwright.request fallback.
[error] fetching https://www.otis.edu/fashion-design: 
[retry] extraction insufficient for https://www.otis.edu/fashion-design; trying relaxed body text fallback and playwright.request fallback.
[error] fetching https://catalogue.usc.edu/preview_program.php?catoid=18&poid=26329: 
[retry] extraction insufficient for https://catalogue.usc.edu/preview_program.php?catoid=18&poid=26329; trying relaxed body text fallback and playwright.request fallback.
[error] fetching https://sacd.sdsu.edu/financial-aid: 
[retry] extraction insufficient for https://sacd.sdsu.edu/financial-aid; trying relaxed body text fallback and playwright.request fallback.
[error] fetching https://catalogue.usc.edu/preview_program.php?catoid=18&poid=26367: 
[retry] extraction insufficient for https://catalogue.usc.edu/preview_program.php?catoid=18&poid=26367; trying relaxed body text fallback and playwright.request fallback.
[error] fetching https://www.calpoly.edu/admissions: 
[retry] extraction insufficient for https://www.calpoly.edu/admissions; trying relaxed body text fallback and playwright.request fallback.
[error] fetching https://www.redlands.edu/study/schools-and-centers/college-of-arts-and-sciences/undergraduate-studies/health-medicine-and-society: 
[retry] extraction insufficient for https://www.redlands.edu/study/schools-and-centers/college-of-arts-and-sciences/undergraduate-studies/health-medicine-and-society; trying relaxed body text fallback and playwright.request fallback.
[error] fetching https://www.csub.edu/music: 
[retry] extraction insufficient for https://www.csub.edu/music; trying relaxed body text fallback and playwright.request fallback.
[error] fetching https://catalogue.usc.edu/preview_program.php?catoid=18&poid=26330: 
[retry] extraction insufficient for https://catalogue.usc.edu/preview_program.php?catoid=18&poid=26330; trying relaxed body text fallback and playwright.request fallback.
[error] fetching https://catalogue.usc.edu/preview_program.php?catoid=18&poid=26355: 
[retry] extraction insufficient for https://catalogue.usc.edu/preview_program.php?catoid=18&poid=26355; trying relaxed body text fallback and playwright.request fallback.
[error] fetching https://catalogue.usc.edu/preview_program.php?catoid=18&poid=26354: 
[retry] extraction insufficient for https://catalogue.usc.edu/preview_program.php?catoid=18&poid=26354; trying relaxed body text fallback and playwright.request fallback.
[error] fetching https://catalogue.usc.edu/preview_program.php?catoid=18&poid=26331: 
[retry] extraction insufficient for https://catalogue.usc.edu/preview_program.php?catoid=18&poid=26331; trying relaxed body text fallback and playwright.request fallback.
[error] fetching https://catalogue.usc.edu/preview_program.php?catoid=18&poid=26351: 
[retry] extraction insufficient for https://catalogue.usc.edu/preview_program.php?catoid=18&poid=26351; trying relaxed body text fallback and playwright.request fallback.
[error] fetching https://catalogue.usc.edu/preview_program.php?catoid=18&poid=26350: 
[retry] extraction insufficient for https://catalogue.usc.edu/preview_program.php?catoid=18&poid=26350; trying relaxed body text fallback and playwright.request fallback.
[error] fetching https://www.finaid.ucsb.edu: 
[retry] extraction insufficient for https://www.finaid.ucsb.edu; trying relaxed body text fallback and playwright.request fallback.
[error] fetching https://statistics.calpoly.edu: 
[retry] extraction insufficient for https://statistics.calpoly.edu; trying relaxed body text fallback and playwright.request fallback.
[error] fetching https://admissions.ucsb.edu/contact-us: 
[retry] extraction insufficient for https://admissions.ucsb.edu/contact-us; trying relaxed body text fallback and playwright.request fallback.
[error] fetching https://catalogue.usc.edu/preview_program.php?catoid=18&poid=26333: 
[retry] extraction insufficient for https://catalogue.usc.edu/preview_program.php?catoid=18&poid=26333; trying relaxed body text fallback and playwright.request fallback.
[error] fetching https://www.redlands.edu/study/schools-and-centers/college-of-arts-and-sciences/undergraduate-studies/history: 
[retry] extraction insufficient for https://www.redlands.edu/study/schools-and-centers/college-of-arts-and-sciences/undergraduate-studies/history; trying relaxed body text fallback and playwright.request fallback.
[error] fetching https://www.csub.edu/nursing: 
[retry] extraction insufficient for https://www.csub.edu/nursing; trying relaxed body text fallback and playwright.request fallback.
[error] fetching https://catalogue.usc.edu/preview_program.php?catoid=18&poid=26339: 
[retry] extraction insufficient for https://catalogue.usc.edu/preview_program.php?catoid=18&poid=26339; trying relaxed body text fallback and playwright.request fallback.
[error] fetching https://catalogue.usc.edu/preview_program.php?catoid=18&poid=26338: 
[retry] extraction insufficient for https://catalogue.usc.edu/preview_program.php?catoid=18&poid=26338; trying relaxed body text fallback and playwright.request fallback.
[error] fetching https://catalogue.usc.edu/preview_program.php?catoid=18&poid=26336: 
[retry] extraction insufficient for https://catalogue.usc.edu/preview_program.php?catoid=18&poid=26336; trying relaxed body text fallback and playwright.request fallback.
[error] fetching https://catalog.ucsd.edu/curric/FMPH-ug.html: 
[retry] extraction insufficient for https://catalog.ucsd.edu/curric/FMPH-ug.html; trying relaxed body text fallback and playwright.request fallback.
[error] fetching https://catalogue.usc.edu/preview_program.php?catoid=18&poid=26341: 
[retry] extraction insufficient for https://catalogue.usc.edu/preview_program.php?catoid=18&poid=26341; trying relaxed body text fallback and playwright.request fallback.
[error] fetching https://catalog.sjsu.edu/preview_program.php?catoid=13&poid=6420: 
[retry] extraction insufficient for https://catalog.sjsu.edu/preview_program.php?catoid=13&poid=6420; trying relaxed body text fallback and playwright.request fallback.
[error] fetching https://catalog.ucsd.edu/curric/SOC-ug.html: 
[retry] extraction insufficient for https://catalog.ucsd.edu/curric/SOC-ug.html; trying relaxed body text fallback and playwright.request fallback.
[error] fetching https://bellarmine.lmu.edu/liberalstudies: 
[retry] extraction insufficient for https://bellarmine.lmu.edu/liberalstudies; trying relaxed body text fallback and playwright.request fallback.
[error] fetching https://catalogue.usc.edu/preview_program.php?catoid=18&poid=26343: 
[retry] extraction insufficient for https://catalogue.usc.edu/preview_program.php?catoid=18&poid=26343; trying relaxed body text fallback and playwright.request fallback.
[error] fetching https://catalogue.usc.edu/preview_program.php?catoid=18&poid=26348: 
[retry] extraction insufficient for https://catalogue.usc.edu/preview_program.php?catoid=18&poid=26348; trying relaxed body text fallback and playwright.request fallback.
[error] fetching https://physics.calpoly.edu: 
[retry] extraction insufficient for https://physics.calpoly.edu; trying relaxed body text fallback and playwright.request fallback.
[error] fetching https://catalog.ucsd.edu/curric/GLBH-ug.html: 
[retry] extraction insufficient for https://catalog.ucsd.edu/curric/GLBH-ug.html; trying relaxed body text fallback and playwright.request fallback.
[error] fetching https://catalogue.usc.edu/preview_program.php?catoid=18&poid=26324: 
[retry] extraction insufficient for https://catalogue.usc.edu/preview_program.php?catoid=18&poid=26324; trying relaxed body text fallback and playwright.request fallback.
[error] fetching https://catalogue.usc.edu/preview_program.php?catoid=18&poid=26326: 
[retry] extraction insufficient for https://catalogue.usc.edu/preview_program.php?catoid=18&poid=26326; trying relaxed body text fallback and playwright.request fallback.
[error] fetching https://catalogue.usc.edu/preview_program.php?catoid=18&poid=26321: 
[retry] extraction insufficient for https://catalogue.usc.edu/preview_program.php?catoid=18&poid=26321; trying relaxed body text fallback and playwright.request fallback.
[error] fetching https://catalogue.usc.edu/preview_program.php?catoid=18&poid=26319: 
[retry] extraction insufficient for https://catalogue.usc.edu/preview_program.php?catoid=18&poid=26319; trying relaxed body text fallback and playwright.request fallback.
[error] fetching https://catalog.ucsd.edu/curric/JWSP-ug.html: 
[retry] extraction insufficient for https://catalog.ucsd.edu/curric/JWSP-ug.html; trying relaxed body text fallback and playwright.request fallback.
[error] fetching https://catalog.ucsd.edu/curric/ECE-ug.html: 
[retry] extraction insufficient for https://catalog.ucsd.edu/curric/ECE-ug.html; trying relaxed body text fallback and playwright.request fallback.
[error] fetching https://catalogue.usc.edu/preview_program.php?catoid=18&poid=26328: 
[retry] extraction insufficient for https://catalogue.usc.edu/preview_program.php?catoid=18&poid=26328; trying relaxed body text fallback and playwright.request fallback.
[error] fetching https://catalog.sjsu.edu/preview_program.php?catoid=13&poid=6415: 
[retry] extraction insufficient for https://catalog.sjsu.edu/preview_program.php?catoid=13&poid=6415; trying relaxed body text fallback and playwright.request fallback.
[error] fetching https://publicpolicy.stanford.edu/academics/undergraduate-program: 
[retry] extraction insufficient for https://publicpolicy.stanford.edu/academics/undergraduate-program; trying relaxed body text fallback and playwright.request fallback.
[error] fetching https://mse.stanford.edu/academics/undergraduate-program: 
[retry] extraction insufficient for https://mse.stanford.edu/academics/undergraduate-program; trying relaxed body text fallback and playwright.request fallback.
[error] fetching https://catalog.sjsu.edu/preview_program.php?catoid=13&poid=6413: 
[retry] extraction insufficient for https://catalog.sjsu.edu/preview_program.php?catoid=13&poid=6413; trying relaxed body text fallback and playwright.request fallback.
[error] fetching https://catalog.sjsu.edu/preview_program.php?catoid=13&poid=6412: 
[retry] extraction insufficient for https://catalog.sjsu.edu/preview_program.php?catoid=13&poid=6412; trying relaxed body text fallback and playwright.request fallback.
[error] fetching https://finaid.humboldt.edu: 
[retry] extraction insufficient for https://finaid.humboldt.edu; trying relaxed body text fallback and playwright.request fallback.
[error] fetching https://catalog.sjsu.edu/preview_program.php?catoid=13&poid=6411: 
[retry] extraction insufficient for https://catalog.sjsu.edu/preview_program.php?catoid=13&poid=6411; trying relaxed body text fallback and playwright.request fallback.
[error] fetching https://marine.calpoly.edu: 
[retry] extraction insufficient for https://marine.calpoly.edu; trying relaxed body text fallback and playwright.request fallback.
[error] fetching https://catalog.ucsd.edu/curric/MAE-ug.html: 
[retry] extraction insufficient for https://catalog.ucsd.edu/curric/MAE-ug.html; trying relaxed body text fallback and playwright.request fallback.
[error] fetching https://catalog.csustan.edu/preview_program.php?catoid=32&poid=4598: 
[retry] extraction insufficient for https://catalog.csustan.edu/preview_program.php?catoid=32&poid=4598; trying relaxed body text fallback and playwright.request fallback.
[error] fetching https://catalog.csustan.edu/preview_program.php?catoid=32&poid=4597: 
[retry] extraction insufficient for https://catalog.csustan.edu/preview_program.php?catoid=32&poid=4597; trying relaxed body text fallback and playwright.request fallback.
[error] fetching https://catalog.sjsu.edu/preview_program.php?catoid=13&poid=6409: 
[retry] extraction insufficient for https://catalog.sjsu.edu/preview_program.php?catoid=13&poid=6409; trying relaxed body text fallback and playwright.request fallback.
[error] fetching https://liberalstudies.calpoly.edu: 
[retry] extraction insufficient for https://liberalstudies.calpoly.edu; trying relaxed body text fallback and playwright.request fallback.
[error] fetching https://www.usfca.edu/admission/undergraduate/contact: 
[retry] extraction insufficient for https://www.usfca.edu/admission/undergraduate/contact; trying relaxed body text fallback and playwright.request fallback.
[error] fetching https://catalog.sjsu.edu/preview_program.php?catoid=13&poid=6408: 
[retry] extraction insufficient for https://catalog.sjsu.edu/preview_program.php?catoid=13&poid=6408; trying relaxed body text fallback and playwright.request fallback.
[error] fetching https://catalogue.usc.edu/preview_program.php?catoid=18&poid=26332: 
[retry] extraction insufficient for https://catalogue.usc.edu/preview_program.php?catoid=18&poid=26332; trying relaxed body text fallback and playwright.request fallback.
[error] fetching https://bigfuture.collegeboard.org/majors: 
[retry] extraction insufficient for https://bigfuture.collegeboard.org/majors; trying relaxed body text fallback and playwright.request fallback.
[error] fetching https://catalog.sjsu.edu/preview_program.php?catoid=13&poid=6407: 
[retry] extraction insufficient for https://catalog.sjsu.edu/preview_program.php?catoid=13&poid=6407; trying relaxed body text fallback and playwright.request fallback.
[error] fetching https://www.usfca.edu/admission/undergraduate/apply: 
[retry] extraction insufficient for https://www.usfca.edu/admission/undergraduate/apply; trying relaxed body text fallback and playwright.request fallback.
[error] fetching https://www.usfca.edu/admission/undergraduate/first-year: 
[retry] extraction insufficient for https://www.usfca.edu/admission/undergraduate/first-year; trying relaxed body text fallback and playwright.request fallback.
[error] fetching https://catalog.sjsu.edu/preview_program.php?catoid=13&poid=6406: 
[retry] extraction insufficient for https://catalog.sjsu.edu/preview_program.php?catoid=13&poid=6406; trying relaxed body text fallback and playwright.request fallback.
[error] fetching https://catalog.csustan.edu/preview_program.php?catoid=32&poid=4582: 
[retry] extraction insufficient for https://catalog.csustan.edu/preview_program.php?catoid=32&poid=4582; trying relaxed body text fallback and playwright.request fallback.
[error] fetching https://catalog.csustan.edu/preview_program.php?catoid=32&poid=4581: 
[retry] extraction insufficient for https://catalog.csustan.edu/preview_program.php?catoid=32&poid=4581; trying relaxed body text fallback and playwright.request fallback.
[error] fetching https://catalog.sjsu.edu/preview_program.php?catoid=13&poid=6405: 
[retry] extraction insufficient for https://catalog.sjsu.edu/preview_program.php?catoid=13&poid=6405; trying relaxed body text fallback and playwright.request fallback.
[error] fetching https://www.cpp.edu/env/landscape-architecture/index.shtml: 
[retry] extraction insufficient for https://www.cpp.edu/env/landscape-architecture/index.shtml; trying relaxed body text fallback and playwright.request fallback.
[error] fetching https://www.usfca.edu/admission/undergraduate/apply#deadlines: 
[retry] extraction insufficient for https://www.usfca.edu/admission/undergraduate/apply#deadlines; trying relaxed body text fallback and playwright.request fallback.
[error] fetching https://catalog.csustan.edu/preview_program.php?catoid=32&poid=4578: 
[retry] extraction insufficient for https://catalog.csustan.edu/preview_program.php?catoid=32&poid=4578; trying relaxed body text fallback and playwright.request fallback.
[error] fetching https://catalog.sjsu.edu/preview_program.php?catoid=13&poid=6404: 
[retry] extraction insufficient for https://catalog.sjsu.edu/preview_program.php?catoid=13&poid=6404; trying relaxed body text fallback and playwright.request fallback.
[error] fetching https://catalog.ucr.edu/preview_program.php?catoid=23&poid=10854: 
[retry] extraction insufficient for https://catalog.ucr.edu/preview_program.php?catoid=23&poid=10854; trying relaxed body text fallback and playwright.request fallback.
[error] fetching https://catalog.sjsu.edu/preview_program.php?catoid=13&poid=6403: 
[retry] extraction insufficient for https://catalog.sjsu.edu/preview_program.php?catoid=13&poid=6403; trying relaxed body text fallback and playwright.request fallback.
[error] fetching https://catalog.ucr.edu/preview_program.php?catoid=23&poid=10851: 
[retry] extraction insufficient for https://catalog.ucr.edu/preview_program.php?catoid=23&poid=10851; trying relaxed body text fallback and playwright.request fallback.
[error] fetching https://catalog.sjsu.edu/preview_program.php?catoid=13&poid=6402: 
[retry] extraction insufficient for https://catalog.sjsu.edu/preview_program.php?catoid=13&poid=6402; trying relaxed body text fallback and playwright.request fallback.
[error] fetching https://catalog.ucr.edu/preview_program.php?catoid=23&poid=10850: 
[retry] extraction insufficient for https://catalog.ucr.edu/preview_program.php?catoid=23&poid=10850; trying relaxed body text fallback and playwright.request fallback.
[error] fetching https://globalstudies.sonoma.edu: 
[retry] extraction insufficient for https://globalstudies.sonoma.edu; trying relaxed body text fallback and playwright.request fallback.
[error] fetching https://economics.sonoma.edu: 
[retry] extraction insufficient for https://economics.sonoma.edu; trying relaxed body text fallback and playwright.request fallback.
[error] fetching https://chemistry.sonoma.edu: 
[retry] extraction insufficient for https://chemistry.sonoma.edu; trying relaxed body text fallback and playwright.request fallback.
[error] fetching https://business.sonoma.edu: 
[retry] extraction insufficient for https://business.sonoma.edu; trying relaxed body text fallback and playwright.request fallback.
[error] fetching https://art.sonoma.edu: 
[retry] extraction insufficient for https://art.sonoma.edu; trying relaxed body text fallback and playwright.request fallback.
[error] fetching https://anthropology.sonoma.edu: 
[retry] extraction insufficient for https://anthropology.sonoma.edu; trying relaxed body text fallback and playwright.request fallback.
[error] fetching https://admissions.sonoma.edu/how-apply: 
[retry] extraction insufficient for https://admissions.sonoma.edu/how-apply; trying relaxed body text fallback and playwright.request fallback.
[error] fetching https://www.csusm.edu/vpa/programs/ba.html: 
[retry] extraction insufficient for https://www.csusm.edu/vpa/programs/ba.html; trying relaxed body text fallback and playwright.request fallback.
[error] fetching https://www.csusm.edu/finaid/index.html: 
[retry] extraction insufficient for https://www.csusm.edu/finaid/index.html; trying relaxed body text fallback and playwright.request fallback.
[error] fetching https://www.csusm.edu/sfs/tuition/index.html: 
[retry] extraction insufficient for https://www.csusm.edu/sfs/tuition/index.html; trying relaxed body text fallback and playwright.request fallback.
[error] fetching https://www.csusm.edu/admissions/index.html: 
[retry] extraction insufficient for https://www.csusm.edu/admissions/index.html; trying relaxed body text fallback and playwright.request fallback.
[error] fetching https://bulletin.sfsu.edu/colleges/liberal-creative-arts/women-gender-studies/ba-women-gender-studies: 
[retry] extraction insufficient for https://bulletin.sfsu.edu/colleges/liberal-creative-arts/women-gender-studies/ba-women-gender-studies; trying relaxed body text fallback and playwright.request fallback.
[error] fetching https://bulletin.sfsu.edu/colleges/liberal-creative-arts/design-industry/bs-visual-communication-design: 
[retry] extraction insufficient for https://bulletin.sfsu.edu/colleges/liberal-creative-arts/design-industry/bs-visual-communication-design; trying relaxed body text fallback and playwright.request fallback.
[error] fetching https://bulletin.sfsu.edu/colleges/health-social-sciences/urban-studies-planning/ba-urban-studies-planning: 
[retry] extraction insufficient for https://bulletin.sfsu.edu/colleges/health-social-sciences/urban-studies-planning/ba-urban-studies-planning; trying relaxed body text fallback and playwright.request fallback.
[error] fetching https://bulletin.sfsu.edu/colleges/liberal-creative-arts/theatre-arts/ba-theatre-arts: 
[retry] extraction insufficient for https://bulletin.sfsu.edu/colleges/liberal-creative-arts/theatre-arts/ba-theatre-arts; trying relaxed body text fallback and playwright.request fallback.
[error] fetching https://bulletin.sfsu.edu/colleges/health-social-sciences/public-health/bs-public-health: 
[retry] extraction insufficient for https://bulletin.sfsu.edu/colleges/health-social-sciences/public-health/bs-public-health; trying relaxed body text fallback and playwright.request fallback.
[error] fetching https://bulletin.sfsu.edu/colleges/science-engineering/psychology/ba-psychology: 
[retry] extraction insufficient for https://bulletin.sfsu.edu/colleges/science-engineering/psychology/ba-psychology; trying relaxed body text fallback and playwright.request fallback.
[error] fetching https://bulletin.sfsu.edu/colleges/liberal-creative-arts/political-science/ba-political-science: 
[retry] extraction insufficient for https://bulletin.sfsu.edu/colleges/liberal-creative-arts/political-science/ba-political-science; trying relaxed body text fallback and playwright.request fallback.
[error] fetching https://bulletin.sfsu.edu/colleges/science-engineering/physics-astronomy/bs-physics: 
[retry] extraction insufficient for https://bulletin.sfsu.edu/colleges/science-engineering/physics-astronomy/bs-physics; trying relaxed body text fallback and playwright.request fallback.
[error] fetching https://bulletin.sfsu.edu/colleges/liberal-creative-arts/music/ba-music: 
[retry] extraction insufficient for https://bulletin.sfsu.edu/colleges/liberal-creative-arts/music/ba-music; trying relaxed body text fallback and playwright.request fallback.
[error] fetching https://bulletin.sfsu.edu/colleges/science-engineering/engineering/bs-mechanical-engineering: 
[retry] extraction insufficient for https://bulletin.sfsu.edu/colleges/science-engineering/engineering/bs-mechanical-engineering; trying relaxed body text fallback and playwright.request fallback.
[error] fetching https://bulletin.sfsu.edu/colleges/liberal-creative-arts/liberal-studies/ba-liberal-studies: 
[retry] extraction insufficient for https://bulletin.sfsu.edu/colleges/liberal-creative-arts/liberal-studies/ba-liberal-studies; trying relaxed body text fallback and playwright.request fallback.
[error] fetching https://bulletin.sfsu.edu/colleges/ethnic-studies/latina-latino-studies/ba-latina-latino-studies: 
[retry] extraction insufficient for https://bulletin.sfsu.edu/colleges/ethnic-studies/latina-latino-studies/ba-latina-latino-studies; trying relaxed body text fallback and playwright.request fallback.
[error] fetching https://bulletin.sfsu.edu/colleges/liberal-creative-arts/journalism/ba-journalism: 
[retry] extraction insufficient for https://bulletin.sfsu.edu/colleges/liberal-creative-arts/journalism/ba-journalism; trying relaxed body text fallback and playwright.request fallback.
[error] fetching https://bulletin.sfsu.edu/colleges/liberal-creative-arts/international-relations/ba-international-relations: 
[retry] extraction insufficient for https://bulletin.sfsu.edu/colleges/liberal-creative-arts/international-relations/ba-international-relations; trying relaxed body text fallback and playwright.request fallback.
[error] fetching https://bulletin.sfsu.edu/colleges/business/hospitality-tourism-management/bs-hospitality-tourism-management: 
[retry] extraction insufficient for https://bulletin.sfsu.edu/colleges/business/hospitality-tourism-management/bs-hospitality-tourism-management; trying relaxed body text fallback and playwright.request fallback.
[error] fetching https://bulletin.sfsu.edu/colleges/liberal-creative-arts/history/ba-history: 
[retry] extraction insufficient for https://bulletin.sfsu.edu/colleges/liberal-creative-arts/history/ba-history; trying relaxed body text fallback and playwright.request fallback.
[error] fetching https://bulletin.sfsu.edu/colleges/science-engineering/engineering/bs-electrical-engineering: 
[retry] extraction insufficient for https://bulletin.sfsu.edu/colleges/science-engineering/engineering/bs-electrical-engineering; trying relaxed body text fallback and playwright.request fallback.
[error] fetching https://bulletin.sfsu.edu/colleges/business/economics/ba-economics: 
[retry] extraction insufficient for https://bulletin.sfsu.edu/colleges/business/economics/ba-economics; trying relaxed body text fallback and playwright.request fallback.
[error] fetching https://bulletin.sfsu.edu/colleges/liberal-creative-arts/theatre-arts/ba-dance: 
[retry] extraction insufficient for https://bulletin.sfsu.edu/colleges/liberal-creative-arts/theatre-arts/ba-dance; trying relaxed body text fallback and playwright.request fallback.
[error] fetching https://bulletin.sfsu.edu/colleges/health-social-sciences/criminal-justice-studies/ba-criminal-justice-studies: 
[retry] extraction insufficient for https://bulletin.sfsu.edu/colleges/health-social-sciences/criminal-justice-studies/ba-criminal-justice-studies; trying relaxed body text fallback and playwright.request fallback.
[error] fetching https://bulletin.sfsu.edu/colleges/science-engineering/computer-science/bs-computer-science: 
[retry] extraction insufficient for https://bulletin.sfsu.edu/colleges/science-engineering/computer-science/bs-computer-science; trying relaxed body text fallback and playwright.request fallback.
[error] fetching https://bulletin.sfsu.edu/colleges/science-engineering/engineering/bs-computer-engineering: 
[retry] extraction insufficient for https://bulletin.sfsu.edu/colleges/science-engineering/engineering/bs-computer-engineering; trying relaxed body text fallback and playwright.request fallback.
[error] fetching https://bulletin.sfsu.edu/colleges/liberal-creative-arts/communication-studies/ba-communication-studies: 
[retry] extraction insufficient for https://bulletin.sfsu.edu/colleges/liberal-creative-arts/communication-studies/ba-communication-studies; trying relaxed body text fallback and playwright.request fallback.
[error] fetching https://bulletin.sfsu.edu/colleges/liberal-creative-arts/classics/ba-classics: 
[retry] extraction insufficient for https://bulletin.sfsu.edu/colleges/liberal-creative-arts/classics/ba-classics; trying relaxed body text fallback and playwright.request fallback.
[error] fetching https://bulletin.sfsu.edu/colleges/science-engineering/engineering/bs-civil-engineering: 
[retry] extraction insufficient for https://bulletin.sfsu.edu/colleges/science-engineering/engineering/bs-civil-engineering; trying relaxed body text fallback and playwright.request fallback.
[error] fetching https://bulletin.sfsu.edu/colleges/liberal-creative-arts/cinema/ba-cinema: 
[retry] extraction insufficient for https://bulletin.sfsu.edu/colleges/liberal-creative-arts/cinema/ba-cinema; trying relaxed body text fallback and playwright.request fallback.
[error] fetching https://bulletin.sfsu.edu/colleges/science-engineering/chemistry-biochemistry/bs-chemistry: 
[retry] extraction insufficient for https://bulletin.sfsu.edu/colleges/science-engineering/chemistry-biochemistry/bs-chemistry; trying relaxed body text fallback and playwright.request fallback.
[error] fetching https://bulletin.sfsu.edu/colleges/science-engineering/chemistry-biochemistry/bs-biochemistry: 
[retry] extraction insufficient for https://bulletin.sfsu.edu/colleges/science-engineering/chemistry-biochemistry/bs-biochemistry; trying relaxed body text fallback and playwright.request fallback.
[error] fetching https://bulletin.sfsu.edu/colleges/ethnic-studies/asian-american-studies/ba-asian-american-studies: 
[retry] extraction insufficient for https://bulletin.sfsu.edu/colleges/ethnic-studies/asian-american-studies/ba-asian-american-studies; trying relaxed body text fallback and playwright.request fallback.
[error] fetching https://bulletin.sfsu.edu/colleges/liberal-creative-arts/anthropology/ba-anthropology: 
[retry] extraction insufficient for https://bulletin.sfsu.edu/colleges/liberal-creative-arts/anthropology/ba-anthropology; trying relaxed body text fallback and playwright.request fallback.
[error] fetching https://bulletin.sfsu.edu/colleges/ethnic-studies/american-indian-studies/ba-american-indian-studies: 
[retry] extraction insufficient for https://bulletin.sfsu.edu/colleges/ethnic-studies/american-indian-studies/ba-american-indian-studies; trying relaxed body text fallback and playwright.request fallback.
[error] fetching https://admissions.sdsu.edu/freshmen/apply: 
[retry] extraction insufficient for https://admissions.sdsu.edu/freshmen/apply; trying relaxed body text fallback and playwright.request fallback.
[error] fetching https://catalogue.usc.edu/preview_program.php?catoid=18&poid=26375: 
[retry] extraction insufficient for https://catalogue.usc.edu/preview_program.php?catoid=18&poid=26375; trying relaxed body text fallback and playwright.request fallback.
[error] fetching https://catalogue.usc.edu/preview_program.php?catoid=18&poid=26382: 
[retry] extraction insufficient for https://catalogue.usc.edu/preview_program.php?catoid=18&poid=26382; trying relaxed body text fallback and playwright.request fallback.
[error] fetching https://www.otis.edu/animation: 
[retry] extraction insufficient for https://www.otis.edu/animation; trying relaxed body text fallback and playwright.request fallback.
[error] fetching https://catalogue.usc.edu/preview_program.php?catoid=18&poid=26377: 
[retry] extraction insufficient for https://catalogue.usc.edu/preview_program.php?catoid=18&poid=26377; trying relaxed body text fallback and playwright.request fallback.
[error] fetching https://www.otis.edu/graphic-design: 
[retry] extraction insufficient for https://www.otis.edu/graphic-design; trying relaxed body text fallback and playwright.request fallback.
[error] fetching https://www.redlands.edu/study/schools-and-centers/college-of-arts-and-sciences/undergraduate-studies/creative-writing: 
[retry] extraction insufficient for https://www.redlands.edu/study/schools-and-centers/college-of-arts-and-sciences/undergraduate-studies/creative-writing; trying relaxed body text fallback and playwright.request fallback.
[error] fetching https://catalogue.usc.edu/preview_program.php?catoid=18&poid=26388: 
[retry] extraction insufficient for https://catalogue.usc.edu/preview_program.php?catoid=18&poid=26388; trying relaxed body text fallback and playwright.request fallback.
[error] fetching https://catalogue.usc.edu/preview_program.php?catoid=18&poid=26386: 
[retry] extraction insufficient for https://catalogue.usc.edu/preview_program.php?catoid=18&poid=26386; trying relaxed body text fallback and playwright.request fallback.
[error] fetching https://catalogue.usc.edu/preview_program.php?catoid=18&poid=26363: 
[retry] extraction insufficient for https://catalogue.usc.edu/preview_program.php?catoid=18&poid=26363; trying relaxed body text fallback and playwright.request fallback.
[error] fetching https://catalogue.usc.edu/preview_program.php?catoid=18&poid=26376: 
[retry] extraction insufficient for https://catalogue.usc.edu/preview_program.php?catoid=18&poid=26376; trying relaxed body text fallback and playwright.request fallback.
[error] fetching https://www.calpoly.edu/admissions/contact: 
[retry] extraction insufficient for https://www.calpoly.edu/admissions/contact; trying relaxed body text fallback and playwright.request fallback.
[error] fetching https://www.redlands.edu/study/schools-and-centers/college-of-arts-and-sciences/undergraduate-studies/economics: 
[retry] extraction insufficient for https://www.redlands.edu/study/schools-and-centers/college-of-arts-and-sciences/undergraduate-studies/economics; trying relaxed body text fallback and playwright.request fallback.
[error] fetching https://catalogue.usc.edu/preview_program.php?catoid=18&poid=26369: 
[retry] extraction insufficient for https://catalogue.usc.edu/preview_program.php?catoid=18&poid=26369; trying relaxed body text fallback and playwright.request fallback.
[error] fetching https://catalogue.usc.edu/preview_program.php?catoid=18&poid=26370: 
[retry] extraction insufficient for https://catalogue.usc.edu/preview_program.php?catoid=18&poid=26370; trying relaxed body text fallback and playwright.request fallback.
[error] fetching https://catalogue.usc.edu/preview_program.php?catoid=18&poid=26391: 
[retry] extraction insufficient for https://catalogue.usc.edu/preview_program.php?catoid=18&poid=26391; trying relaxed body text fallback and playwright.request fallback.
[error] fetching https://catalogue.usc.edu/preview_program.php?catoid=18&poid=26373: 
[retry] extraction insufficient for https://catalogue.usc.edu/preview_program.php?catoid=18&poid=26373; trying relaxed body text fallback and playwright.request fallback.
[error] fetching https://www.csub.edu/math: 
[retry] extraction insufficient for https://www.csub.edu/math; trying relaxed body text fallback and playwright.request fallback.
[error] fetching https://www.english.ucsb.edu/undergraduate/major: 
[retry] extraction insufficient for https://www.english.ucsb.edu/undergraduate/major; trying relaxed body text fallback and playwright.request fallback.
[error] fetching https://catalogue.usc.edu/preview_program.php?catoid=18&poid=26364: 
[retry] extraction insufficient for https://catalogue.usc.edu/preview_program.php?catoid=18&poid=26364; trying relaxed body text fallback and playwright.request fallback.
[error] fetching https://www.redlands.edu/study/schools-and-centers/college-of-arts-and-sciences/undergraduate-studies/global-business: 
[retry] extraction insufficient for https://www.redlands.edu/study/schools-and-centers/college-of-arts-and-sciences/undergraduate-studies/global-business; trying relaxed body text fallback and playwright.request fallback.
[error] fetching https://www.redlands.edu/study/schools-and-centers/college-of-arts-and-sciences/undergraduate-studies/french: 
[retry] extraction insufficient for https://www.redlands.edu/study/schools-and-centers/college-of-arts-and-sciences/undergraduate-studies/french; trying relaxed body text fallback and playwright.request fallback.
[error] fetching https://www.otis.edu/fine-arts: 
[retry] extraction insufficient for https://www.otis.edu/fine-arts; trying relaxed body text fallback and playwright.request fallback.
[error] fetching https://admissions.ucsc.edu: 
[retry] extraction insufficient for https://admissions.ucsc.edu; trying relaxed body text fallback and playwright.request fallback.
[error] fetching https://catalogue.usc.edu/preview_program.php?catoid=18&poid=26356: 
[retry] extraction insufficient for https://catalogue.usc.edu/preview_program.php?catoid=18&poid=26356; trying relaxed body text fallback and playwright.request fallback.
[error] fetching https://admissions.ucsc.edu/contact-us: 
[retry] extraction insufficient for https://admissions.ucsc.edu/contact-us; trying relaxed body text fallback and playwright.request fallback.
[error] fetching https://admissions.ucsc.edu/apply: 
[retry] extraction insufficient for https://admissions.ucsc.edu/apply; trying relaxed body text fallback and playwright.request fallback.
[error] fetching https://catalogue.usc.edu/preview_program.php?catoid=18&poid=26352: 
[retry] extraction insufficient for https://catalogue.usc.edu/preview_program.php?catoid=18&poid=26352; trying relaxed body text fallback and playwright.request fallback.
[error] fetching https://catalog.sjsu.edu/preview_program.php?catoid=13&poid=6419: 
[retry] extraction insufficient for https://catalog.sjsu.edu/preview_program.php?catoid=13&poid=6419; trying relaxed body text fallback and playwright.request fallback.
[error] fetching https://catalog.ucsd.edu/curric/MUS-ug.html: 
[retry] extraction insufficient for https://catalog.ucsd.edu/curric/MUS-ug.html; trying relaxed body text fallback and playwright.request fallback.
[error] fetching https://www.otis.edu/product-design: 
[retry] extraction insufficient for https://www.otis.edu/product-design; trying relaxed body text fallback and playwright.request fallback.
[error] fetching https://catalogue.usc.edu/preview_program.php?catoid=18&poid=26360: 
[retry] extraction insufficient for https://catalogue.usc.edu/preview_program.php?catoid=18&poid=26360; trying relaxed body text fallback and playwright.request fallback.
[error] fetching https://catalog.ucsd.edu/curric/LING-ug.html: 
[retry] extraction insufficient for https://catalog.ucsd.edu/curric/LING-ug.html; trying relaxed body text fallback and playwright.request fallback.
[error] fetching https://catalogue.usc.edu/preview_program.php?catoid=18&poid=26359: 
[retry] extraction insufficient for https://catalogue.usc.edu/preview_program.php?catoid=18&poid=26359; trying relaxed body text fallback and playwright.request fallback.
[error] fetching https://catalog.sjsu.edu/preview_program.php?catoid=13&poid=6401: 
[retry] extraction insufficient for https://catalog.sjsu.edu/preview_program.php?catoid=13&poid=6401; trying relaxed body text fallback and playwright.request fallback.
[error] fetching https://catalog.sjsu.edu/preview_program.php?catoid=13&poid=6421: 
[retry] extraction insufficient for https://catalog.sjsu.edu/preview_program.php?catoid=13&poid=6421; trying relaxed body text fallback and playwright.request fallback.
[error] fetching https://catalog.ucsd.edu/curric/POLI-ug.html: 
[retry] extraction insufficient for https://catalog.ucsd.edu/curric/POLI-ug.html; trying relaxed body text fallback and playwright.request fallback.
[error] fetching https://catalogue.usc.edu/preview_program.php?catoid=18&poid=26337: 
[retry] extraction insufficient for https://catalogue.usc.edu/preview_program.php?catoid=18&poid=26337; trying relaxed body text fallback and playwright.request fallback.
[error] fetching https://catalogue.usc.edu/preview_program.php?catoid=18&poid=26340: 
[retry] extraction insufficient for https://catalogue.usc.edu/preview_program.php?catoid=18&poid=26340; trying relaxed body text fallback and playwright.request fallback.
[error] fetching https://catalog.ucsd.edu/curric/PHIL-ug.html: 
[retry] extraction insufficient for https://catalog.ucsd.edu/curric/PHIL-ug.html; trying relaxed body text fallback and playwright.request fallback.
[error] fetching https://catalogue.usc.edu/preview_program.php?catoid=18&poid=26342: 
[retry] extraction insufficient for https://catalogue.usc.edu/preview_program.php?catoid=18&poid=26342; trying relaxed body text fallback and playwright.request fallback.
[error] fetching https://admissions.sdsu.edu/contact: 
[retry] extraction insufficient for https://admissions.sdsu.edu/contact; trying relaxed body text fallback and playwright.request fallback.
[error] fetching https://catalogue.usc.edu/preview_program.php?catoid=18&poid=26347: 
[retry] extraction insufficient for https://catalogue.usc.edu/preview_program.php?catoid=18&poid=26347; trying relaxed body text fallback and playwright.request fallback.
[error] fetching https://catalog.sjsu.edu/preview_program.php?catoid=13&poid=6423: 
[retry] extraction insufficient for https://catalog.sjsu.edu/preview_program.php?catoid=13&poid=6423; trying relaxed body text fallback and playwright.request fallback.
[error] fetching https://catalogue.usc.edu/preview_program.php?catoid=18&poid=26346: 
[retry] extraction insufficient for https://catalogue.usc.edu/preview_program.php?catoid=18&poid=26346; trying relaxed body text fallback and playwright.request fallback.
[error] fetching https://catalogue.usc.edu/preview_program.php?catoid=18&poid=26344: 
[retry] extraction insufficient for https://catalogue.usc.edu/preview_program.php?catoid=18&poid=26344; trying relaxed body text fallback and playwright.request fallback.
[error] fetching https://catalog.ucsd.edu/curric/SE-ug.html: 
[retry] extraction insufficient for https://catalog.ucsd.edu/curric/SE-ug.html; trying relaxed body text fallback and playwright.request fallback.
[error] fetching https://catalogue.usc.edu/preview_program.php?catoid=18&poid=26349: 
[retry] extraction insufficient for https://catalogue.usc.edu/preview_program.php?catoid=18&poid=26349; trying relaxed body text fallback and playwright.request fallback.
[error] fetching https://catalog.ucr.edu/preview_program.php?catoid=23&poid=10820: 
[retry] extraction insufficient for https://catalog.ucr.edu/preview_program.php?catoid=23&poid=10820; trying relaxed body text fallback and playwright.request fallback.
[error] fetching https://catalogue.usc.edu/preview_program.php?catoid=18&poid=26316: 
[retry] extraction insufficient for https://catalogue.usc.edu/preview_program.php?catoid=18&poid=26316; trying relaxed body text fallback and playwright.request fallback.
[error] fetching https://catalogue.usc.edu/preview_program.php?catoid=18&poid=26325: 
[retry] extraction insufficient for https://catalogue.usc.edu/preview_program.php?catoid=18&poid=26325; trying relaxed body text fallback and playwright.request fallback.
[error] fetching https://catalogue.usc.edu/preview_program.php?catoid=18&poid=26323: 
[retry] extraction insufficient for https://catalogue.usc.edu/preview_program.php?catoid=18&poid=26323; trying relaxed body text fallback and playwright.request fallback.
[error] fetching https://catalog.ucsd.edu/curric/ETHN-ug.html: 
[retry] extraction insufficient for https://catalog.ucsd.edu/curric/ETHN-ug.html; trying relaxed body text fallback and playwright.request fallback.
[error] fetching https://catalogue.usc.edu/preview_program.php?catoid=18&poid=26327: 
[retry] extraction insufficient for https://catalogue.usc.edu/preview_program.php?catoid=18&poid=26327; trying relaxed body text fallback and playwright.request fallback.
[error] fetching https://catalog.sjsu.edu/preview_program.php?catoid=13&poid=6386: 
[retry] extraction insufficient for https://catalog.sjsu.edu/preview_program.php?catoid=13&poid=6386; trying relaxed body text fallback and playwright.request fallback.
[error] fetching https://bigfuture.collegeboard.org/pay-for-college/get-help-paying-for-college/college-loans/how-to-use-student-loans: 
[retry] extraction insufficient for https://bigfuture.collegeboard.org/pay-for-college/get-help-paying-for-college/college-loans/how-to-use-student-loans; trying relaxed body text fallback and playwright.request fallback.
[error] fetching https://studentaid.gov/help-center/answers/article/when-will-i-receive-my-financial-aid: 
[retry] extraction insufficient for https://studentaid.gov/help-center/answers/article/when-will-i-receive-my-financial-aid; trying relaxed body text fallback and playwright.request fallback.
[error] fetching https://catalog.sjsu.edu/preview_program.php?catoid=13&poid=6418: 
[retry] extraction insufficient for https://catalog.sjsu.edu/preview_program.php?catoid=13&poid=6418; trying relaxed body text fallback and playwright.request fallback.
[error] fetching https://catalog.ucsd.edu/curric/LATI-ug.html: 
[retry] extraction insufficient for https://catalog.ucsd.edu/curric/LATI-ug.html; trying relaxed body text fallback and playwright.request fallback.
[error] fetching https://catalog.sjsu.edu/preview_program.php?catoid=13&poid=6414: 
[retry] extraction insufficient for https://catalog.sjsu.edu/preview_program.php?catoid=13&poid=6414; trying relaxed body text fallback and playwright.request fallback.
[error] fetching https://catalog.ucsd.edu/curric/CSE-ug.html: 
[retry] extraction insufficient for https://catalog.ucsd.edu/curric/CSE-ug.html; trying relaxed body text fallback and playwright.request fallback.
[error] fetching https://catalog.ucsd.edu/curric/LIT-ug.html: 
[retry] extraction insufficient for https://catalog.ucsd.edu/curric/LIT-ug.html; trying relaxed body text fallback and playwright.request fallback.
[error] fetching https://catalog.ucsd.edu/curric/COMM-ug.html: 
[retry] extraction insufficient for https://catalog.ucsd.edu/curric/COMM-ug.html; trying relaxed body text fallback and playwright.request fallback.
[error] fetching https://psychology.stanford.edu/academics/undergraduate-program: 
[retry] extraction insufficient for https://psychology.stanford.edu/academics/undergraduate-program; trying relaxed body text fallback and playwright.request fallback.
[error] fetching https://studentaid.gov/articles/scholarship-tips/: 
[retry] extraction insufficient for https://studentaid.gov/articles/scholarship-tips/; trying relaxed body text fallback and playwright.request fallback.
[error] fetching https://catalog.ucsd.edu/curric/PSYC-ug.html: 
[retry] extraction insufficient for https://catalog.ucsd.edu/curric/PSYC-ug.html; trying relaxed body text fallback and playwright.request fallback.
[error] fetching https://admissions.humboldt.edu/contact: 
[retry] extraction insufficient for https://admissions.humboldt.edu/contact; trying relaxed body text fallback and playwright.request fallback.
[error] fetching https://catalog.ucsd.edu/curric/ECON-ug.html: 
[retry] extraction insufficient for https://catalog.ucsd.edu/curric/ECON-ug.html; trying relaxed body text fallback and playwright.request fallback.
[error] fetching https://catalog.ucsd.edu/curric/BENG-ug.html: 
[retry] extraction insufficient for https://catalog.ucsd.edu/curric/BENG-ug.html; trying relaxed body text fallback and playwright.request fallback.
[error] fetching https://catalog.csustan.edu/preview_program.php?catoid=32&poid=4602: 
[retry] extraction insufficient for https://catalog.csustan.edu/preview_program.php?catoid=32&poid=4602; trying relaxed body text fallback and playwright.request fallback.
[error] fetching https://catalog.csustan.edu/preview_program.php?catoid=32&poid=4601: 
[retry] extraction insufficient for https://catalog.csustan.edu/preview_program.php?catoid=32&poid=4601; trying relaxed body text fallback and playwright.request fallback.
[error] fetching https://catalog.sjsu.edu/preview_program.php?catoid=13&poid=6410: 
[retry] extraction insufficient for https://catalog.sjsu.edu/preview_program.php?catoid=13&poid=6410; trying relaxed body text fallback and playwright.request fallback.
[error] fetching https://catalog.csustan.edu/preview_program.php?catoid=32&poid=4599: 
[retry] extraction insufficient for https://catalog.csustan.edu/preview_program.php?catoid=32&poid=4599; trying relaxed body text fallback and playwright.request fallback.
[error] fetching https://catalog.ucsd.edu/curric/PHYS-ug.html: 
[retry] extraction insufficient for https://catalog.ucsd.edu/curric/PHYS-ug.html; trying relaxed body text fallback and playwright.request fallback.
[error] fetching https://catalog.csustan.edu/preview_program.php?catoid=32&poid=4595: 
[retry] extraction insufficient for https://catalog.csustan.edu/preview_program.php?catoid=32&poid=4595; trying relaxed body text fallback and playwright.request fallback.
[error] fetching https://catalog.csustan.edu/preview_program.php?catoid=32&poid=4594: 
[retry] extraction insufficient for https://catalog.csustan.edu/preview_program.php?catoid=32&poid=4594; trying relaxed body text fallback and playwright.request fallback.
[error] fetching https://catalog.csustan.edu/preview_program.php?catoid=32&poid=4593: 
[retry] extraction insufficient for https://catalog.csustan.edu/preview_program.php?catoid=32&poid=4593; trying relaxed body text fallback and playwright.request fallback.
[error] fetching https://catalog.csustan.edu/preview_program.php?catoid=32&poid=4591: 
[retry] extraction insufficient for https://catalog.csustan.edu/preview_program.php?catoid=32&poid=4591; trying relaxed body text fallback and playwright.request fallback.
[error] fetching https://admissions.ucsd.edu/contact: 
[retry] extraction insufficient for https://admissions.ucsd.edu/contact; trying relaxed body text fallback and playwright.request fallback.
[error] fetching https://catalog.csustan.edu/preview_program.php?catoid=32&poid=4587: 
[retry] extraction insufficient for https://catalog.csustan.edu/preview_program.php?catoid=32&poid=4587; trying relaxed body text fallback and playwright.request fallback.
[error] fetching https://admissions.ucsd.edu/apply: 
[retry] extraction insufficient for https://admissions.ucsd.edu/apply; trying relaxed body text fallback and playwright.request fallback.
[error] fetching https://classics.stanford.edu/academics/undergraduate-program: 
[retry] extraction insufficient for https://classics.stanford.edu/academics/undergraduate-program; trying relaxed body text fallback and playwright.request fallback.
[error] fetching https://catalog.csustan.edu/preview_program.php?catoid=32&poid=4586: 
[retry] extraction insufficient for https://catalog.csustan.edu/preview_program.php?catoid=32&poid=4586; trying relaxed body text fallback and playwright.request fallback.
[error] fetching https://catalog.csustan.edu/preview_program.php?catoid=32&poid=4585: 
[retry] extraction insufficient for https://catalog.csustan.edu/preview_program.php?catoid=32&poid=4585; trying relaxed body text fallback and playwright.request fallback.
[error] fetching https://catalog.csustan.edu/preview_program.php?catoid=32&poid=4583: 
[retry] extraction insufficient for https://catalog.csustan.edu/preview_program.php?catoid=32&poid=4583; trying relaxed body text fallback and playwright.request fallback.
[error] fetching https://catalog.ucr.edu/preview_program.php?catoid=23&poid=10858: 
[retry] extraction insufficient for https://catalog.ucr.edu/preview_program.php?catoid=23&poid=10858; trying relaxed body text fallback and playwright.request fallback.
[error] fetching https://bigfuture.collegeboard.org/plan-for-college/stand-out-in-high-school/learn-about-the-ap-program: 
[retry] extraction insufficient for https://bigfuture.collegeboard.org/plan-for-college/stand-out-in-high-school/learn-about-the-ap-program; trying relaxed body text fallback and playwright.request fallback.
[error] fetching https://catalog.csustan.edu/preview_program.php?catoid=32&poid=4579: 
[retry] extraction insufficient for https://catalog.csustan.edu/preview_program.php?catoid=32&poid=4579; trying relaxed body text fallback and playwright.request fallback.
[error] fetching https://catalog.ucsd.edu/curric/COGS-ug.html: 
[retry] extraction insufficient for https://catalog.ucsd.edu/curric/COGS-ug.html; trying relaxed body text fallback and playwright.request fallback.
[error] fetching https://catalog.ucr.edu/preview_program.php?catoid=23&poid=10856: 
[retry] extraction insufficient for https://catalog.ucr.edu/preview_program.php?catoid=23&poid=10856; trying relaxed body text fallback and playwright.request fallback.
[error] fetching https://catalog.csustan.edu/preview_program.php?catoid=32&poid=4577: 
[retry] extraction insufficient for https://catalog.csustan.edu/preview_program.php?catoid=32&poid=4577; trying relaxed body text fallback and playwright.request fallback.
[error] fetching https://catalog.csustan.edu/preview_program.php?catoid=32&poid=4575: 
[retry] extraction insufficient for https://catalog.csustan.edu/preview_program.php?catoid=32&poid=4575; trying relaxed body text fallback and playwright.request fallback.
[error] fetching https://www.csustan.edu/admissions: 
[retry] extraction insufficient for https://www.csustan.edu/admissions; trying relaxed body text fallback and playwright.request fallback.
[error] fetching https://catalog.ucr.edu/preview_program.php?catoid=23&poid=10849: 
[retry] extraction insufficient for https://catalog.ucr.edu/preview_program.php?catoid=23&poid=10849; trying relaxed body text fallback and playwright.request fallback.
[error] fetching https://catalog.sjsu.edu/preview_program.php?catoid=13&poid=6400: 
[retry] extraction insufficient for https://catalog.sjsu.edu/preview_program.php?catoid=13&poid=6400; trying relaxed body text fallback and playwright.request fallback.
[error] fetching https://catalog.ucr.edu/preview_program.php?catoid=23&poid=10848: 
[retry] extraction insufficient for https://catalog.ucr.edu/preview_program.php?catoid=23&poid=10848; trying relaxed body text fallback and playwright.request fallback.
[error] fetching https://catalog.ucr.edu/preview_program.php?catoid=23&poid=10847: 
[retry] extraction insufficient for https://catalog.ucr.edu/preview_program.php?catoid=23&poid=10847; trying relaxed body text fallback and playwright.request fallback.
[error] fetching https://catalog.sjsu.edu/preview_program.php?catoid=13&poid=6399: 
[retry] extraction insufficient for https://catalog.sjsu.edu/preview_program.php?catoid=13&poid=6399; trying relaxed body text fallback and playwright.request fallback.
[error] fetching https://catalog.ucr.edu/preview_program.php?catoid=23&poid=10846: 
[retry] extraction insufficient for https://catalog.ucr.edu/preview_program.php?catoid=23&poid=10846; trying relaxed body text fallback and playwright.request fallback.
[error] fetching https://catalog.ucr.edu/preview_program.php?catoid=23&poid=10845: 
[retry] extraction insufficient for https://catalog.ucr.edu/preview_program.php?catoid=23&poid=10845; trying relaxed body text fallback and playwright.request fallback.
[error] fetching https://catalog.sjsu.edu/preview_program.php?catoid=13&poid=6398: 
[retry] extraction insufficient for https://catalog.sjsu.edu/preview_program.php?catoid=13&poid=6398; trying relaxed body text fallback and playwright.request fallback.
[error] fetching https://catalog.ucr.edu/preview_program.php?catoid=23&poid=10844: 
[retry] extraction insufficient for https://catalog.ucr.edu/preview_program.php?catoid=23&poid=10844; trying relaxed body text fallback and playwright.request fallback.
[error] fetching https://catalog.ucr.edu/preview_program.php?catoid=23&poid=10843: 
[retry] extraction insufficient for https://catalog.ucr.edu/preview_program.php?catoid=23&poid=10843; trying relaxed body text fallback and playwright.request fallback.
[error] fetching https://catalog.sjsu.edu/preview_program.php?catoid=13&poid=6397: 
[retry] extraction insufficient for https://catalog.sjsu.edu/preview_program.php?catoid=13&poid=6397; trying relaxed body text fallback and playwright.request fallback.
[error] fetching https://catalog.ucr.edu/preview_program.php?catoid=23&poid=10842: 
[retry] extraction insufficient for https://catalog.ucr.edu/preview_program.php?catoid=23&poid=10842; trying relaxed body text fallback and playwright.request fallback.
[error] fetching https://catalog.ucr.edu/preview_program.php?catoid=23&poid=10841: 
[retry] extraction insufficient for https://catalog.ucr.edu/preview_program.php?catoid=23&poid=10841; trying relaxed body text fallback and playwright.request fallback.
[error] fetching https://bigfuture.collegeboard.org/pay-for-college/get-help-paying-for-college/scholarships-grants-institutional-aid/understanding-your-financial-aid-award-offers: 
[retry] extraction insufficient for https://bigfuture.collegeboard.org/pay-for-college/get-help-paying-for-college/scholarships-grants-institutional-aid/understanding-your-financial-aid-award-offers; trying relaxed body text fallback and playwright.request fallback.
[error] fetching https://catalog.sjsu.edu/preview_program.php?catoid=13&poid=6396: 
[retry] extraction insufficient for https://catalog.sjsu.edu/preview_program.php?catoid=13&poid=6396; trying relaxed body text fallback and playwright.request fallback.
[error] fetching https://catalog.ucr.edu/preview_program.php?catoid=23&poid=10840: 
[retry] extraction insufficient for https://catalog.ucr.edu/preview_program.php?catoid=23&poid=10840; trying relaxed body text fallback and playwright.request fallback.
[error] fetching https://catalog.ucr.edu/preview_program.php?catoid=23&poid=10839: 
[retry] extraction insufficient for https://catalog.ucr.edu/preview_program.php?catoid=23&poid=10839; trying relaxed body text fallback and playwright.request fallback.
[error] fetching https://catalog.sjsu.edu/preview_program.php?catoid=13&poid=6395: 
[retry] extraction insufficient for https://catalog.sjsu.edu/preview_program.php?catoid=13&poid=6395; trying relaxed body text fallback and playwright.request fallback.
[error] fetching https://catalog.ucr.edu/preview_program.php?catoid=23&poid=10838: 
[retry] extraction insufficient for https://catalog.ucr.edu/preview_program.php?catoid=23&poid=10838; trying relaxed body text fallback and playwright.request fallback.
[error] fetching https://catalog.ucr.edu/preview_program.php?catoid=23&poid=10837: 
[retry] extraction insufficient for https://catalog.ucr.edu/preview_program.php?catoid=23&poid=10837; trying relaxed body text fallback and playwright.request fallback.
[error] fetching https://bigfuture.collegeboard.org/pay-for-college/get-help-paying-for-college/scholarships-grants-institutional-aid/the-basics-on-grants-and-scholarships: 
[retry] extraction insufficient for https://bigfuture.collegeboard.org/pay-for-college/get-help-paying-for-college/scholarships-grants-institutional-aid/the-basics-on-grants-and-scholarships; trying relaxed body text fallback and playwright.request fallback.
[error] fetching https://catalog.sjsu.edu/preview_program.php?catoid=13&poid=6394: 
[retry] extraction insufficient for https://catalog.sjsu.edu/preview_program.php?catoid=13&poid=6394; trying relaxed body text fallback and playwright.request fallback.
[error] fetching https://catalog.ucr.edu/preview_program.php?catoid=23&poid=10836: 
[retry] extraction insufficient for https://catalog.ucr.edu/preview_program.php?catoid=23&poid=10836; trying relaxed body text fallback and playwright.request fallback.
[error] fetching https://catalog.ucr.edu/preview_program.php?catoid=23&poid=10835: 
[retry] extraction insufficient for https://catalog.ucr.edu/preview_program.php?catoid=23&poid=10835; trying relaxed body text fallback and playwright.request fallback.
[error] fetching https://catalog.sjsu.edu/preview_program.php?catoid=13&poid=6393: 
[retry] extraction insufficient for https://catalog.sjsu.edu/preview_program.php?catoid=13&poid=6393; trying relaxed body text fallback and playwright.request fallback.
[error] fetching https://catalog.ucr.edu/preview_program.php?catoid=23&poid=10834: 
[retry] extraction insufficient for https://catalog.ucr.edu/preview_program.php?catoid=23&poid=10834; trying relaxed body text fallback and playwright.request fallback.
[error] fetching https://catalog.ucr.edu/preview_program.php?catoid=23&poid=10833: 
[retry] extraction insufficient for https://catalog.ucr.edu/preview_program.php?catoid=23&poid=10833; trying relaxed body text fallback and playwright.request fallback.
[error] fetching https://bigfuture.collegeboard.org/pay-for-college/get-help-paying-for-college/how-to-prepare-to-apply-financial-aid: 
[retry] extraction insufficient for https://bigfuture.collegeboard.org/pay-for-college/get-help-paying-for-college/how-to-prepare-to-apply-financial-aid; trying relaxed body text fallback and playwright.request fallback.
[error] fetching https://catalog.sjsu.edu/preview_program.php?catoid=13&poid=6392: 
[retry] extraction insufficient for https://catalog.sjsu.edu/preview_program.php?catoid=13&poid=6392; trying relaxed body text fallback and playwright.request fallback.
[error] fetching https://catalog.ucr.edu/preview_program.php?catoid=23&poid=10832: 
[retry] extraction insufficient for https://catalog.ucr.edu/preview_program.php?catoid=23&poid=10832; trying relaxed body text fallback and playwright.request fallback.
[error] fetching https://catalog.ucr.edu/preview_program.php?catoid=23&poid=10831: 
[retry] extraction insufficient for https://catalog.ucr.edu/preview_program.php?catoid=23&poid=10831; trying relaxed body text fallback and playwright.request fallback.
[error] fetching https://catalog.sjsu.edu/preview_program.php?catoid=13&poid=6391: 
[retry] extraction insufficient for https://catalog.sjsu.edu/preview_program.php?catoid=13&poid=6391; trying relaxed body text fallback and playwright.request fallback.
[error] fetching https://catalog.ucr.edu/preview_program.php?catoid=23&poid=10830: 
[retry] extraction insufficient for https://catalog.ucr.edu/preview_program.php?catoid=23&poid=10830; trying relaxed body text fallback and playwright.request fallback.
[error] fetching https://catalog.ucr.edu/preview_program.php?catoid=23&poid=10829: 
[retry] extraction insufficient for https://catalog.ucr.edu/preview_program.php?catoid=23&poid=10829; trying relaxed body text fallback and playwright.request fallback.
[error] fetching https://bigfuture.collegeboard.org/pay-for-college/get-help-paying-for-college/college-loans/what-are-private-student-loans: 
[retry] extraction insufficient for https://bigfuture.collegeboard.org/pay-for-college/get-help-paying-for-college/college-loans/what-are-private-student-loans; trying relaxed body text fallback and playwright.request fallback.
[error] fetching https://catalog.sjsu.edu/preview_program.php?catoid=13&poid=6390: 
[retry] extraction insufficient for https://catalog.sjsu.edu/preview_program.php?catoid=13&poid=6390; trying relaxed body text fallback and playwright.request fallback.
[error] fetching https://catalog.ucr.edu/preview_program.php?catoid=23&poid=10828: 
[retry] extraction insufficient for https://catalog.ucr.edu/preview_program.php?catoid=23&poid=10828; trying relaxed body text fallback and playwright.request fallback.
[error] fetching https://catalog.ucr.edu/preview_program.php?catoid=23&poid=10827: 
[retry] extraction insufficient for https://catalog.ucr.edu/preview_program.php?catoid=23&poid=10827; trying relaxed body text fallback and playwright.request fallback.
[error] fetching https://catalog.sjsu.edu/preview_program.php?catoid=13&poid=6389: 
[retry] extraction insufficient for https://catalog.sjsu.edu/preview_program.php?catoid=13&poid=6389; trying relaxed body text fallback and playwright.request fallback.
[error] fetching https://catalog.ucr.edu/preview_program.php?catoid=23&poid=10826: 
[retry] extraction insufficient for https://catalog.ucr.edu/preview_program.php?catoid=23&poid=10826; trying relaxed body text fallback and playwright.request fallback.
[error] fetching https://catalog.ucr.edu/preview_program.php?catoid=23&poid=10825: 
[retry] extraction insufficient for https://catalog.ucr.edu/preview_program.php?catoid=23&poid=10825; trying relaxed body text fallback and playwright.request fallback.
[error] fetching https://bigfuture.collegeboard.org/pay-for-college/get-help-paying-for-college/college-loans/what-are-federal-student-loans: 
[retry] extraction insufficient for https://bigfuture.collegeboard.org/pay-for-college/get-help-paying-for-college/college-loans/what-are-federal-student-loans; trying relaxed body text fallback and playwright.request fallback.
[error] fetching https://catalog.sjsu.edu/preview_program.php?catoid=13&poid=6388: 
[retry] extraction insufficient for https://catalog.sjsu.edu/preview_program.php?catoid=13&poid=6388; trying relaxed body text fallback and playwright.request fallback.
[error] fetching https://catalog.ucr.edu/preview_program.php?catoid=23&poid=10824: 
[retry] extraction insufficient for https://catalog.ucr.edu/preview_program.php?catoid=23&poid=10824; trying relaxed body text fallback and playwright.request fallback.
[error] fetching https://catalog.ucr.edu/preview_program.php?catoid=23&poid=10823: 
[retry] extraction insufficient for https://catalog.ucr.edu/preview_program.php?catoid=23&poid=10823; trying relaxed body text fallback and playwright.request fallback.
[error] fetching https://catalog.sjsu.edu/preview_program.php?catoid=13&poid=6387: 
[retry] extraction insufficient for https://catalog.sjsu.edu/preview_program.php?catoid=13&poid=6387; trying relaxed body text fallback and playwright.request fallback.
[error] fetching https://catalog.ucr.edu/preview_program.php?catoid=23&poid=10822: 
[retry] extraction insufficient for https://catalog.ucr.edu/preview_program.php?catoid=23&poid=10822; trying relaxed body text fallback and playwright.request fallback.
[error] fetching https://catalog.ucr.edu/preview_program.php?catoid=23&poid=10821: 
[retry] extraction insufficient for https://catalog.ucr.edu/preview_program.php?catoid=23&poid=10821; trying relaxed body text fallback and playwright.request fallback.
[error] fetching https://filmvideo.calarts.edu/programs/bfa: 
[retry] extraction insufficient for https://filmvideo.calarts.edu/programs/bfa; trying relaxed body text fallback and playwright.request fallback.
[error] fetching https://www.thomasaquinas.edu/admissions: 
[retry] extraction insufficient for https://www.thomasaquinas.edu/admissions; trying relaxed body text fallback and playwright.request fallback.
[error] fetching https://admissions.ucsb.edu: 
[retry] extraction insufficient for https://admissions.ucsb.edu; trying relaxed body text fallback and playwright.request fallback.
[error] fetching https://studentfinancialservices.humboldt.edu/tuition-fees: 
[retry] extraction insufficient for https://studentfinancialservices.humboldt.edu/tuition-fees; trying relaxed body text fallback and playwright.request fallback.
[error] fetching https://www.csulb.edu/financial-aid: 
[retry] extraction insufficient for https://www.csulb.edu/financial-aid; trying relaxed body text fallback and playwright.request fallback.
[error] fetching https://fidm.edu/en/admissions/apply+now: 
[retry] extraction insufficient for https://fidm.edu/en/admissions/apply+now; trying relaxed body text fallback and playwright.request fallback.
[error] fetching https://schoolofmusic.ucla.edu/undergraduate/composition: 
[retry] extraction insufficient for https://schoolofmusic.ucla.edu/undergraduate/composition; trying relaxed body text fallback and playwright.request fallback.
[error] fetching https://www.csueastbay.edu/finance/programs/bs-finance.html: 
[retry] extraction insufficient for https://www.csueastbay.edu/finance/programs/bs-finance.html; trying relaxed body text fallback and playwright.request fallback.
[error] fetching https://www.chapman.edu/admission/undergraduate/apply/deadlines.aspx: 
[retry] extraction insufficient for https://www.chapman.edu/admission/undergraduate/apply/deadlines.aspx; trying relaxed body text fallback and playwright.request fallback.
[error] fetching https://admission.lmu.edu/apply: 
[retry] extraction insufficient for https://admission.lmu.edu/apply; trying relaxed body text fallback and playwright.request fallback.
[error] fetching https://architecture.calpoly.edu: 
[retry] extraction insufficient for https://architecture.calpoly.edu; trying relaxed body text fallback and playwright.request fallback.
[error] fetching https://religiousstudies.stanford.edu/academics/undergraduate-program: 
[retry] extraction insufficient for https://religiousstudies.stanford.edu/academics/undergraduate-program; trying relaxed body text fallback and playwright.request fallback.
[error] fetching https://history.sonoma.edu: 
[retry] extraction insufficient for https://history.sonoma.edu; trying relaxed body text fallback and playwright.request fallback.
[error] fetching https://ee.calpoly.edu: 
[retry] extraction insufficient for https://ee.calpoly.edu; trying relaxed body text fallback and playwright.request fallback.
[fetch_bytes] https://studentaid.gov/sites/default/files/2026-27-fafsa-form.pdf -> HTTP 200
[saved PDF] outputs_aiohttp/www.presidentsalliance.org_wp-content_uploads_2019_11_UCLA_Undocumented_handbook_WEB_Oct2019.pdf.txt
[saved PDF] outputs_aiohttp/studentaid.gov_sites_default_files_2026-27-fafsa-form.pdf.txt
[playwright.request-second-pass] https://psycd.calpoly.edu -> HTTP 200
[playwright.request-second-pass] https://landscape.calpoly.edu -> HTTP 200
[playwright.request-second-pass] https://coms.calpoly.edu -> HTTP 200
[playwright.request-second-pass] https://artdesign.calpoly.edu -> HTTP 200
[playwright.request-second-pass] https://brae.calpoly.edu -> HTTP 200
[playwright.request-second-pass] https://laes.calpoly.edu -> HTTP 200
[playwright.request-second-pass] https://www.chapman.edu/admission/undergraduate/index.aspx -> HTTP 200
[playwright.request-second-pass] https://bigfuture.collegeboard.org/plan-for-college/apply-to-college/how-to-prepare-for-the-sat -> HTTP 200
[playwright.request-second-pass] https://financialaid.sfsu.edu -> HTTP 200
[playwright.request-second-pass] https://www.csusm.edu/admissions/how-to-apply/index.html -> HTTP 200
[playwright.request-second-pass] https://ee.sonoma.edu -> HTTP 200
[playwright.request-second-pass] https://www.csusb.edu/student-financial-services/tuition-and-fees -> HTTP 200
[playwright.request-second-pass] https://www.csusb.edu/financial-aid -> HTTP 200
[playwright.request-second-pass] https://admission.usc.edu -> HTTP 200
[playwright.request-second-pass] https://www.usfca.edu/admission/undergraduate -> HTTP 200
[playwright.request-second-pass] https://chemistry.stanford.edu/academics/undergraduate-program -> HTTP 200
[playwright.request-second-pass] https://www.csun.edu/financialaid -> HTTP 200
[playwright.request-second-pass] https://www.csun.edu/stufin/tuition -> HTTP 200
[playwright.request-second-pass] https://english.calpoly.edu -> HTTP 200
[playwright.request-second-pass] https://financialaid.ucr.edu -> HTTP 200
[playwright.request-second-pass] https://bfa.sdsu.edu/financial/student/tuition -> HTTP 200
[playwright.request-second-pass] https://www.apu.edu/undergraduate-admissions/apply -> HTTP 200
[playwright.request-second-pass] https://www.calpoly.edu/admissions/first-year-student/selection-criteria -> HTTP 200
[playwright.request-second-pass] https://theater.calarts.edu/programs/bfa -> HTTP 200
[playwright.request-second-pass] https://theater.calarts.edu/programs/costume-design-bfa -> HTTP 200
[playwright.request-second-pass] https://catalog.ucsd.edu/curric/NANO-ug.html -> HTTP 200
[playwright.request-second-pass] https://www.artcenter.edu/academics/undergraduate-degrees/transportation-design/overview.html -> HTTP 200
[playwright.request-second-pass] https://bigfuture.collegeboard.org/plan-for-college/apply-to-college/college-application-timeline-12th-grade -> HTTP 200
[playwright.request-second-pass] https://wcbc.edu/admissions -> HTTP 200
[playwright.request-second-pass] https://www.chapman.edu/admission/undergraduate/apply/index.aspx -> HTTP 200
[playwright.request-second-pass] https://www.artcenter.edu/academics/undergraduate-degrees/spatial-experience-design/overview.html -> HTTP 200
[playwright.request-second-pass] https://bigfuture.collegeboard.org/pay-for-college/get-started/how-to-start-saving-for-college -> HTTP 200
[playwright.request-second-pass] https://agb.calpoly.edu -> HTTP 200
[playwright.request-second-pass] https://www.cpp.edu/financial-aid/index.shtml -> HTTP 200
[playwright.request-second-pass] https://catalog.ucsd.edu/curric/DSC-ug.html -> HTTP 200
[playwright.request-second-pass] https://catalog.ucsd.edu/curric/CGS-ug.html -> HTTP 200
[playwright.request-second-pass] https://cfa.lmu.edu/programs/theatrearts -> HTTP 200
[playwright.request-second-pass] https://catalog.ucsd.edu/curric/FMPH-ug.html -> HTTP 200
[playwright.request-second-pass] https://catalog.ucsd.edu/curric/VIS-ug.html -> HTTP 200
[playwright.request-second-pass] https://catalog.ucsd.edu/curric/CHEM-ug.html -> HTTP 200
[playwright.request-second-pass] https://catalog.ucsd.edu/curric/SIO-ug.html -> HTTP 200
[playwright.request-second-pass] https://www.westmont.edu/psychology -> HTTP 200
[playwright.request-second-pass] https://www.westmont.edu/kinesiology -> HTTP 200
[playwright.request-second-pass] https://www.westmont.edu/music -> HTTP 200
[playwright.request-second-pass] https://studentaid.gov/articles/financial-aid-not-enough/ -> HTTP 200
[playwright.request-second-pass] https://www.calstatela.edu/financialaid -> HTTP 200
[playwright.request-second-pass] https://www.fresno.edu/financial-aid -> HTTP 200
[playwright.request-second-pass] https://www.biola.edu/undergrad/financial-aid -> HTTP 200
[playwright.request-second-pass] https://www.whittier.edu/academics/business -> HTTP 200
[playwright.request-second-pass] https://www.whittier.edu/academics/socialwork -> HTTP 200
[playwright.request-second-pass] https://www.biola.edu/undergrad/admissions -> HTTP 200
[playwright.request-second-pass] https://www.whittier.edu/academics/psychology -> HTTP 200
[playwright.request-second-pass] https://www.whittier.edu/financialaid -> HTTP 200
[playwright.request-second-pass] https://www.whittier.edu/academics/physics -> HTTP 200
[playwright.request-second-pass] https://www.whittier.edu/academics/sociology -> HTTP 200
[playwright.request-second-pass] https://www.whittier.edu/academics/history -> HTTP 200
[playwright.request-second-pass] https://www.whittier.edu/academics/anthropology -> HTTP 200
[playwright.request-second-pass] https://catalog.ucsd.edu/curric/BIOL-ug.html -> HTTP 200
[playwright.request-second-pass] https://www.whittier.edu/academics/chemistry -> HTTP 200
[playwright.request-second-pass] https://www.whittier.edu/academics/english -> HTTP 200
[playwright.request-second-pass] https://www.calpoly.edu/admissions/contact -> HTTP 200
[playwright.request-second-pass] https://www.cpp.edu/env/landscape-architecture/index.shtml -> HTTP 200
[playwright.request-second-pass] https://www.whittier.edu/academics/music -> HTTP 200
[playwright.request-second-pass] https://catalog.ucr.edu/preview_program.php?catoid=23&poid=10818 -> HTTP 200
[playwright.request-second-pass] https://catalog.ucr.edu/preview_program.php?catoid=23&poid=10816 -> HTTP 200
[playwright.request-second-pass] https://www.whittier.edu/academics/theatre -> HTTP 200
[playwright.request-second-pass] https://www.thomasaquinas.edu/admissions/apply -> HTTP 200
[playwright.request-second-pass] https://www.thomasaquinas.edu/admissions/apply#deadlines -> HTTP 200
[playwright.request-second-pass] https://www.oxy.edu/academics/areas-study/public-health -> HTTP 200
[playwright.request-second-pass] https://www.whittier.edu/admission/contact -> HTTP 200
[playwright.request-second-pass] https://www.oxy.edu/academics/areas-study/religious-studies -> HTTP 200
[playwright.request-second-pass] https://bigfuture.collegeboard.org/majors -> HTTP 200
[playwright.request-second-pass] https://www.artcenter.edu/admissions/contact.html -> HTTP 200
[playwright.request-second-pass] https://theater.calarts.edu/programs/stage-management-bfa -> HTTP 200
[playwright.request-second-pass] https://theater.calarts.edu/programs/sound-design-bfa -> HTTP 200
[playwright.request-second-pass] https://theater.calarts.edu/programs/scene-design-bfa -> HTTP 200
[playwright.request-second-pass] https://music.calarts.edu/programs/world-music-performance-bfa -> HTTP 200
[playwright.request-second-pass] https://music.calarts.edu/programs/jazz-studies-bfa -> HTTP 200
[playwright.request-second-pass] https://dance.calarts.edu/programs/bfa -> HTTP 200
[playwright.request-second-pass] https://www.calpoly.edu/admissions -> HTTP 200
[playwright.request-second-pass] https://theater.calarts.edu/programs/lighting-design-bfa -> HTTP 200
[playwright.request-second-pass] https://catalog.ucsd.edu/curric/MUS-ug.html -> HTTP 200
[playwright.request-second-pass] https://catalog.ucsd.edu/curric/SE-ug.html -> HTTP 200
[playwright.request-second-pass] https://catalog.ucsd.edu/curric/LING-ug.html -> HTTP 200
[playwright.request-second-pass] https://catalog.ucsd.edu/curric/PHIL-ug.html -> HTTP 200
[playwright.request-second-pass] https://catalog.ucsd.edu/curric/CSE-ug.html -> HTTP 200
[playwright.request-second-pass] https://catalog.ucsd.edu/curric/POLI-ug.html -> HTTP 200
[playwright.request-second-pass] https://www.artcenter.edu/academics/undergraduate-degrees/fine-art/overview.html -> HTTP 200
[playwright.request-second-pass] https://catalog.ucsd.edu/curric/ETHN-ug.html -> HTTP 200
[playwright.request-second-pass] https://www.artcenter.edu/academics/undergraduate-degrees/entertainment-design/overview.html -> HTTP 200
[playwright.request-second-pass] https://catalog.ucsd.edu/curric/PHYS-ug.html -> HTTP 200
[playwright.request-second-pass] https://www.taft.edu/tuition-fees -> HTTP 200
[playwright.request-second-pass] https://catalog.ucr.edu/preview_program.php?catoid=23&poid=10817 -> HTTP 200
[playwright.request-second-pass] https://catalog.ucsd.edu/curric/LATI-ug.html -> HTTP 200
[playwright.request-second-pass] https://www.artcenter.edu/academics/undergraduate-degrees/graphic-design/overview.html -> HTTP 200
[playwright.request-second-pass] https://anthropology.stanford.edu/academics/undergraduate-program -> HTTP 200
[playwright.request-second-pass] https://www.artcenter.edu/academics/undergraduate-degrees/product-design/overview.html -> HTTP 200
[playwright.request-second-pass] https://www.artcenter.edu/academics/undergraduate-degrees/illustration/overview.html -> HTTP 200
[playwright.request-second-pass] https://www.artcenter.edu/academics/undergraduate-degrees/interaction-design/overview.html -> HTTP 200
[playwright.request-second-pass] https://catalog.ucsd.edu/curric/COGS-ug.html -> HTTP 200
[playwright.request-second-pass] https://studentaid.gov/help-center/answers/article/when-will-i-receive-my-financial-aid -> HTTP 200
[playwright.request-second-pass] https://studentaid.gov/apply-for-aid/fafsa/fafsa-deadlines -> HTTP 200
[playwright.request-second-pass] https://www.whittier.edu/academics/kinesiology -> HTTP 200
[playwright.request-second-pass] https://www.whittier.edu/academics/philosophy -> HTTP 200
[playwright.request-second-pass] https://www.csum.edu/admissions/undergraduate-admissions/index.html -> HTTP 200
[playwright.request-second-pass] https://www.thomasaquinas.edu/admissions -> HTTP 200
[playwright.request-second-pass] https://www.oxy.edu/academics/areas-study/urban-environmental-policy -> HTTP 200
[playwright.request-second-pass] https://www.oxy.edu/academics/areas-study/philosophy -> HTTP 200
[playwright.request-second-pass] https://www.oxy.edu/academics/areas-study/sociology -> HTTP 200
[playwright.request-second-pass] https://www.oxy.edu/academics/areas-study/education -> HTTP 200
[playwright.request-second-pass] https://www.csusb.edu/admissions/contact-us -> HTTP 200
[playwright.request-second-pass] https://www.oxy.edu/academics/areas-study/psychology -> HTTP 200
[playwright.request-second-pass] https://www.oxy.edu/academics/areas-study/history -> HTTP 200
[playwright.request-second-pass] https://www.oxy.edu/academics/areas-study/geology -> HTTP 200
[playwright.request-second-pass] https://www.oxy.edu/academics/areas-study/english -> HTTP 200
[playwright.request-second-pass] https://www.oxy.edu/academics/areas-study/physics -> HTTP 200
[playwright.request-second-pass] https://www.oxy.edu/academics/areas-study/kinesiology -> HTTP 200
[playwright.request-second-pass] https://www.oxy.edu/academics/areas-study/mathematics -> HTTP 200
[playwright.request-second-pass] https://www.oxy.edu/academics/areas-study/politics -> HTTP 200
[playwright.request-second-pass] https://www.oxy.edu/academics/areas-study/music -> HTTP 200
[playwright.request-second-pass] https://www.oxy.edu/academics/areas-study/media-arts-culture -> HTTP 200
[playwright.request-second-pass] https://www.oxy.edu/academics/areas-study/economics -> HTTP 200
[playwright.request-second-pass] https://admission.usc.edu/apply -> HTTP 200
[playwright.request-second-pass] https://admission.usc.edu/contact-us -> HTTP 200
[playwright.request-second-pass] https://art.calarts.edu/programs/bfa -> HTTP 200
[playwright.request-second-pass] https://art.calarts.edu/programs/photography-and-media-bfa -> HTTP 200
[playwright.request-second-pass] https://art.calarts.edu/programs/graphic-design-bfa -> HTTP 200
[playwright.request-second-pass] https://www.artcenter.edu/academics/undergraduate-degrees/film/overview.html -> HTTP 200
[playwright.request-second-pass] https://www.csub.edu/kinesiology -> HTTP 200
[playwright.request-second-pass] https://www.otis.edu/financial-aid -> HTTP 200
[playwright.request-second-pass] https://wcbc.edu/contact -> HTTP 200
[playwright.request-second-pass] https://bigfuture.collegeboard.org/plan-for-college/stand-out-in-high-school/learn-about-the-ap-program -> HTTP 200
[playwright.request-second-pass] https://catalog.ucr.edu/preview_program.php?catoid=23&poid=10857 -> HTTP 200
[playwright.request-second-pass] https://www.artcenter.edu/academics/undergraduate-degrees/advertising/overview.html -> HTTP 200
[playwright.request-second-pass] https://wcbc.edu/admissions#deadlines -> HTTP 200
[playwright.request-second-pass] https://bigfuture.collegeboard.org/pay-for-college/get-help-paying-for-college/college-loans/how-to-use-student-loans -> HTTP 200
[playwright.request-second-pass] https://www.artcenter.edu/academics/undergraduate-degrees/environmental-design/overview.html -> HTTP 200
[playwright] Waiting for content hydration on https://www.consumerfinance.gov/paying-for-college/student-loan-forgiveness/...
[saved] outputs_aiohttp/psycd.calpoly.edu.txt (chars: 1118)
[playwright.request-second-pass] https://seaver.pepperdine.edu/admission -> HTTP 200
[playwright.request-second-pass] https://epic.edu/admissions -> HTTP 403
[saved] outputs_aiohttp/landscape.calpoly.edu.txt (chars: 15)
[playwright.request-second-pass] https://www.csac.ca.gov/cal-grant -> HTTP 403
[playwright.request-second-pass] https://www.csac.ca.gov/student-forms -> HTTP 403
[playwright.request-second-pass] https://bigfuture.collegeboard.org/pay-for-college/get-help-paying-for-college/scholarships-grants-institutional-aid/understanding-your-financial-aid-award-offers -> HTTP 200
[playwright.request-second-pass] https://bigfuture.collegeboard.org/pay-for-college/get-help-paying-for-college/scholarships-grants-institutional-aid/the-basics-on-grants-and-scholarships -> HTTP 200
[playwright.request-second-pass] https://bigfuture.collegeboard.org/pay-for-college/get-help-paying-for-college/how-to-prepare-to-apply-financial-aid -> HTTP 200
[playwright.request-second-pass] https://bigfuture.collegeboard.org/pay-for-college/get-help-paying-for-college/college-loans/what-are-private-student-loans -> HTTP 200
[playwright.request-second-pass] https://bigfuture.collegeboard.org/pay-for-college/get-help-paying-for-college/college-loans/what-are-federal-student-loans -> HTTP 200
[saved] outputs_aiohttp/coms.calpoly.edu.txt (chars: 981)
[playwright.request-second-pass] https://www.ndnu.edu/admissions/undergraduate -> HTTP 200
[playwright.request-second-pass] https://csumb.edu/catalog/programs/undergraduate/sustainable-hospitality-management-bs -> HTTP 200
[playwright.request-second-pass] https://csumb.edu/catalog/programs/undergraduate/liberal-studies-ba -> HTTP 200
[playwright.request-second-pass] https://csumb.edu/catalog/programs/undergraduate/music-ba -> HTTP 200
[playwright.request-second-pass] https://csumb.edu/catalog/programs/undergraduate/statistics-bs -> HTTP 200
[playwright.request-second-pass] https://csumb.edu/catalog/programs/undergraduate/spanish-language-and-hispanic-cultures-ba -> HTTP 200
[playwright.request-second-pass] https://csumb.edu/catalog/programs/undergraduate/visual-and-public-art-ba -> HTTP 200
[playwright.request-second-pass] https://csumb.edu/catalog/programs/undergraduate/social-and-behavioral-sciences-ba -> HTTP 200
[playwright.request-second-pass] https://csumb.edu/catalog/programs/undergraduate/psychology-ba -> HTTP 200
[playwright.request-second-pass] https://csumb.edu/catalog/programs/undergraduate/nursing-bsn -> HTTP 200
[playwright.request-second-pass] https://studentaid.gov/understand-aid/types/grants/pell -> HTTP 200
[playwright.request-second-pass] https://www.cpp.edu/ceis/early-childhood-studies/index.shtml -> HTTP 200
[playwright.request-second-pass] https://www.cpp.edu/agri/plant-science/index.shtml -> HTTP 200
[playwright.request-second-pass] https://www.cpp.edu/ceis/liberal-studies/index.shtml -> HTTP 200
[playwright.request-second-pass] https://www.cpp.edu/env/architecture/index.shtml -> HTTP 200
[playwright.request-second-pass] https://www.cpp.edu/agri/animal-science/index.shtml -> HTTP 200
[playwright.request-second-pass] https://journalism.calpoly.edu -> HTTP 200
[playwright.request-second-pass] https://animalscience.calpoly.edu -> HTTP 200
[playwright.request-second-pass] https://statistics.calpoly.edu -> HTTP 200
[playwright.request-second-pass] https://physics.calpoly.edu -> HTTP 200
[playwright.request-second-pass] https://catalog.ucsd.edu/curric/JWSP-ug.html -> HTTP 200
[playwright.request-second-pass] https://liberalstudies.calpoly.edu -> HTTP 200
[playwright.request-second-pass] https://www.csusm.edu/finaid/index.html -> HTTP 200
[playwright.request-second-pass] https://www.csusm.edu/sfs/tuition/index.html -> HTTP 200
[playwright.request-second-pass] https://www.csusm.edu/vpa/programs/ba.html -> HTTP 200
[playwright.request-second-pass] https://catalog.sjsu.edu/preview_program.php?catoid=13&poid=6414 -> HTTP 404
[playwright.request-second-pass] https://catalog.ucsd.edu/curric/COMM-ug.html -> HTTP 200
[playwright.request-second-pass] https://catalog.csustan.edu/preview_program.php?catoid=32&poid=4602 -> HTTP 404
[playwright.request-second-pass] https://catalog.csustan.edu/preview_program.php?catoid=32&poid=4601 -> HTTP 404
[playwright.request-second-pass] https://catalog.csustan.edu/preview_program.php?catoid=32&poid=4593 -> HTTP 404
[playwright.request-second-pass] https://catalog.csustan.edu/preview_program.php?catoid=32&poid=4586 -> HTTP 404
[playwright.request-second-pass] https://catalog.csustan.edu/preview_program.php?catoid=32&poid=4577 -> HTTP 404
[playwright.request-second-pass] https://catalog.sjsu.edu/preview_program.php?catoid=13&poid=6399 -> HTTP 404
[playwright.request-second-pass] https://catalog.sjsu.edu/preview_program.php?catoid=13&poid=6393 -> HTTP 404
[playwright.request-second-pass] https://catalog.sjsu.edu/preview_program.php?catoid=13&poid=6392 -> HTTP 404
[playwright.request-second-pass] https://catalog.sjsu.edu/preview_program.php?catoid=13&poid=6387 -> HTTP 404
[playwright.request-second-pass] https://architecture.calpoly.edu -> HTTP 200
[playwright.request-second-pass] https://catalogue.usc.edu/preview_program.php?catoid=18&poid=26353 -> HTTP 404
[playwright.request-second-pass] https://catalogue.usc.edu/preview_program.php?catoid=18&poid=26362 -> HTTP 404
[playwright.request-second-pass] https://catalog.ucmerced.edu/preview_program.php?catoid=24&poid=3515 -> HTTP 404
[playwright] Waiting for content hydration on https://admission.ucla.edu/tuition-aid/tuition-fees...
[playwright.request-second-pass] https://catalog.sjsu.edu/preview_program.php?catoid=13&poid=6422 -> HTTP 404
[playwright.request-second-pass] https://catalog.sjsu.edu/preview_program.php?catoid=13&poid=6376 -> HTTP 404
[playwright.request-second-pass] https://catalog.ucmerced.edu/preview_program.php?catoid=24&poid=3513 -> HTTP 404
[playwright] Waiting for content hydration on https://financialaid.berkeley.edu...
[playwright.request-second-pass] https://catalogue.usc.edu/preview_program.php?catoid=18&poid=26345 -> HTTP 404
[playwright.request-second-pass] https://catalog.sjsu.edu/preview_program.php?catoid=13&poid=6377 -> HTTP 404
[playwright] Waiting for content hydration on https://www.bestcolleges.com/blog/what-is-a-first-generation-college-student/...
[playwright.request-second-pass] https://catalogue.usc.edu/preview_program.php?catoid=18&poid=26322 -> HTTP 404
[playwright.request-second-pass] https://catalog.ucmerced.edu/preview_program.php?catoid=24&poid=3507 -> HTTP 404
[playwright.request-second-pass] https://catalog.sjsu.edu/preview_program.php?catoid=13&poid=6416 -> HTTP 404
[playwright.request-second-pass] https://catalog.ucmerced.edu/preview_program.php?catoid=24&poid=3506 -> HTTP 404
[playwright.request-second-pass] https://catalog.sjsu.edu/preview_program.php?catoid=13&poid=6374 -> HTTP 404
[playwright.request-second-pass] https://catalog.ucmerced.edu/preview_program.php?catoid=24&poid=3504 -> HTTP 404
[playwright.request-second-pass] https://catalogue.usc.edu/preview_program.php?catoid=18&poid=26320 -> HTTP 404
[playwright.request-second-pass] https://catalog.ucmerced.edu/preview_program.php?catoid=24&poid=3500 -> HTTP 404
[playwright.request-second-pass] https://catalog.ucmerced.edu/preview_program.php?catoid=24&poid=3503 -> HTTP 404
[saved] outputs_aiohttp/artdesign.calpoly.edu.txt (chars: 1347)
[playwright.request-second-pass] https://studentaid.gov/h/understand-aid/how-aid-works -> HTTP 200
[playwright.request-second-pass] https://studentaid.gov/understand-aid/types/loans/subsidized-unsubsidized -> HTTP 200
[playwright.request-second-pass] https://www.csueastbay.edu/kin/programs/bs-kinesiology.html -> HTTP 200
[playwright.request-second-pass] https://catalog.ucsd.edu/curric/SOC-ug.html -> HTTP 200
[playwright.request-second-pass] https://catalog.ucsd.edu/curric/GLBH-ug.html -> HTTP 200
[playwright.request-second-pass] https://catalog.ucsd.edu/curric/ECE-ug.html -> HTTP 200
[playwright.request-second-pass] https://catalog.ucsd.edu/curric/MAE-ug.html -> HTTP 200
[playwright.request-second-pass] https://marine.calpoly.edu -> HTTP 200
[playwright.request-second-pass] https://catalog.ucsd.edu/curric/LIT-ug.html -> HTTP 200
[playwright.request-second-pass] https://catalog.ucsd.edu/curric/PSYC-ug.html -> HTTP 200
[playwright.request-second-pass] https://catalog.ucsd.edu/curric/ECON-ug.html -> HTTP 200
[playwright.request-second-pass] https://catalog.ucsd.edu/curric/BENG-ug.html -> HTTP 200
[playwright.request-second-pass] https://ee.calpoly.edu -> HTTP 200
[playwright.request-second-pass] https://catalog.sjsu.edu/preview_program.php?catoid=13&poid=6373 -> HTTP 404
[playwright.request-second-pass] https://catalog.ucmerced.edu/preview_program.php?catoid=24&poid=3502 -> HTTP 404
[playwright.request-second-pass] https://catalog.sjsu.edu/preview_program.php?catoid=13&poid=6385 -> HTTP 404
[playwright.request-second-pass] https://catalog.csustan.edu/preview_program.php?catoid=32&poid=4600 -> HTTP 404
[playwright.request-second-pass] https://catalog.csustan.edu/preview_program.php?catoid=32&poid=4590 -> HTTP 404
[playwright.request-second-pass] https://catalog.csustan.edu/preview_program.php?catoid=32&poid=4588 -> HTTP 404
[playwright.request-second-pass] https://catalog.sjsu.edu/preview_program.php?catoid=13&poid=6372 -> HTTP 404
[playwright.request-second-pass] https://catalog.ucmerced.edu/preview_program.php?catoid=24&poid=3498 -> HTTP 404
[playwright.request-second-pass] https://catalogue.usc.edu/preview_program.php?catoid=18&poid=26384 -> HTTP 404
[saved] outputs_aiohttp/brae.calpoly.edu.txt (chars: 1653)
[playwright.request-second-pass] https://www.csulb.edu/student-records/tuition-and-fees -> HTTP 200
[playwright.request-second-pass] https://catalog.fullerton.edu/preview_program.php?catoid=80&poid=38459 -> HTTP 200
[playwright.request-second-pass] https://catalog.fullerton.edu/preview_program.php?catoid=80&poid=38458 -> HTTP 200
[playwright.request-second-pass] https://catalog.fullerton.edu/preview_program.php?catoid=80&poid=38460 -> HTTP 200
[playwright.request-second-pass] https://catalog.fullerton.edu/preview_program.php?catoid=80&poid=38461 -> HTTP 200
[playwright.request-second-pass] https://catalog.fullerton.edu/preview_program.php?catoid=80&poid=38463 -> HTTP 200
[playwright.request-second-pass] https://catalog.fullerton.edu/preview_program.php?catoid=80&poid=38464 -> HTTP 200
[playwright.request-second-pass] https://catalog.fullerton.edu/preview_program.php?catoid=80&poid=38462 -> HTTP 200
[playwright.request-second-pass] https://csumb.edu/catalog/programs/undergraduate/marine-science-bs -> HTTP 200
[playwright.request-second-pass] https://csumb.edu/catalog/programs/undergraduate/mathematics-bs -> HTTP 200
[playwright.request-second-pass] https://csumb.edu/catalog/programs/undergraduate/human-development-and-family-science-ba -> HTTP 200
[playwright.request-second-pass] https://csumb.edu/catalog/programs/undergraduate/kinesiology-bs -> HTTP 200
[playwright.request-second-pass] https://csumb.edu/catalog/programs/undergraduate/humanities-communication-ba -> HTTP 200
[saved] outputs_aiohttp/laes.calpoly.edu.txt (chars: 2019)
[playwright] Waiting for content hydration on https://www.bestcolleges.com/resources/hispanic-latino-scholarships/...
[playwright] Waiting for content hydration on https://www.consumerfinance.gov/paying-for-college/your-financial-path-to-graduation/how-we-got-these-numbers/...
[playwright] Waiting for content hydration on https://www.bestcolleges.com...
[playwright] Waiting for content hydration on https://admission.ucla.edu/apply...
[playwright] Waiting for content hydration on https://www.bestcolleges.com/resources/adult-learner-scholarships/...
[playwright] Waiting for content hydration on https://www.bestcolleges.com/resources/students-with-disabilities-financial-aid/...
[playwright] Waiting for content hydration on https://admission.ucla.edu...
[playwright.request-second-pass] https://www.westmont.edu/computer-science -> HTTP 200
[playwright.request-second-pass] https://www.ndnu.edu/academics/undergraduate-programs/sociology -> HTTP 200
[playwright.request-second-pass] https://csumb.edu/catalog/programs/undergraduate/global-studies-ba -> HTTP 200
[playwright.request-second-pass] https://csumb.edu/catalog/programs/undergraduate/environmental-science-technology-policy-bs -> HTTP 200
[playwright.request-second-pass] https://www.otis.edu/environmental-design -> HTTP 200
[playwright.request-second-pass] https://www.otis.edu/toy-design -> HTTP 200
[saved] outputs_aiohttp/www.chapman.edu_admission_undergraduate_index.aspx.txt (chars: 3843)
[playwright] Waiting for content hydration on https://www.consumerfinance.gov/complaint/...
[playwright.request-second-pass] https://www.csulb.edu/admissions/contact-admissions -> HTTP 200
[playwright.request-second-pass] https://catalog.fullerton.edu/preview_program.php?catoid=80&poid=38457 -> HTTP 200
[playwright.request-second-pass] https://financialaid.lmu.edu -> HTTP 200
[playwright.request-second-pass] https://classics.stanford.edu/academics/undergraduate-program -> HTTP 200
[playwright.request-second-pass] https://psychology.stanford.edu/academics/undergraduate-program -> HTTP 200
[playwright.request-second-pass] https://csumb.edu/catalog/programs/undergraduate/computer-science-bs -> HTTP 200
[playwright.request-second-pass] https://csumb.edu/catalog/programs/undergraduate/collaborative-health-and-human-services-ba -> HTTP 200
[playwright.request-second-pass] https://csumb.edu/catalog/programs/undergraduate/communication-design-ba -> HTTP 200
[playwright.request-second-pass] https://csumb.edu/catalog/programs/undergraduate/cinematic-arts-and-technology-ba -> HTTP 200
[playwright.request-second-pass] https://csumb.edu/catalog/programs/undergraduate/biology-bs -> HTTP 200
[playwright.request-second-pass] https://csumb.edu/catalog/programs/undergraduate/business-administration-bs -> HTTP 200
[playwright.request-second-pass] https://csumb.edu/catalog/programs/undergraduate/agricultural-plant-and-soil-sciences-bs -> HTTP 200
[playwright.request-second-pass] https://www.neurosci.ucla.edu/undergraduate/major -> HTTP 200
[playwright.request-second-pass] https://www.otis.edu/illustration -> HTTP 200
[playwright.request-second-pass] https://www.otis.edu/fashion-design -> HTTP 200
[playwright.request-second-pass] https://www.otis.edu/animation -> HTTP 200
[playwright.request-second-pass] https://www.otis.edu/graphic-design -> HTTP 200
[playwright.request-second-pass] https://www.otis.edu/fine-arts -> HTTP 200
[playwright.request-second-pass] https://www.otis.edu/product-design -> HTTP 200
[playwright.request-second-pass] https://www.csueastbay.edu/financialaid -> HTTP 200
[saved] outputs_aiohttp/bigfuture.collegeboard.org_plan-for-college_apply-to-college_how-to-prepare-for-the-sat.txt (chars: 6854)
[playwright.request-second-pass] https://www.westmont.edu/data-analytics -> HTTP 200
[playwright.request-second-pass] https://www.westmont.edu/political-science -> HTTP 200
[playwright.request-second-pass] https://www.westmont.edu/history -> HTTP 200
[playwright.request-second-pass] https://www.westmont.edu/social-science -> HTTP 200
[playwright.request-second-pass] https://www.westmont.edu/philosophy -> HTTP 200
[playwright.request-second-pass] https://www.westmont.edu/communication-studies -> HTTP 200
[playwright.request-second-pass] https://www.westmont.edu/liberal-studies -> HTTP 200
[playwright.request-second-pass] https://www.westmont.edu/modern-languages -> HTTP 200
[playwright.request-second-pass] https://catalog.fullerton.edu/preview_program.php?catoid=80&poid=38456 -> HTTP 200
[playwright.request-second-pass] https://catalog.fullerton.edu/preview_program.php?catoid=80&poid=38455 -> HTTP 200
[playwright.request-second-pass] https://cfa.lmu.edu/programs/music -> HTTP 200
[playwright.request-second-pass] https://studentaid.gov/articles/scholarship-tips/ -> HTTP 200
[playwright.request-second-pass] https://www.ndnu.edu/admissions/financial-aid -> HTTP 200
[playwright.request-second-pass] https://www.chapman.edu/admission/undergraduate/apply/first-year-freshman.aspx -> HTTP 200
[playwright.request-second-pass] https://admissions.ucsd.edu/faq -> HTTP 200
[playwright.request-second-pass] https://socgen.ucla.edu/undergraduate/major -> HTTP 200
[playwright.request-second-pass] https://www.csub.edu/theatre -> HTTP 200
[playwright.request-second-pass] https://www.csub.edu/sociology -> HTTP 200
[playwright.request-second-pass] https://www.csub.edu/psychology -> HTTP 200
[playwright.request-second-pass] https://www.csub.edu/prelaw -> HTTP 200
[playwright.request-second-pass] https://www.csub.edu/polisci -> HTTP 200
[playwright.request-second-pass] https://www.csub.edu/geology -> HTTP 200
[playwright.request-second-pass] https://www.csub.edu/criminaljustice -> HTTP 200
[playwright.request-second-pass] https://www.csub.edu/comm -> HTTP 200
[playwright.request-second-pass] https://www.csub.edu/chemistry -> HTTP 200
[playwright.request-second-pass] https://www.csub.edu/biology -> HTTP 200
[playwright.request-second-pass] https://www.csub.edu/music -> HTTP 200
[playwright.request-second-pass] https://www.csub.edu/nursing -> HTTP 200
[playwright.request-second-pass] https://catalog.sjsu.edu/preview_program.php?catoid=13&poid=6407 -> HTTP 404
[playwright.request-second-pass] https://catalog.csustan.edu/preview_program.php?catoid=32&poid=4582 -> HTTP 404
[saved] outputs_aiohttp/financialaid.sfsu.edu.txt (chars: 3857)
[playwright.request-second-pass] https://www.taft.edu/contact -> HTTP 200
[playwright.request-second-pass] https://www.westmont.edu/mathematics -> HTTP 200
[playwright.request-second-pass] https://www.westmont.edu/biology -> HTTP 200
[playwright.request-second-pass] https://www.westmont.edu/religious-studies -> HTTP 200
[playwright.request-second-pass] https://www.westmont.edu/english -> HTTP 200
[playwright.request-second-pass] https://www.westmont.edu/chemistry -> HTTP 200
[playwright.request-second-pass] https://catalog.fullerton.edu/preview_program.php?catoid=80&poid=38453 -> HTTP 200
[playwright.request-second-pass] https://catalog.fullerton.edu/preview_program.php?catoid=80&poid=38452 -> HTTP 200
[playwright.request-second-pass] https://catalog.fullerton.edu/preview_program.php?catoid=80&poid=38451 -> HTTP 200
[playwright.request-second-pass] https://catalog.fullerton.edu/preview_program.php?catoid=80&poid=38447 -> HTTP 200
[playwright.request-second-pass] https://catalog.fullerton.edu/preview_program.php?catoid=80&poid=38449 -> HTTP 200
[playwright.request-second-pass] https://catalog.fullerton.edu/preview_program.php?catoid=80&poid=38446 -> HTTP 200
[playwright.request-second-pass] https://catalog.fullerton.edu/preview_program.php?catoid=80&poid=38448 -> HTTP 200
[playwright.request-second-pass] https://catalog.fullerton.edu/preview_program.php?catoid=80&poid=38445 -> HTTP 200
[playwright.request-second-pass] https://catalog.fullerton.edu/preview_program.php?catoid=80&poid=38444 -> HTTP 200
[playwright.request-second-pass] https://catalog.fullerton.edu/preview_program.php?catoid=80&poid=38441 -> HTTP 200
[playwright.request-second-pass] https://catalog.fullerton.edu/preview_program.php?catoid=80&poid=38437 -> HTTP 200
[playwright.request-second-pass] https://www.ndnu.edu/academics/undergraduate-programs/psychology -> HTTP 200
[playwright.request-second-pass] https://www.ndnu.edu/academics/undergraduate-programs/liberal-studies -> HTTP 200
[playwright.request-second-pass] https://www.ndnu.edu/academics/undergraduate-programs/kinesiology -> HTTP 200
[playwright.request-second-pass] https://www.ndnu.edu/academics/undergraduate-programs/interdisciplinary-studies -> HTTP 200
[playwright.request-second-pass] https://www.ndnu.edu/academics/undergraduate-programs/history -> HTTP 200
[playwright.request-second-pass] https://www.ndnu.edu/academics/undergraduate-programs/human-services -> HTTP 200
[playwright.request-second-pass] https://www.ndnu.edu/academics/undergraduate-programs/english -> HTTP 200
[playwright.request-second-pass] https://www.ndnu.edu/academics/undergraduate-programs/communication -> HTTP 200
[playwright.request-second-pass] https://www.ndnu.edu/academics/undergraduate-programs/business-administration -> HTTP 200
[playwright.request-second-pass] https://www.ndnu.edu/academics/undergraduate-programs/biology -> HTTP 200
[playwright.request-second-pass] https://www.ndnu.edu/academics/undergraduate-programs/art -> HTTP 200
[playwright.request-second-pass] https://www.ndnu.edu/admissions/contact-admissions -> HTTP 200
[playwright.request-second-pass] https://www.ndnu.edu/admissions/tuition-fees -> HTTP 200
[playwright.request-second-pass] https://www.ndnu.edu/admissions/undergraduate/deadlines -> HTTP 200
[playwright.request-second-pass] https://www.ndnu.edu/admissions/undergraduate/requirements -> HTTP 200
[playwright.request-second-pass] https://www.ndnu.edu/admissions/undergraduate/apply -> HTTP 200
[playwright.request-second-pass] https://www.ndnu.edu/academics/undergraduate-programs/biochemistry -> HTTP 200
[playwright.request-second-pass] https://seaver.pepperdine.edu/admission/financial-aid -> HTTP 200
[playwright.request-second-pass] https://www.csueastbay.edu/modernlanguages/programs/ba-spanish.html -> HTTP 200
[playwright.request-second-pass] https://studentaffairs.fresnostate.edu/financialaid -> HTTP 200
[playwright.request-second-pass] https://www.csub.edu/history -> HTTP 200
[playwright.request-second-pass] https://www.csub.edu/english -> HTTP 200
[playwright.request-second-pass] https://www.csub.edu/math -> HTTP 200
[saved] outputs_aiohttp/www.csusm.edu_admissions_how-to-apply_index.html.txt (chars: 2647)
[playwright.request-second-pass] https://www.whittier.edu/academics/biology -> HTTP 200
[playwright.request-second-pass] https://www.westmont.edu/environmental-studies -> HTTP 200
[playwright.request-second-pass] https://www.westmont.edu/art -> HTTP 200
[playwright.request-second-pass] https://catalog.fullerton.edu/preview_program.php?catoid=80&poid=38454 -> HTTP 200
[playwright.request-second-pass] https://catalog.fullerton.edu/preview_program.php?catoid=80&poid=38450 -> HTTP 200
[playwright.request-second-pass] https://catalog.fullerton.edu/preview_program.php?catoid=80&poid=38440 -> HTTP 200
[playwright.request-second-pass] https://catalog.ucr.edu/preview_program.php?catoid=23&poid=10851 -> HTTP 200
[playwright.request-second-pass] https://catalog.fullerton.edu/preview_program.php?catoid=80&poid=38439 -> HTTP 200
[playwright.request-second-pass] https://catalog.fullerton.edu/preview_program.php?catoid=80&poid=38430 -> HTTP 200
[playwright.request-second-pass] https://catalog.fullerton.edu/preview_program.php?catoid=80&poid=38420 -> HTTP 200
[playwright.request-second-pass] https://catalog.fullerton.edu/preview_program.php?catoid=80&poid=38427 -> HTTP 200
[playwright.request-second-pass] https://catalog.fullerton.edu/preview_program.php?catoid=80&poid=38426 -> HTTP 200
[playwright.request-second-pass] https://bellarmine.lmu.edu/philosophy -> HTTP 200
[playwright.request-second-pass] https://www.csueastbay.edu/sociology/programs/ba-sociology.html -> HTTP 200
[playwright.request-second-pass] https://www.csueastbay.edu/politicalscience/programs/ba-political-science.html -> HTTP 200
[playwright.request-second-pass] https://www.csueastbay.edu/international/programs/ba-international-studies.html -> HTTP 200
[playwright.request-second-pass] https://www.csueastbay.edu/accounting/undergraduate-programs/bs-accounting.html -> HTTP 200
[playwright.request-second-pass] https://www.csueastbay.edu/finance/programs/bs-finance.html -> HTTP 200
[playwright.request-second-pass] https://www.westmont.edu/education -> HTTP 200
[playwright.request-second-pass] https://www.westmont.edu/theatre-arts -> HTTP 200
[playwright.request-second-pass] https://admissions.sdsu.edu/contact -> HTTP 200
[playwright.request-second-pass] https://catalog.fullerton.edu/preview_program.php?catoid=80&poid=38434 -> HTTP 200
[playwright.request-second-pass] https://catalog.fullerton.edu/preview_program.php?catoid=80&poid=38435 -> HTTP 200
[playwright.request-second-pass] https://catalog.fullerton.edu/preview_program.php?catoid=80&poid=38433 -> HTTP 200
[playwright.request-second-pass] https://catalog.fullerton.edu/preview_program.php?catoid=80&poid=38432 -> HTTP 200
[playwright.request-second-pass] https://catalog.fullerton.edu/preview_program.php?catoid=80&poid=38428 -> HTTP 200
[playwright.request-second-pass] https://catalog.fullerton.edu/preview_program.php?catoid=80&poid=38431 -> HTTP 200
[playwright.request-second-pass] https://catalog.fullerton.edu/preview_program.php?catoid=80&poid=38429 -> HTTP 200
[playwright.request-second-pass] https://catalog.fullerton.edu/preview_program.php?catoid=80&poid=38419 -> HTTP 200
[playwright.request-second-pass] https://bellarmine.lmu.edu/theologicalstudies -> HTTP 200
[playwright.request-second-pass] https://bellarmine.lmu.edu/psychology -> HTTP 200
[playwright.request-second-pass] https://bellarmine.lmu.edu/politicalscience -> HTTP 200
[playwright.request-second-pass] https://bellarmine.lmu.edu/urbanstudies -> HTTP 200
[playwright.request-second-pass] https://bellarmine.lmu.edu/environmentalstudies -> HTTP 200
[playwright.request-second-pass] https://bellarmine.lmu.edu/internationalrelations -> HTTP 200
[playwright.request-second-pass] https://admissions.ucsd.edu/contact -> HTTP 200
[playwright.request-second-pass] https://admissions.ucsd.edu/apply -> HTTP 200
[saved] outputs_aiohttp/ee.sonoma.edu.txt (chars: 5453)
[playwright.request-second-pass] https://www.whittier.edu/academics/economics -> HTTP 200
[playwright.request-second-pass] https://www.whittier.edu/academics/art -> HTTP 200
[playwright.request-second-pass] https://www.westmont.edu/physics -> HTTP 200
[playwright.request-second-pass] https://catalog.fullerton.edu/preview_program.php?catoid=80&poid=38438 -> HTTP 200
[playwright.request-second-pass] https://bellarmine.lmu.edu/modernlanguages -> HTTP 200
[playwright.request-second-pass] https://catalog.fullerton.edu/preview_program.php?catoid=80&poid=38421 -> HTTP 200
[playwright.request-second-pass] https://religiousstudies.stanford.edu/academics/undergraduate-program -> HTTP 200
[playwright.request-second-pass] https://seaver.pepperdine.edu/admission/application -> HTTP 200
[playwright.request-second-pass] https://economics.sonoma.edu -> HTTP 200
[playwright.request-second-pass] https://fidm.edu/en/majors/merchandise-product-development -> HTTP 200
[playwright.request-second-pass] https://fidm.edu/en/majors/social-media -> HTTP 200
[playwright.request-second-pass] https://fidm.edu/en/majors/merchandise-marketing -> HTTP 200
[playwright.request-second-pass] https://fidm.edu/en/majors/fashion-knitwear-design -> HTTP 200
[playwright.request-second-pass] https://fidm.edu/en/majors/film-tv-costume-design -> HTTP 200
[playwright.request-second-pass] https://fidm.edu/en/majors/digital-marketing -> HTTP 200
[playwright.request-second-pass] https://fidm.edu/en/majors/fashion-design -> HTTP 200
[playwright.request-second-pass] https://fidm.edu/en/majors/interior-design -> HTTP 200
[playwright.request-second-pass] https://fidm.edu/en/admissions/contact+admissions -> HTTP 200
[playwright.request-second-pass] https://fidm.edu/en/majors/beauty-marketing-product-development -> HTTP 200
[playwright.request-second-pass] https://fidm.edu/en/majors/digital-media -> HTTP 200
[playwright.request-second-pass] https://fidm.edu/en/majors/apparel-industry-management -> HTTP 200
[playwright.request-second-pass] https://fidm.edu/en/admissions/admissions+requirements -> HTTP 200
[playwright.request-second-pass] https://fidm.edu/en/admissions/important+dates -> HTTP 200
[playwright.request-second-pass] https://fidm.edu/en/admissions/financial+aid -> HTTP 200
[playwright.request-second-pass] https://fidm.edu/en/admissions -> HTTP 200
[playwright.request-second-pass] https://fidm.edu/en/majors/graphic-design -> HTTP 200
[playwright.request-second-pass] https://fidm.edu/en/admissions/tuition+and+fees -> HTTP 200
[playwright.request-second-pass] https://catalog.fullerton.edu/preview_program.php?catoid=80&poid=38443 -> HTTP 200
[playwright.request-second-pass] https://catalog.fullerton.edu/preview_program.php?catoid=80&poid=38442 -> HTTP 200
[playwright.request-second-pass] https://catalog.fullerton.edu/preview_program.php?catoid=80&poid=38436 -> HTTP 200
[playwright.request-second-pass] https://catalog.fullerton.edu/preview_program.php?catoid=80&poid=38422 -> HTTP 200
[playwright.request-second-pass] https://catalog.fullerton.edu/preview_program.php?catoid=80&poid=38423 -> HTTP 200
[playwright.request-second-pass] https://www.csuchico.edu/fa -> HTTP 200
[playwright.request-second-pass] https://bellarmine.lmu.edu/humanities -> HTTP 200
[playwright.request-second-pass] https://www.csuci.edu/financialaid -> HTTP 200
[playwright.request-second-pass] https://mse.stanford.edu/academics/undergraduate-program -> HTTP 200
[playwright.request-second-pass] https://bellarmine.lmu.edu/english -> HTTP 200
[playwright.request-second-pass] https://bellarmine.lmu.edu/journalism -> HTTP 200
[playwright.request-second-pass] https://catalogue.usc.edu/preview_program.php?catoid=18&poid=26328 -> HTTP 404
[saved] outputs_aiohttp/www.csusb.edu_student-financial-services_tuition-and-fees.txt (chars: 2986)
[playwright.request-second-pass] https://sdcc.edu/academics/majors/biblical-studies -> HTTP 200
[playwright.request-second-pass] https://sdcc.edu/academics/majors/biological-science -> HTTP 200
[playwright.request-second-pass] https://www.biola.edu/spanish-ba -> HTTP 200
[playwright.request-second-pass] https://catalog.fullerton.edu/preview_program.php?catoid=80&poid=38425 -> HTTP 200
[playwright.request-second-pass] https://www.deepsprings.edu/admissions -> HTTP 200
[playwright.request-second-pass] https://www.hmc.edu/physics/program/major -> HTTP 200
[playwright.request-second-pass] https://www.hmc.edu/mathematics/program/major -> HTTP 200
[playwright.request-second-pass] https://www.hmc.edu/biology/program/major -> HTTP 200
[playwright.request-second-pass] https://bellarmine.lmu.edu/sociology -> HTTP 200
[playwright.request-second-pass] https://bellarmine.lmu.edu/history -> HTTP 200
[playwright.request-second-pass] https://bulletin.sfsu.edu/colleges/science-engineering/engineering/bs-computer-engineering -> HTTP 200
[playwright.request-second-pass] https://bulletin.sfsu.edu/colleges/science-engineering/engineering/bs-mechanical-engineering -> HTTP 200
[playwright.request-second-pass] https://bulletin.sfsu.edu/colleges/liberal-creative-arts/classics/ba-classics -> HTTP 200
[playwright.request-second-pass] https://bulletin.sfsu.edu/colleges/science-engineering/physics-astronomy/bs-physics -> HTTP 200
[playwright.request-second-pass] https://bulletin.sfsu.edu/colleges/liberal-creative-arts/history/ba-history -> HTTP 200
[playwright.request-second-pass] https://bulletin.sfsu.edu/colleges/science-engineering/chemistry-biochemistry/bs-chemistry -> HTTP 200
[playwright.request-second-pass] https://bulletin.sfsu.edu/colleges/liberal-creative-arts/cinema/ba-cinema -> HTTP 200
[playwright.request-second-pass] https://bulletin.sfsu.edu/colleges/liberal-creative-arts/international-relations/ba-international-relations -> HTTP 200
[playwright.request-second-pass] https://catalogue.usc.edu/preview_program.php?catoid=18&poid=26374 -> HTTP 404
[playwright.request-second-pass] https://catalog.ucr.edu/preview_program.php?catoid=23&poid=10855 -> HTTP 200
[playwright.request-second-pass] https://nursing.sonoma.edu -> HTTP 200
[playwright.request-second-pass] https://www.cdrewu.edu/academics/college-of-science-and-health/nursing/rn-to-bsn -> HTTP 404
[playwright.request-second-pass] https://chemistry.sonoma.edu -> HTTP 200
[playwright.request-second-pass] https://www.biola.edu/theatre-ba -> HTTP 200
[playwright.request-second-pass] https://calbaptist.edu/financial-aid -> HTTP 200
[playwright.request-second-pass] https://admissions.ucsb.edu -> HTTP 200
[playwright.request-second-pass] https://bulletin.sfsu.edu/colleges/liberal-creative-arts/women-gender-studies/ba-women-gender-studies -> HTTP 200
[playwright.request-second-pass] https://bulletin.sfsu.edu/colleges/health-social-sciences/urban-studies-planning/ba-urban-studies-planning -> HTTP 200
[playwright.request-second-pass] https://bulletin.sfsu.edu/colleges/liberal-creative-arts/theatre-arts/ba-theatre-arts -> HTTP 200
[playwright.request-second-pass] https://bulletin.sfsu.edu/colleges/liberal-creative-arts/design-industry/bs-visual-communication-design -> HTTP 200
[playwright.request-second-pass] https://bulletin.sfsu.edu/colleges/liberal-creative-arts/political-science/ba-political-science -> HTTP 200
[playwright.request-second-pass] https://bulletin.sfsu.edu/colleges/health-social-sciences/public-health/bs-public-health -> HTTP 200
[playwright.request-second-pass] https://bulletin.sfsu.edu/colleges/liberal-creative-arts/music/ba-music -> HTTP 200
[playwright.request-second-pass] https://bulletin.sfsu.edu/colleges/liberal-creative-arts/liberal-studies/ba-liberal-studies -> HTTP 200
[playwright.request-second-pass] https://bulletin.sfsu.edu/colleges/science-engineering/chemistry-biochemistry/bs-biochemistry -> HTTP 200
[playwright.request-second-pass] https://bulletin.sfsu.edu/colleges/science-engineering/psychology/ba-psychology -> HTTP 200
[playwright.request-second-pass] https://bulletin.sfsu.edu/colleges/liberal-creative-arts/theatre-arts/ba-dance -> HTTP 200
[playwright.request-second-pass] https://bulletin.sfsu.edu/colleges/science-engineering/computer-science/bs-computer-science -> HTTP 200
[playwright.request-second-pass] https://bulletin.sfsu.edu/colleges/ethnic-studies/asian-american-studies/ba-asian-american-studies -> HTTP 200
[playwright.request-second-pass] https://bulletin.sfsu.edu/colleges/ethnic-studies/american-indian-studies/ba-american-indian-studies -> HTTP 200
[playwright.request-second-pass] https://bulletin.sfsu.edu/colleges/liberal-creative-arts/communication-studies/ba-communication-studies -> HTTP 200
[playwright.request-second-pass] https://bulletin.sfsu.edu/colleges/business/economics/ba-economics -> HTTP 200
[playwright.request-second-pass] https://bulletin.sfsu.edu/colleges/science-engineering/engineering/bs-civil-engineering -> HTTP 200
[playwright.request-second-pass] https://bulletin.sfsu.edu/colleges/liberal-creative-arts/journalism/ba-journalism -> HTTP 200
[playwright.request-second-pass] https://catalog.ucr.edu/preview_program.php?catoid=23&poid=10853 -> HTTP 200
[playwright.request-second-pass] https://catalog.ucr.edu/preview_program.php?catoid=23&poid=10852 -> HTTP 200
[playwright.request-second-pass] https://globalstudies.sonoma.edu -> HTTP 200
[playwright.request-second-pass] https://business.sonoma.edu -> HTTP 200
[playwright.request-second-pass] https://sacd.sdsu.edu/financial-aid -> HTTP 200
[playwright.request-second-pass] https://calbaptist.edu/admissions/undergraduate -> HTTP 200
[saved] outputs_aiohttp/www.csusb.edu_financial-aid.txt (chars: 2461)
[playwright.request-second-pass] https://www.csum.edu/ibl -> HTTP 200
[playwright.request-second-pass] https://www.csum.edu/admissions/contact-us.html -> HTTP 200
[playwright.request-second-pass] https://www.csum.edu/costs-aid/financial-aid/index.html -> HTTP 200
[playwright.request-second-pass] https://www.csum.edu/mechanical-engineering -> HTTP 200
[playwright.request-second-pass] https://www.csum.edu/oceanography -> HTTP 200
[playwright.request-second-pass] https://www.csum.edu/met -> HTTP 200
[playwright.request-second-pass] https://www.csum.edu/admissions/undergraduate-admissions/dates-and-deadlines.html -> HTTP 200
[playwright.request-second-pass] https://www.csum.edu/admissions/undergraduate-admissions/how-to-apply.html -> HTTP 200
[playwright.request-second-pass] https://www.csum.edu/costs-aid/tuition-fees.html -> HTTP 200
[playwright.request-second-pass] https://www.csum.edu/gsma -> HTTP 200
[playwright.request-second-pass] https://www.csum.edu/admissions/undergraduate-admissions/requirements.html -> HTTP 200
[playwright.request-second-pass] https://www.csum.edu/fet -> HTTP 200
[playwright.request-second-pass] https://www.csum.edu/mt -> HTTP 200
[playwright.request-second-pass] https://fidm.edu/en/admissions/apply+now -> HTTP 200
[playwright.request-second-pass] https://bulletin.sfsu.edu/colleges/liberal-creative-arts/anthropology/ba-anthropology -> HTTP 200
[playwright.request-second-pass] https://bulletin.sfsu.edu/colleges/health-social-sciences/criminal-justice-studies/ba-criminal-justice-studies -> HTTP 200
[playwright.request-second-pass] https://bulletin.sfsu.edu/colleges/ethnic-studies/latina-latino-studies/ba-latina-latino-studies -> HTTP 200
[playwright.request-second-pass] https://bulletin.sfsu.edu/colleges/business/hospitality-tourism-management/bs-hospitality-tourism-management -> HTTP 200
[playwright.request-second-pass] https://catalogue.usc.edu/preview_program.php?catoid=18&poid=26343 -> HTTP 404
[playwright.request-second-pass] https://www.cca.edu/admissions/undergraduate -> HTTP 200
[playwright.request-second-pass] https://art.sonoma.edu -> HTTP 200
[playwright.request-second-pass] https://www.usfca.edu/admission/undergraduate/apply#deadlines -> HTTP 200
[playwright.request-second-pass] https://www.csulb.edu/financial-aid -> HTTP 200
[playwright.request-second-pass] https://www.finaid.ucsb.edu -> HTTP 200
[playwright.request-second-pass] https://bellarmine.lmu.edu/liberalstudies -> HTTP 200
[playwright.request-second-pass] https://publicpolicy.stanford.edu/academics/undergraduate-program -> HTTP 200
[playwright.request-second-pass] https://www.admissions.caltech.edu -> HTTP 200
[playwright.request-second-pass] https://anthropology.sonoma.edu -> HTTP 200
[playwright.request-second-pass] https://admission.lmu.edu/apply -> HTTP 200
[playwright.request-second-pass] https://www.msmu.edu/undergraduate-bachelor-programs/sociology -> HTTP 200
[playwright.request-second-pass] https://www.msmu.edu/undergraduate-bachelor-programs/physical-sciences -> HTTP 200
[playwright.request-second-pass] https://sdcc.edu/academics/majors/business-management -> HTTP 200
[playwright.request-second-pass] https://www.biola.edu/sociology-ba -> HTTP 200
[playwright.request-second-pass] https://www.msmu.edu/undergraduate-bachelor-programs/nursing -> HTTP 200
[playwright.request-second-pass] https://www.msmu.edu/undergraduate-bachelor-programs/social-work -> HTTP 200
[playwright.request-second-pass] https://www.msmu.edu/undergraduate-bachelor-programs/mathematics -> HTTP 200
[playwright.request-second-pass] https://www.msmu.edu/undergraduate-bachelor-programs/music -> HTTP 200
[playwright.request-second-pass] https://catalogue.usc.edu/preview_program.php?catoid=18&poid=26337 -> HTTP 404
[playwright.request-second-pass] https://catalog.ucr.edu/preview_program.php?catoid=23&poid=10854 -> HTTP 200
[playwright.request-second-pass] https://catalog.ucr.edu/preview_program.php?catoid=23&poid=10819 -> HTTP 200
[playwright.request-second-pass] https://sdcc.edu/academics/majors/liberal-studies -> HTTP 200
[playwright.request-second-pass] https://www.msmu.edu/undergraduate-bachelor-programs/religious-studies -> HTTP 200
[playwright.request-second-pass] https://www.msmu.edu/undergraduate-bachelor-programs/psychology -> HTTP 200
[playwright.request-second-pass] https://www.msmu.edu/undergraduate-bachelor-programs/philosophy -> HTTP 200
[playwright.request-second-pass] https://www.biola.edu/physical-science-bs -> HTTP 200
[playwright.request-second-pass] https://www.msmu.edu/undergraduate-bachelor-programs/english -> HTTP 200
[saved] outputs_aiohttp/admission.usc.edu.txt (chars: 1242)
[playwright.request-second-pass] https://www.cca.edu/admissions/contact -> HTTP 200
[playwright.request-second-pass] https://www.csuchico.edu/admissions/contact.shtml -> HTTP 200
[playwright.request-second-pass] https://www.biola.edu/liberal-studies-elementary-education-ba -> HTTP 200
[playwright.request-second-pass] https://sdcc.edu/academics/majors/interdisciplinary-studies -> HTTP 200
[playwright.request-second-pass] https://www.biola.edu/physics-bs -> HTTP 200
[playwright.request-second-pass] https://www.biola.edu/psychology-ba -> HTTP 200
[playwright.request-second-pass] https://www.biola.edu/kinesiology-bs -> HTTP 200
[playwright.request-second-pass] https://www.msmu.edu/financial-aid -> HTTP 200
[playwright.request-second-pass] https://www.msmu.edu/undergraduate-bachelor-programs/global-politics -> HTTP 200
[playwright.request-second-pass] https://www.biola.edu/intercultural-studies-ba -> HTTP 200
[playwright.request-second-pass] https://catalogue.usc.edu/preview_program.php?catoid=18&poid=26388 -> HTTP 404
[playwright.request-second-pass] https://www.oxy.edu/academics/areas-study/black-studies -> HTTP 200
[playwright.request-second-pass] https://history.sonoma.edu -> HTTP 200
[playwright.request-second-pass] https://admissions.sonoma.edu/how-apply -> HTTP 200
[playwright.request-second-pass] https://studentfinancialservices.humboldt.edu/tuition-fees -> HTTP 200
[playwright.request-second-pass] https://admissions.humboldt.edu/contact -> HTTP 200
[playwright.request-second-pass] https://sdcc.edu/academics/majors/aviation -> HTTP 200
[playwright.request-second-pass] https://sdcc.edu/academics/majors/communication -> HTTP 200
[playwright.request-second-pass] https://sdcc.edu/academics/majors/english -> HTTP 200
[playwright.request-second-pass] https://www.msmu.edu/undergraduate-bachelor-programs/healthcare-policy -> HTTP 200
[playwright.request-second-pass] https://www.biola.edu/political-science-ba -> HTTP 200
[playwright.request-second-pass] https://www.msmu.edu/admission/undergraduate-admission -> HTTP 200
[playwright.request-second-pass] https://www.msmu.edu/undergraduate-bachelor-programs/biological-sciences -> HTTP 200
[playwright.request-second-pass] https://www.msmu.edu/undergraduate-bachelor-programs/business-administration -> HTTP 200
[playwright.request-second-pass] https://www.msmu.edu/undergraduate-bachelor-programs/criminology -> HTTP 200
[playwright.request-second-pass] https://www.oxy.edu/academics/areas-study/critical-theory-social-justice -> HTTP 200
[playwright.request-second-pass] https://www.admissions.caltech.edu/apply -> HTTP 200
[playwright.request-second-pass] https://www.pomona.edu/academics/departments/molecular-biology -> HTTP 200
[playwright.request-second-pass] https://www.pomona.edu/academics/departments/romance-languages-literatures -> HTTP 200
[playwright.request-second-pass] https://www.pomona.edu/academics/departments/religious-studies -> HTTP 200
[playwright.request-second-pass] https://www.pomona.edu/academics/departments/history -> HTTP 200
[playwright.request-second-pass] https://www.pomona.edu/academics/departments/neuroscience -> HTTP 200
[playwright.request-second-pass] https://www.pomona.edu/academics/departments/public-policy-analysis -> HTTP 200
[playwright.request-second-pass] https://www.pomona.edu/academics/departments/latin-american-studies -> HTTP 200
[playwright.request-second-pass] https://www.pomona.edu/academics/departments/international-relations -> HTTP 200
[playwright.request-second-pass] https://www.pomona.edu/academics/departments/english -> HTTP 200
[playwright.request-second-pass] https://www.pomona.edu/academics/departments/computer-science -> HTTP 200
[playwright.request-second-pass] https://www.pomona.edu/academics/departments/american-studies -> HTTP 200
[playwright.request-second-pass] https://www.pitzer.edu/admission -> HTTP 200
[playwright.request-second-pass] https://www.redlands.edu/study/schools-and-centers/college-of-arts-and-sciences/undergraduate-studies/latin-american-studies -> HTTP 200
[playwright.request-second-pass] https://www.redlands.edu/study/schools-and-centers/college-of-arts-and-sciences/undergraduate-studies/art -> HTTP 200
[playwright] Waiting for content hydration on https://myfuture.com...
[playwright] Waiting for content hydration on https://www.sjsu.edu/faso...
[playwright.request-second-pass] https://catalog.ucr.edu/preview_program.php?catoid=23&poid=10849 -> HTTP 200
[playwright.request-second-pass] https://catalog.ucr.edu/preview_program.php?catoid=23&poid=10850 -> HTTP 200
[playwright.request-second-pass] https://catalog.ucr.edu/preview_program.php?catoid=23&poid=10848 -> HTTP 200
[playwright.request-second-pass] https://catalog.ucr.edu/preview_program.php?catoid=23&poid=10856 -> HTTP 200
[playwright.request-second-pass] https://catalog.ucr.edu/preview_program.php?catoid=23&poid=10846 -> HTTP 200
[playwright.request-second-pass] https://catalog.ucr.edu/preview_program.php?catoid=23&poid=10847 -> HTTP 200
[playwright.request-second-pass] https://catalog.ucr.edu/preview_program.php?catoid=23&poid=10845 -> HTTP 200
[playwright.request-second-pass] https://catalog.ucr.edu/preview_program.php?catoid=23&poid=10844 -> HTTP 200
[playwright.request-second-pass] https://catalog.ucr.edu/preview_program.php?catoid=23&poid=10858 -> HTTP 200
[playwright.request-second-pass] https://catalog.ucr.edu/preview_program.php?catoid=23&poid=10841 -> HTTP 200
[playwright.request-second-pass] https://catalog.ucr.edu/preview_program.php?catoid=23&poid=10840 -> HTTP 200
[playwright.request-second-pass] https://catalog.ucr.edu/preview_program.php?catoid=23&poid=10836 -> HTTP 200
[playwright.request-second-pass] https://catalog.ucr.edu/preview_program.php?catoid=23&poid=10838 -> HTTP 200
[playwright.request-second-pass] https://catalog.ucr.edu/preview_program.php?catoid=23&poid=10830 -> HTTP 200
[playwright.request-second-pass] https://catalog.ucr.edu/preview_program.php?catoid=23&poid=10833 -> HTTP 200
[playwright.request-second-pass] https://catalog.ucr.edu/preview_program.php?catoid=23&poid=10832 -> HTTP 200
[playwright.request-second-pass] https://catalog.ucr.edu/preview_program.php?catoid=23&poid=10843 -> HTTP 200
[playwright.request-second-pass] https://catalog.ucr.edu/preview_program.php?catoid=23&poid=10831 -> HTTP 200
[playwright.request-second-pass] https://catalog.ucr.edu/preview_program.php?catoid=23&poid=10839 -> HTTP 200
[playwright.request-second-pass] https://catalog.ucr.edu/preview_program.php?catoid=23&poid=10834 -> HTTP 200
[playwright.request-second-pass] https://catalog.ucr.edu/preview_program.php?catoid=23&poid=10829 -> HTTP 200
[playwright.request-second-pass] https://catalog.ucr.edu/preview_program.php?catoid=23&poid=10826 -> HTTP 200
[playwright.request-second-pass] https://catalog.ucr.edu/preview_program.php?catoid=23&poid=10827 -> HTTP 200
[playwright.request-second-pass] https://catalog.ucr.edu/preview_program.php?catoid=23&poid=10835 -> HTTP 200
[playwright.request-second-pass] https://catalog.ucr.edu/preview_program.php?catoid=23&poid=10823 -> HTTP 200
[playwright.request-second-pass] https://catalog.ucr.edu/preview_program.php?catoid=23&poid=10822 -> HTTP 200
[playwright.request-second-pass] https://catalog.ucr.edu/preview_program.php?catoid=23&poid=10821 -> HTTP 200
[playwright.request-second-pass] https://catalog.ucr.edu/preview_program.php?catoid=23&poid=10825 -> HTTP 200
[playwright.request-second-pass] https://www.english.ucsb.edu/undergraduate/major -> HTTP 200
[playwright.request-second-pass] https://www.pitzer.edu/academics/field-groups/political-studies -> HTTP 200
[playwright.request-second-pass] https://sdcc.edu/academics/majors/history -> HTTP 200
[playwright.request-second-pass] https://www.msmu.edu/undergraduate-bachelor-programs/political-science -> HTTP 200
[playwright.request-second-pass] https://www.biola.edu/music-composition-bm -> HTTP 200
[playwright.request-second-pass] https://www.biola.edu/philosophy-ba -> HTTP 200
[playwright.request-second-pass] https://www.biola.edu/history-ba -> HTTP 200
[playwright.request-second-pass] https://www.biola.edu/music-performance-bm -> HTTP 200
[playwright.request-second-pass] https://www.msmu.edu/admission/undergraduate-admission/apply/#deadlines -> HTTP 200
[playwright.request-second-pass] https://www.msmu.edu/admission/undergraduate-admission/apply -> HTTP 200
[playwright.request-second-pass] https://catalogue.usc.edu/preview_program.php?catoid=18&poid=26321 -> HTTP 404
[playwright.request-second-pass] https://www.pomona.edu/academics/departments/sociology -> HTTP 200
[playwright.request-second-pass] https://www.pomona.edu/academics/departments/philosophy -> HTTP 200
[playwright.request-second-pass] https://www.pomona.edu/academics/departments/politics -> HTTP 200
[playwright.request-second-pass] https://www.pomona.edu/academics/departments/media-studies -> HTTP 200
[playwright.request-second-pass] https://www.pomona.edu/academics/departments/economics -> HTTP 200
[playwright.request-second-pass] https://www.pomona.edu/academics/departments/geology -> HTTP 200
[playwright.request-second-pass] https://www.pomona.edu/academics/departments/art-history -> HTTP 200
[playwright.request-second-pass] https://www.pomona.edu/academics/departments/classics -> HTTP 200
[playwright.request-second-pass] https://www.pomona.edu/financial-aid -> HTTP 200
[playwright.request-second-pass] https://www.pomona.edu/academics/departments/asian-languages-literatures -> HTTP 200
[playwright.request-second-pass] https://www.pomona.edu/academics/departments/anthropology -> HTTP 200
[playwright.request-second-pass] https://www.pomona.edu/academics/departments/psychology -> HTTP 200
[playwright.request-second-pass] https://www.pomona.edu/academics/departments/mathematics -> HTTP 200
[playwright.request-second-pass] https://www.pomona.edu/academics/departments/physics -> HTTP 200
[playwright.request-second-pass] https://www.redlands.edu/study/schools-and-centers/college-of-arts-and-sciences/undergraduate-studies/computer-science -> HTTP 200
[playwright.request-second-pass] https://catalog.ucr.edu/preview_program.php?catoid=23&poid=10820 -> HTTP 200
[playwright.request-second-pass] https://www.redlands.edu/study/schools-and-centers/college-of-arts-and-sciences/undergraduate-studies/economics -> HTTP 200
[playwright.request-second-pass] https://catalog.ucr.edu/preview_program.php?catoid=23&poid=10842 -> HTTP 200
[playwright.request-second-pass] https://catalog.ucr.edu/preview_program.php?catoid=23&poid=10837 -> HTTP 200
[playwright.request-second-pass] https://catalog.ucr.edu/preview_program.php?catoid=23&poid=10824 -> HTTP 200
[playwright.request-second-pass] https://www.redlands.edu/study/schools-and-centers/college-of-arts-and-sciences/undergraduate-studies/french -> HTTP 200
[playwright.request-second-pass] https://catalog.ucr.edu/preview_program.php?catoid=23&poid=10828 -> HTTP 200
[playwright.request-second-pass] https://www.biola.edu/music-ba -> HTTP 200
[playwright.request-second-pass] https://www.biola.edu/christian-ministries-ba -> HTTP 200
[playwright.request-second-pass] https://bulletin.sfsu.edu/colleges/science-engineering/engineering/bs-electrical-engineering -> HTTP 200
[playwright.request-second-pass] https://www.oxy.edu/academics/areas-study/chemistry -> HTTP 200
[playwright.request-second-pass] https://www.oxy.edu/academics/areas-study/comparative-studies-literature-culture -> HTTP 200
[playwright.request-second-pass] https://www.oxy.edu/academics/areas-study/computer-science -> HTTP 200
[playwright.request-second-pass] https://www.oxy.edu/academics/areas-study/east-asian-studies -> HTTP 200
[playwright.request-second-pass] https://www.pomona.edu/academics/departments/theatre -> HTTP 200
[playwright.request-second-pass] https://www.pomona.edu/academics/departments/music -> HTTP 200
[playwright.request-second-pass] https://www.pomona.edu/academics/departments/environmental-analysis -> HTTP 200
[playwright.request-second-pass] https://www.pomona.edu/academics/departments/dance -> HTTP 200
[playwright.request-second-pass] https://www.pomona.edu/academics/departments/biology -> HTTP 200
[playwright.request-second-pass] https://www.pomona.edu/academics/departments/chemistry -> HTTP 200
[playwright.request-second-pass] https://lasierra.edu/communication/undergraduate-programs -> HTTP 200
[playwright.request-second-pass] https://www.redlands.edu/admissions-and-aid/undergraduate/apply -> HTTP 200
[playwright.request-second-pass] https://admissions.humboldt.edu/apply -> HTTP 200
[playwright.request-second-pass] https://finaid.humboldt.edu -> HTTP 200
[playwright.request-second-pass] https://www.pitzer.edu/financial-aid -> HTTP 200
[playwright.request-second-pass] https://www.biola.edu/computer-science-bs -> HTTP 200
[playwright.request-second-pass] https://www.msmu.edu/undergraduate-bachelor-programs/journalism-and-new-media -> HTTP 200
[playwright.request-second-pass] https://www.biola.edu/chemistry-bs -> HTTP 200
[playwright.request-second-pass] https://www.biola.edu/communication-sciences-and-disorders-bs -> HTTP 200
[playwright.request-second-pass] https://www.biola.edu/business-administration-bs -> HTTP 200
[playwright.request-second-pass] https://www.oxy.edu/academics/areas-study/diplomacy-world-affairs -> HTTP 200
[playwright.request-second-pass] https://www.oxy.edu/academics/areas-study/cognitive-science -> HTTP 200
[playwright.request-second-pass] https://www.pomona.edu/admissions/apply -> HTTP 200
[playwright.request-second-pass] https://www.uwest.edu/admissions/financial-aid -> HTTP 200
[playwright.request-second-pass] https://www.ggu.edu/admissions/financial-aid -> HTTP 200
[playwright.request-second-pass] https://admissions.sdsu.edu/freshmen/apply -> HTTP 200
[playwright.request-second-pass] https://www.biola.edu/nursing-bs -> HTTP 200
[playwright.request-second-pass] https://www.biola.edu/cinema-and-media-arts-ba -> HTTP 200
[playwright.request-second-pass] https://www.redlands.edu/study/schools-and-centers/college-of-arts-and-sciences/undergraduate-studies/spanish -> HTTP 200
[playwright.request-second-pass] https://www.redlands.edu/study/schools-and-centers/college-of-arts-and-sciences/undergraduate-studies/international-relations -> HTTP 200
[playwright.request-second-pass] https://www.redlands.edu/study/schools-and-centers/college-of-arts-and-sciences/undergraduate-studies/asian-studies -> HTTP 200
[playwright.request-second-pass] https://www.redlands.edu/admissions-and-aid/undergraduate -> HTTP 200
[playwright.request-second-pass] https://www.redlands.edu/study/schools-and-centers/college-of-arts-and-sciences/undergraduate-studies/creative-writing -> HTTP 200
[playwright.request-second-pass] https://www.oxy.edu/academics/areas-study/american-studies -> HTTP 200
[playwright.request-second-pass] https://www.westcliff.edu/contact-us -> HTTP 200
[playwright.request-second-pass] https://www.redlands.edu/study/schools-and-centers/college-of-arts-and-sciences/undergraduate-studies/religious-studies -> HTTP 200
[playwright.request-second-pass] https://www.redlands.edu/study/schools-and-centers/college-of-arts-and-sciences/undergraduate-studies/philosophy -> HTTP 200
[playwright.request-second-pass] https://www.csustan.edu/admissions -> HTTP 200
[playwright.request-second-pass] https://www.msmu.edu/undergraduate-bachelor-programs/accounting -> HTTP 200
[playwright.request-second-pass] https://www.biola.edu/mathematics-bs -> HTTP 200
[playwright.request-second-pass] https://www.oxy.edu/academics/areas-study/biochemistry -> HTTP 200
[playwright.request-second-pass] https://www.pomona.edu/admissions/contact -> HTTP 200
[playwright.request-second-pass] https://sfcm.edu/departments/conducting -> HTTP 200
[playwright.request-second-pass] https://www.redlands.edu/study/schools-and-centers/college-of-arts-and-sciences/undergraduate-studies/psychology -> HTTP 200
[playwright.request-second-pass] https://www.redlands.edu/study/schools-and-centers/college-of-arts-and-sciences/undergraduate-studies/public-policy -> HTTP 200
[playwright.request-second-pass] https://www.redlands.edu/study/schools-and-centers/college-of-arts-and-sciences/undergraduate-studies/biochemistry-and-molecular-biology -> HTTP 200
[playwright.request-second-pass] https://www.redlands.edu/study/schools-and-centers/college-of-arts-and-sciences/undergraduate-studies/health-medicine-and-society -> HTTP 200
[playwright.request-second-pass] https://www.redlands.edu/study/schools-and-centers/college-of-arts-and-sciences/undergraduate-studies/chemistry -> HTTP 200
[playwright.request-second-pass] https://www.redlands.edu/study/schools-and-centers/college-of-arts-and-sciences/undergraduate-studies/global-business -> HTTP 200
[playwright.request-second-pass] https://www.biola.edu/english-ba -> HTTP 200
[playwright.request-second-pass] https://www.msmu.edu/undergraduate-bachelor-programs/chemistry -> HTTP 200
[playwright.request-second-pass] https://catalogue.usc.edu/preview_program.php?catoid=18&poid=26363 -> HTTP 404
[playwright.request-second-pass] https://www.oxy.edu/academics/areas-study/art-art-history -> HTTP 200
[playwright.request-second-pass] https://lasierra.edu/art/undergraduate-programs -> HTTP 200
[playwright.request-second-pass] https://www.redlands.edu/study/schools-and-centers/college-of-arts-and-sciences/undergraduate-studies/accounting -> HTTP 200
[playwright.request-second-pass] https://www.redlands.edu/study/schools-and-centers/college-of-arts-and-sciences/undergraduate-studies/history -> HTTP 200
[playwright.request-second-pass] https://www.oxy.edu/academics/areas-study/biology -> HTTP 200
[playwright.request-second-pass] https://www.redlands.edu/study/schools-and-centers/college-of-arts-and-sciences/undergraduate-studies/mathematics -> HTTP 200
[playwright.request-second-pass] https://sfcm.edu/departments/strings -> HTTP 200
[playwright.request-second-pass] https://sfcm.edu/departments/brass -> HTTP 200
[playwright.request-second-pass] https://www.redlands.edu/study/schools-and-centers/college-of-arts-and-sciences/undergraduate-studies/physics -> HTTP 200
[playwright.request-second-pass] https://www.apu.edu/undergraduate-admissions/requirements -> HTTP 200
[playwright.request-second-pass] https://sfcm.edu/departments/guitar -> HTTP 200
[playwright.request-second-pass] https://www.redlands.edu/study/schools-and-centers/college-of-arts-and-sciences/undergraduate-studies/political-science -> HTTP 200
[playwright.request-second-pass] https://www.redlands.edu/study/schools-and-centers/college-of-arts-and-sciences/undergraduate-studies/race-and-ethnic-studies -> HTTP 200
[playwright.request-second-pass] https://sfcm.edu/departments/historical-performance -> HTTP 200
[playwright.request-second-pass] https://www.redlands.edu/study/schools-and-centers/college-of-arts-and-sciences/undergraduate-studies/media-and-visual-culture-studies -> HTTP 200
[playwright.request-second-pass] https://www.redlands.edu/study/schools-and-centers/college-of-arts-and-sciences/undergraduate-studies/biology -> HTTP 200
[playwright.request-second-pass] https://www.redlands.edu/study/schools-and-centers/college-of-arts-and-sciences/undergraduate-studies/environmental-studies -> HTTP 200
[playwright.request-second-pass] https://engineering.calpoly.edu/general-engineering -> HTTP 200
[playwright.request-second-pass] https://www.biola.edu/accounting-bs -> HTTP 200
[playwright.request-second-pass] https://www.apu.edu/theology/programs/theology-major -> HTTP 200
[playwright.request-second-pass] https://www.redlands.edu/study/schools-and-centers/college-of-arts-and-sciences/undergraduate-studies/environmental-science -> HTTP 200
[playwright.request-second-pass] https://www.redlands.edu/study/schools-and-centers/college-of-arts-and-sciences/undergraduate-studies/women-gender-and-sexuality-studies -> HTTP 200
[playwright.request-second-pass] https://www.usfca.edu/admission/undergraduate/contact -> HTTP 200
[playwright.request-second-pass] https://www.cdrewu.edu/financial-aid -> HTTP 200
[playwright.request-second-pass] https://admissions.ucsc.edu -> HTTP 200
[playwright.request-second-pass] https://www.apu.edu/clas/programs/sociology-major -> HTTP 200
[playwright.request-second-pass] https://www.usfca.edu/admission/undergraduate/apply -> HTTP 200
[playwright.request-second-pass] https://www.apu.edu/vpa/programs/public-relations-major -> HTTP 200
[playwright.request-second-pass] https://www.apu.edu/clas/programs/social-science-major -> HTTP 200
[playwright.request-second-pass] https://www.apu.edu/clas/programs/political-science-major -> HTTP 200
[playwright.request-second-pass] https://sfcm.edu/departments/woodwinds -> HTTP 200
[playwright.request-second-pass] https://www.apu.edu/clas/programs/interdisciplinary-studies-major -> HTTP 200
[playwright.request-second-pass] https://www.apu.edu/bas/programs/physics-major -> HTTP 200
[playwright.request-second-pass] https://www.apu.edu/clas/programs/history-major -> HTTP 200
[playwright.request-second-pass] https://www.apu.edu/vpa/programs/cinematic-arts-major -> HTTP 200
[playwright.request-second-pass] https://www.apu.edu/clas/programs/philosophy-major -> HTTP 200
[playwright.request-second-pass] https://schoolofmusic.ucla.edu/undergraduate/performance -> HTTP 200
[playwright.request-second-pass] https://www.apu.edu/clas/programs/english-major -> HTTP 200
[playwright.request-second-pass] https://www.apu.edu/vpa/programs/art-major -> HTTP 200
[playwright.request-second-pass] https://www.apu.edu/vpa/programs/animation-visual-effects-major -> HTTP 200
[playwright.request-second-pass] https://www.usfca.edu/admission/undergraduate/first-year -> HTTP 200
[playwright.request-second-pass] https://schoolofmusic.ucla.edu/undergraduate -> HTTP 200
[playwright.request-second-pass] https://www.apu.edu/bas/programs/criminal-justice-major -> HTTP 200
[playwright.request-second-pass] https://schoolofmusic.ucla.edu/undergraduate/music-history-industry -> HTTP 200
[playwright.request-second-pass] https://schoolofmusic.ucla.edu/undergraduate/music-education -> HTTP 200
[playwright.request-second-pass] https://filmvideo.calarts.edu/programs/bfa -> HTTP 200
[playwright.request-second-pass] https://www.apu.edu/bas/programs/engineering-major -> HTTP 200
[playwright.request-second-pass] https://www.apu.edu/bas/programs/business-management-major -> HTTP 200
[playwright.request-second-pass] https://www.apu.edu/clas/programs/liberal-studies-major -> HTTP 200
[playwright.request-second-pass] https://www.apu.edu/bas/programs/computer-science-major -> HTTP 200
[playwright.request-second-pass] https://www.cmc.edu/admission/apply -> HTTP 200
[playwright.request-second-pass] https://www.cmc.edu/admission/apply#deadlines -> HTTP 200
[playwright.request-second-pass] https://www.paloaltou.edu/admissions/undergraduate-admissions/admission-requirements -> HTTP 200
[playwright.request-second-pass] https://www.apu.edu/bas/programs/kinesiology-major -> HTTP 200
[playwright.request-second-pass] https://www.apu.edu/bas/programs/chemistry-major -> HTTP 200
[playwright.request-second-pass] https://catalogue.usc.edu/preview_program.php?catoid=18&poid=26342 -> HTTP 404
[playwright.request-second-pass] https://www.biola.edu/bible-theology-ministry-ba -> HTTP 200
[playwright.request-second-pass] https://www.apu.edu/bas/programs/biochemistry-major -> HTTP 200
[playwright.request-second-pass] https://www.cmc.edu/admission -> HTTP 200
[playwright.request-second-pass] https://sfcm.edu/departments/roots-jazz-and-american-music -> HTTP 200
[playwright.request-second-pass] https://www.apu.edu/bas/programs/allied-health-major -> HTTP 200
[playwright.request-second-pass] https://schoolofmusic.ucla.edu/undergraduate/composition -> HTTP 200
[playwright.request-second-pass] https://catalogue.usc.edu/preview_program.php?catoid=18&poid=26349 -> HTTP 404
[playwright.request-second-pass] https://www.csuchico.edu/admissions -> HTTP 200
[playwright.request-second-pass] https://www.westcliff.edu/admissions/financial-aid -> HTTP 200
[saved] outputs_aiohttp/www.usfca.edu_admission_undergraduate.txt (chars: 2276)
[playwright.request-second-pass] https://www.biola.edu/music-education-bm -> HTTP 200
[playwright.request-second-pass] https://sfcm.edu/departments/voice -> HTTP 200
[playwright.request-second-pass] https://simpsonu.edu/undergraduate/financial-aid/tuition-fees.html -> HTTP 200
[playwright.request-second-pass] https://simpsonu.edu/undergraduate/admissions/requirements.html -> HTTP 200
[playwright.request-second-pass] https://simpsonu.edu/undergraduate/financial-aid -> HTTP 200
[playwright.request-second-pass] https://sfcm.edu/departments/technology-and-applied-composition -> HTTP 200
[playwright.request-second-pass] https://simpsonu.edu/undergraduate/admissions/contact.html -> HTTP 200
[playwright.request-second-pass] https://www.biola.edu/environmental-science-bs -> HTTP 200
[playwright.request-second-pass] https://simpsonu.edu/undergraduate/admissions/dates.html -> HTTP 200
[playwright.request-second-pass] https://sfcm.edu/departments/composition -> HTTP 200
[playwright.request-second-pass] https://admissions.ucsc.edu/apply -> HTTP 200
[playwright.request-second-pass] https://admissions.ucsc.edu/contact-us -> HTTP 200
[playwright.request-second-pass] https://www.paloaltou.edu/admissions/undergraduate-admissions -> HTTP 200
[playwright.request-second-pass] https://www.biola.edu/engineering-physics-bs -> HTTP 200
[playwright.request-second-pass] https://admissions.ucsb.edu/contact-us -> HTTP 200
[playwright.request-second-pass] https://www.lcad.edu/undergraduate/illustration -> HTTP 200
[playwright.request-second-pass] https://www.lcad.edu/undergraduate/entertainment-design -> HTTP 200
[playwright.request-second-pass] https://www.lcad.edu/undergraduate/drawing-painting -> HTTP 200
[playwright.request-second-pass] https://www.lcad.edu/undergraduate/animation -> HTTP 200
[playwright.request-second-pass] https://www.lcad.edu/undergraduate/graphic-design-digital-media -> HTTP 200
[playwright.request-second-pass] https://www.lcad.edu/admissions/financial-aid -> HTTP 200
[saved] outputs_aiohttp/chemistry.stanford.edu_academics_undergraduate-program.txt (chars: 997)
[playwright.request-second-pass] https://www.biola.edu/public-relations-and-strategic-communication-ba -> HTTP 200
[playwright.request-second-pass] https://www.biola.edu/biochemistry-bs -> HTTP 200
[playwright.request-second-pass] https://www.biola.edu/biological-science-bs -> HTTP 200
[playwright.request-second-pass] https://catalogue.usc.edu/preview_program.php?catoid=18&poid=26373 -> HTTP 404
[playwright.request-second-pass] https://www.biola.edu/journalism-and-integrated-media-ba -> HTTP 200
[playwright.request-second-pass] https://catalogue.usc.edu/preview_program.php?catoid=18&poid=26323 -> HTTP 404
[playwright.request-second-pass] https://catalogue.usc.edu/preview_program.php?catoid=18&poid=26364 -> HTTP 404
[saved] outputs_aiohttp/www.csun.edu_financialaid.txt (chars: 1806)
[playwright.request-second-pass] https://catalogue.usc.edu/preview_program.php?catoid=18&poid=26326 -> HTTP 404
[playwright.request-second-pass] https://catalogue.usc.edu/preview_program.php?catoid=18&poid=26324 -> HTTP 404
[playwright.request-second-pass] https://gender.ucla.edu/undergraduate/major -> HTTP 200
[no-content] No extracted text for https://www.csun.edu/stufin/tuition.
[saved] outputs_aiohttp/english.calpoly.edu.txt (chars: 1599)
[playwright.request-second-pass] https://catalogue.usc.edu/preview_program.php?catoid=18&poid=26347 -> HTTP 404
[saved] outputs_aiohttp/financialaid.ucr.edu.txt (chars: 7275)
[saved] outputs_aiohttp/bfa.sdsu.edu_financial_student_tuition.txt (chars: 12852)
[playwright.request-second-pass] https://www.cmc.edu/financial-aid -> HTTP 200
[playwright.request-second-pass] https://www.biola.edu/human-biology-bs -> HTTP 200
[playwright.request-second-pass] https://catalog.csustan.edu/preview_program.php?catoid=32&poid=4599 -> HTTP 404
[playwright] Waiting for content hydration on https://www.ucdavis.edu/admissions/undergraduate/contact...
[playwright.request-second-pass] https://sdcc.edu/academics/majors/psychology -> HTTP 200
[playwright.request-second-pass] https://www.biola.edu/communication-studies-ba -> HTTP 200
[playwright.request-second-pass] https://catalog.sjsu.edu/preview_program.php?catoid=13&poid=6410 -> HTTP 404
[playwright.request-second-pass] https://catalog.csustan.edu/preview_program.php?catoid=32&poid=4587 -> HTTP 404
[playwright.request-second-pass] https://sdcc.edu/academics/majors/kinesiology -> HTTP 200
[playwright.request-second-pass] https://catalog.csustan.edu/preview_program.php?catoid=32&poid=4595 -> HTTP 404
[playwright.request-second-pass] https://catalog.csustan.edu/preview_program.php?catoid=32&poid=4585 -> HTTP 404
[saved] outputs_aiohttp/www.apu.edu_undergraduate-admissions_apply.txt (chars: 3899)
[playwright.request-second-pass] https://catalog.sjsu.edu/preview_program.php?catoid=13&poid=6403 -> HTTP 404
[saved] outputs_aiohttp/www.calpoly.edu_admissions_first-year-student_selection-criteria.txt (chars: 2243)
[playwright.request-second-pass] https://catalog.csustan.edu/preview_program.php?catoid=32&poid=4594 -> HTTP 404
[playwright.request-second-pass] https://catalog.csustan.edu/preview_program.php?catoid=32&poid=4583 -> HTTP 404
[playwright.request-second-pass] https://catalog.csustan.edu/preview_program.php?catoid=32&poid=4575 -> HTTP 404
[saved] outputs_aiohttp/theater.calarts.edu_programs_bfa.txt (chars: 5054)
[playwright.request-second-pass] https://catalog.csustan.edu/preview_program.php?catoid=32&poid=4591 -> HTTP 404
[saved] outputs_aiohttp/theater.calarts.edu_programs_costume-design-bfa.txt (chars: 5054)
[saved] outputs_aiohttp/catalog.ucsd.edu_curric_NANO-ug.html.txt (chars: 37220)
[saved] outputs_aiohttp/www.artcenter.edu_academics_undergraduate-degrees_transportation-design_overview.html.txt (chars: 4584)
[saved] outputs_aiohttp/bigfuture.collegeboard.org_plan-for-college_apply-to-college_college-application-timeline-12th-grade.txt (chars: 6639)
[saved] outputs_aiohttp/wcbc.edu_admissions.txt (chars: 318)
[saved] outputs_aiohttp/www.chapman.edu_admission_undergraduate_apply_index.aspx.txt (chars: 4325)
[saved] outputs_aiohttp/www.artcenter.edu_academics_undergraduate-degrees_spatial-experience-design_overview.html.txt (chars: 4823)
[saved] outputs_aiohttp/bigfuture.collegeboard.org_pay-for-college_get-started_how-to-start-saving-for-college.txt (chars: 4808)
[saved] outputs_aiohttp/agb.calpoly.edu.txt (chars: 783)
[saved] outputs_aiohttp/www.cpp.edu_financial-aid_index.shtml.txt (chars: 2508)
[playwright.request-second-pass] https://complit.ucla.edu/undergraduate/major -> HTTP 200
[saved] outputs_aiohttp/catalog.ucsd.edu_curric_DSC-ug.html.txt (chars: 10781)
[saved] outputs_aiohttp/catalog.ucsd.edu_curric_CGS-ug.html.txt (chars: 13658)
[saved] outputs_aiohttp/cfa.lmu.edu_programs_theatrearts.txt (chars: 3748)
[saved] outputs_aiohttp/catalog.ucsd.edu_curric_FMPH-ug.html.txt (chars: 33135)
[saved] outputs_aiohttp/catalog.ucsd.edu_curric_VIS-ug.html.txt (chars: 37466)
[saved] outputs_aiohttp/catalog.ucsd.edu_curric_CHEM-ug.html.txt (chars: 23813)
[saved] outputs_aiohttp/catalog.ucsd.edu_curric_SIO-ug.html.txt (chars: 37082)
[saved] outputs_aiohttp/www.westmont.edu_psychology.txt (chars: 6856)
[playwright.request-second-pass] https://elts.ucla.edu/undergraduate/major -> HTTP 200
[saved] outputs_aiohttp/www.westmont.edu_kinesiology.txt (chars: 3744)
[saved] outputs_aiohttp/www.westmont.edu_music.txt (chars: 8128)
[saved] outputs_aiohttp/studentaid.gov_articles_financial-aid-not-enough.txt (chars: 8474)
[playwright.request-second-pass] https://scandinavian.ucla.edu/undergraduate/majors-minors/nordic-studies-major -> HTTP 200
[saved] outputs_aiohttp/www.calstatela.edu_financialaid.txt (chars: 2535)
[playwright.request-second-pass] https://catalog.sjsu.edu/preview_program.php?catoid=13&poid=6379 -> HTTP 404
[saved] outputs_aiohttp/www.fresno.edu_financial-aid.txt (chars: 987)
[playwright.request-second-pass] https://catalog.sjsu.edu/preview_program.php?catoid=13&poid=6388 -> HTTP 404
[playwright.request-second-pass] https://catalog.ucmerced.edu/preview_program.php?catoid=24&poid=3512 -> HTTP 404
[playwright.request-second-pass] https://catalogue.usc.edu/preview_program.php?catoid=18&poid=26344 -> HTTP 404
[playwright.request-second-pass] https://french.ucla.edu/undergraduate/majors-minors/french-and-francophone-studies-major -> HTTP 200
[playwright.request-second-pass] https://germanic.ucla.edu/undergraduate/majors-minors/german-major -> HTTP 200
[playwright.request-second-pass] https://italian.ucla.edu/undergraduate/majors-minors/italian-major -> HTTP 200
[saved] outputs_aiohttp/www.biola.edu_undergrad_financial-aid.txt (chars: 3178)
[saved] outputs_aiohttp/www.whittier.edu_academics_business.txt (chars: 1063)
[playwright.request-second-pass] https://catalogue.usc.edu/preview_program.php?catoid=18&poid=26335 -> HTTP 404
[saved] outputs_aiohttp/www.whittier.edu_academics_socialwork.txt (chars: 1134)
[playwright.request-second-pass] https://catalog.ucmerced.edu/preview_program.php?catoid=24&poid=3497 -> HTTP 404
[saved] outputs_aiohttp/www.biola.edu_undergrad_admissions.txt (chars: 4080)
[saved] outputs_aiohttp/www.whittier.edu_academics_psychology.txt (chars: 563)
[saved] outputs_aiohttp/www.whittier.edu_financialaid.txt (chars: 2267)
[saved] outputs_aiohttp/www.whittier.edu_academics_physics.txt (chars: 1168)
[saved] outputs_aiohttp/www.whittier.edu_academics_sociology.txt (chars: 864)
[playwright.request-second-pass] https://catalog.sjsu.edu/preview_program.php?catoid=13&poid=6383 -> HTTP 200
[saved] outputs_aiohttp/www.whittier.edu_academics_history.txt (chars: 1316)
[saved] outputs_aiohttp/www.whittier.edu_academics_anthropology.txt (chars: 766)
[playwright.request-second-pass] https://philosophy.ucla.edu/undergraduate/major -> HTTP 200
[saved] outputs_aiohttp/catalog.ucsd.edu_curric_BIOL-ug.html.txt (chars: 48046)
[playwright.request-second-pass] https://catalog.ucmerced.edu/preview_program.php?catoid=24&poid=3505 -> HTTP 404
[playwright.request-second-pass] https://catalog.sjsu.edu/preview_program.php?catoid=13&poid=6384 -> HTTP 200
[saved] outputs_aiohttp/www.whittier.edu_academics_chemistry.txt (chars: 879)
[saved] outputs_aiohttp/www.whittier.edu_academics_english.txt (chars: 1784)
[playwright.request-second-pass] https://catalog.csustan.edu/preview_program.php?catoid=32&poid=4589 -> HTTP 404
[saved] outputs_aiohttp/www.calpoly.edu_admissions_contact.txt (chars: 3336)
[saved] outputs_aiohttp/www.cpp.edu_env_landscape-architecture_index.shtml.txt (chars: 31009)
[playwright.request-second-pass] https://catalogue.usc.edu/preview_program.php?catoid=18&poid=26394 -> HTTP 200
[saved] outputs_aiohttp/www.whittier.edu_academics_music.txt (chars: 2020)
[saved] outputs_aiohttp/catalog.ucr.edu_preview_program.php.txt (chars: 1008)
[playwright.request-second-pass] https://catalog.ucmerced.edu/preview_program.php?catoid=24&poid=3499 -> HTTP 404
[saved] outputs_aiohttp/catalog.ucr.edu_preview_program.php.txt (chars: 1008)
[saved] outputs_aiohttp/www.whittier.edu_academics_theatre.txt (chars: 641)
[playwright.request-second-pass] https://catalogue.usc.edu/preview_program.php?catoid=18&poid=26380 -> HTTP 200
[saved] outputs_aiohttp/www.thomasaquinas.edu_admissions_apply.txt (chars: 1309)
[playwright.request-second-pass] https://catalog.csustan.edu/preview_program.php?catoid=32&poid=4576 -> HTTP 404
[saved] outputs_aiohttp/www.thomasaquinas.edu_admissions_apply.txt (chars: 1309)
[saved] outputs_aiohttp/www.oxy.edu_academics_areas-study_public-health.txt (chars: 1274)
[playwright.request-second-pass] https://catalog.fullerton.edu/preview_program.php?catoid=80&poid=38424 -> HTTP 404
[saved] outputs_aiohttp/www.whittier.edu_admission_contact.txt (chars: 1352)
[saved] outputs_aiohttp/www.oxy.edu_academics_areas-study_religious-studies.txt (chars: 1279)
[saved] outputs_aiohttp/bigfuture.collegeboard.org_majors.txt (chars: 12789)
[saved] outputs_aiohttp/www.artcenter.edu_admissions_contact.html.txt (chars: 1213)
[playwright.request-second-pass] https://catalogue.usc.edu/preview_program.php?catoid=18&poid=26389 -> HTTP 200
[playwright.request-second-pass] https://catalogue.usc.edu/preview_program.php?catoid=18&poid=26385 -> HTTP 200
[playwright.request-second-pass] https://catalogue.usc.edu/preview_program.php?catoid=18&poid=26381 -> HTTP 200
[saved] outputs_aiohttp/theater.calarts.edu_programs_stage-management-bfa.txt (chars: 5054)
[playwright.request-second-pass] https://catalog.ucmerced.edu/preview_program.php?catoid=24&poid=3516 -> HTTP 200
[playwright.request-second-pass] https://catalogue.usc.edu/preview_program.php?catoid=18&poid=26393 -> HTTP 200
[playwright.request-second-pass] https://catalog.sjsu.edu/preview_program.php?catoid=13&poid=6381 -> HTTP 200
[playwright.request-second-pass] https://catalogue.usc.edu/preview_program.php?catoid=18&poid=26379 -> HTTP 200
[saved] outputs_aiohttp/theater.calarts.edu_programs_sound-design-bfa.txt (chars: 5054)
[saved] outputs_aiohttp/theater.calarts.edu_programs_scene-design-bfa.txt (chars: 5054)
[saved] outputs_aiohttp/music.calarts.edu_programs_world-music-performance-bfa.txt (chars: 6198)
[saved] outputs_aiohttp/music.calarts.edu_programs_jazz-studies-bfa.txt (chars: 6198)
[saved] outputs_aiohttp/dance.calarts.edu_programs_bfa.txt (chars: 4372)
[saved] outputs_aiohttp/www.calpoly.edu_admissions.txt (chars: 1784)
[playwright.request-second-pass] https://catalog.sjsu.edu/preview_program.php?catoid=13&poid=6382 -> HTTP 200
[playwright.request-second-pass] https://catalogue.usc.edu/preview_program.php?catoid=18&poid=26390 -> HTTP 200
[playwright.request-second-pass] https://catalogue.usc.edu/preview_program.php?catoid=18&poid=26336 -> HTTP 404
[playwright.request-second-pass] https://catalogue.usc.edu/preview_program.php?catoid=18&poid=26331 -> HTTP 404
[playwright.request-second-pass] https://catalogue.usc.edu/preview_program.php?catoid=18&poid=26359 -> HTTP 404
[saved] outputs_aiohttp/theater.calarts.edu_programs_lighting-design-bfa.txt (chars: 5054)
[saved] outputs_aiohttp/catalog.ucsd.edu_curric_MUS-ug.html.txt (chars: 12805)
[saved] outputs_aiohttp/catalog.ucsd.edu_curric_SE-ug.html.txt (chars: 28668)
[saved] outputs_aiohttp/catalog.ucsd.edu_curric_LING-ug.html.txt (chars: 39141)
[playwright.request-second-pass] https://catalogue.usc.edu/preview_program.php?catoid=18&poid=26365 -> HTTP 200
[saved] outputs_aiohttp/catalog.ucsd.edu_curric_PHIL-ug.html.txt (chars: 31817)
[playwright.request-second-pass] https://catalogue.usc.edu/preview_program.php?catoid=18&poid=26372 -> HTTP 200
[saved] outputs_aiohttp/catalog.ucsd.edu_curric_CSE-ug.html.txt (chars: 55946)
[saved] outputs_aiohttp/catalog.ucsd.edu_curric_POLI-ug.html.txt (chars: 29325)
[saved] outputs_aiohttp/www.artcenter.edu_academics_undergraduate-degrees_fine-art_overview.html.txt (chars: 7258)
[saved] outputs_aiohttp/catalog.ucsd.edu_curric_ETHN-ug.html.txt (chars: 25690)
[saved] outputs_aiohttp/www.artcenter.edu_academics_undergraduate-degrees_entertainment-design_overview.html.txt (chars: 5604)
[saved] outputs_aiohttp/catalog.ucsd.edu_curric_PHYS-ug.html.txt (chars: 14807)
[saved] outputs_aiohttp/www.taft.edu_tuition-fees.txt (chars: 6766)
[playwright.request-second-pass] https://catalogue.usc.edu/preview_program.php?catoid=18&poid=26361 -> HTTP 200
[saved] outputs_aiohttp/catalog.ucr.edu_preview_program.php.txt (chars: 1008)
[saved] outputs_aiohttp/catalog.ucsd.edu_curric_LATI-ug.html.txt (chars: 32865)
[saved] outputs_aiohttp/www.artcenter.edu_academics_undergraduate-degrees_graphic-design_overview.html.txt (chars: 7879)
[playwright.request-second-pass] https://catalogue.usc.edu/preview_program.php?catoid=18&poid=26366 -> HTTP 200
[saved] outputs_aiohttp/anthropology.stanford.edu_academics_undergraduate-program.txt (chars: 1275)
[saved] outputs_aiohttp/www.artcenter.edu_academics_undergraduate-degrees_product-design_overview.html.txt (chars: 4669)
[saved] outputs_aiohttp/www.artcenter.edu_academics_undergraduate-degrees_illustration_overview.html.txt (chars: 5941)
[saved] outputs_aiohttp/www.artcenter.edu_academics_undergraduate-degrees_interaction-design_overview.html.txt (chars: 3476)
[saved] outputs_aiohttp/catalog.ucsd.edu_curric_COGS-ug.html.txt (chars: 21926)
[no-content] No extracted text for https://studentaid.gov/help-center/answers/article/when-will-i-receive-my-financial-aid.
[no-content] No extracted text for https://studentaid.gov/apply-for-aid/fafsa/fafsa-deadlines.
[saved] outputs_aiohttp/www.whittier.edu_academics_kinesiology.txt (chars: 950)
[saved] outputs_aiohttp/www.whittier.edu_academics_philosophy.txt (chars: 565)
[saved] outputs_aiohttp/www.csum.edu_admissions_undergraduate-admissions_index.html.txt (chars: 1880)
[saved] outputs_aiohttp/www.thomasaquinas.edu_admissions.txt (chars: 2754)
[saved] outputs_aiohttp/www.oxy.edu_academics_areas-study_urban-environmental-policy.txt (chars: 1369)
[saved] outputs_aiohttp/www.oxy.edu_academics_areas-study_philosophy.txt (chars: 1154)
[saved] outputs_aiohttp/www.oxy.edu_academics_areas-study_sociology.txt (chars: 1009)
[saved] outputs_aiohttp/www.oxy.edu_academics_areas-study_education.txt (chars: 1184)
[playwright.request-second-pass] https://catalog.sjsu.edu/preview_program.php?catoid=13&poid=6371 -> HTTP 200
[saved] outputs_aiohttp/www.csusb.edu_admissions_contact-us.txt (chars: 2008)
[playwright.request-second-pass] https://catalog.ucmerced.edu/preview_program.php?catoid=24&poid=3514 -> HTTP 200
[playwright.request-second-pass] https://catalog.ucmerced.edu/preview_program.php?catoid=24&poid=3510 -> HTTP 200
[playwright.request-second-pass] https://catalogue.usc.edu/preview_program.php?catoid=18&poid=26358 -> HTTP 200
[playwright.request-second-pass] https://catalog.sjsu.edu/preview_program.php?catoid=13&poid=6375 -> HTTP 200
[playwright.request-second-pass] https://catalog.csustan.edu/preview_program.php?catoid=32&poid=4584 -> HTTP 200
[saved] outputs_aiohttp/www.oxy.edu_academics_areas-study_psychology.txt (chars: 1184)
[playwright.request-second-pass] https://catalog.sjsu.edu/preview_program.php?catoid=13&poid=6365 -> HTTP 200
[saved] outputs_aiohttp/www.oxy.edu_academics_areas-study_history.txt (chars: 1513)
[saved] outputs_aiohttp/www.oxy.edu_academics_areas-study_geology.txt (chars: 1193)
[playwright.request-second-pass] https://catalog.sjsu.edu/preview_program.php?catoid=13&poid=6362 -> HTTP 200
[saved] outputs_aiohttp/www.oxy.edu_academics_areas-study_english.txt (chars: 800)
[playwright.request-second-pass] https://catalog.ucmerced.edu/preview_program.php?catoid=24&poid=3492 -> HTTP 200
[saved] outputs_aiohttp/www.oxy.edu_academics_areas-study_physics.txt (chars: 1235)
[playwright.request-second-pass] https://catalogue.usc.edu/preview_program.php?catoid=18&poid=26350 -> HTTP 200
[saved] outputs_aiohttp/www.oxy.edu_academics_areas-study_kinesiology.txt (chars: 1042)
[playwright] Waiting for content hydration on https://studentaid.gov/help-center/answers/article/how-to-find-scholarships...
[playwright.request-second-pass] https://catalogue.usc.edu/preview_program.php?catoid=18&poid=26378 -> HTTP 200
[playwright.request-second-pass] https://catalogue.usc.edu/preview_program.php?catoid=18&poid=26383 -> HTTP 200
[playwright.request-second-pass] https://catalogue.usc.edu/preview_program.php?catoid=18&poid=26354 -> HTTP 200
[playwright.request-second-pass] https://catalog.ucmerced.edu/preview_program.php?catoid=24&poid=3508 -> HTTP 200
[playwright.request-second-pass] https://catalog.ucmerced.edu/preview_program.php?catoid=24&poid=3509 -> HTTP 200
[playwright.request-second-pass] https://catalogue.usc.edu/preview_program.php?catoid=18&poid=26319 -> HTTP 200
[playwright] Waiting for content hydration on https://studentaid.gov...
[playwright] Waiting for content hydration on https://www.ivywise.com/ivywise-knowledgebase/how-to-research-a-college-effectively/...
[playwright.request-second-pass] https://catalog.ucmerced.edu/preview_program.php?catoid=24&poid=3511 -> HTTP 200
[playwright.request-second-pass] https://catalogue.usc.edu/preview_program.php?catoid=18&poid=26391 -> HTTP 200
[playwright.request-second-pass] https://catalogue.usc.edu/preview_program.php?catoid=18&poid=26368 -> HTTP 200
[playwright.request-second-pass] https://catalogue.usc.edu/preview_program.php?catoid=18&poid=26392 -> HTTP 200
[saved] outputs_aiohttp/www.oxy.edu_academics_areas-study_mathematics.txt (chars: 1150)
[playwright.request-second-pass] https://catalogue.usc.edu/preview_program.php?catoid=18&poid=26334 -> HTTP 200
[playwright.request-second-pass] https://catalogue.usc.edu/preview_program.php?catoid=18&poid=26339 -> HTTP 200
[playwright] Waiting for content hydration on https://www.understood.org/en/articles/after-high-school-different-paths-to-success...
[playwright.request-second-pass] https://catalogue.usc.edu/preview_program.php?catoid=18&poid=26370 -> HTTP 200
[playwright.request-second-pass] https://catalogue.usc.edu/preview_program.php?catoid=18&poid=26377 -> HTTP 200
[playwright.request-second-pass] https://catalog.ucmerced.edu/preview_program.php?catoid=24&poid=3501 -> HTTP 200
[playwright.request-second-pass] https://catalog.sjsu.edu/preview_program.php?catoid=13&poid=6406 -> HTTP 200
[playwright.request-second-pass] https://catalog.csustan.edu/preview_program.php?catoid=32&poid=4596 -> HTTP 200
[playwright.request-second-pass] https://catalog.sjsu.edu/preview_program.php?catoid=13&poid=6364 -> HTTP 200
[playwright] Waiting for content hydration on https://getschooled.com/article/5806-what-to-do-after-high-school/...
[playwright.request-second-pass] https://catalog.sjsu.edu/preview_program.php?catoid=13&poid=6396 -> HTTP 200
[playwright.request-second-pass] https://catalog.sjsu.edu/preview_program.php?catoid=13&poid=6378 -> HTTP 200
[playwright] Waiting for content hydration on https://making-waves.org...
[playwright] Waiting for content hydration on https://getschooled.com/article/5426-building-your-college-list/...
[playwright] Waiting for content hydration on https://getschooled.com/article/5997-how-to-find-an-lgbtq-friendly-college-or-university/...
[playwright.request-second-pass] https://catalogue.usc.edu/preview_program.php?catoid=18&poid=26318 -> HTTP 200
[playwright.request-second-pass] https://catalog.csustan.edu/preview_program.php?catoid=32&poid=4580 -> HTTP 200
[playwright.request-second-pass] https://catalog.sjsu.edu/preview_program.php?catoid=13&poid=6380 -> HTTP 200
[playwright.request-second-pass] https://catalogue.usc.edu/preview_program.php?catoid=18&poid=26325 -> HTTP 200
[playwright.request-second-pass] https://catalog.sjsu.edu/preview_program.php?catoid=13&poid=6419 -> HTTP 200
[playwright.request-second-pass] https://catalog.sjsu.edu/preview_program.php?catoid=13&poid=6361 -> HTTP 200
[playwright.request-second-pass] https://catalog.sjsu.edu/preview_program.php?catoid=13&poid=6417 -> HTTP 200
[saved] outputs_aiohttp/www.oxy.edu_academics_areas-study_politics.txt (chars: 1125)
[playwright.request-second-pass] https://catalog.sjsu.edu/preview_program.php?catoid=13&poid=6359 -> HTTP 200
[playwright.request-second-pass] https://catalog.csustan.edu/preview_program.php?catoid=32&poid=4574 -> HTTP 200
[playwright.request-second-pass] https://catalog.ucmerced.edu/preview_program.php?catoid=24&poid=3495 -> HTTP 200
[playwright.request-second-pass] https://catalog.sjsu.edu/preview_program.php?catoid=13&poid=6418 -> HTTP 200
[playwright.request-second-pass] https://catalog.sjsu.edu/preview_program.php?catoid=13&poid=6369 -> HTTP 200
[playwright.request-second-pass] https://catalog.sjsu.edu/preview_program.php?catoid=13&poid=6402 -> HTTP 200
[playwright.request-second-pass] https://catalogue.usc.edu/preview_program.php?catoid=18&poid=26367 -> HTTP 200
[playwright.request-second-pass] https://catalog.csustan.edu/preview_program.php?catoid=32&poid=4592 -> HTTP 200
[playwright.request-second-pass] https://catalog.ucmerced.edu/preview_program.php?catoid=24&poid=3496 -> HTTP 200
[playwright.request-second-pass] https://catalog.sjsu.edu/preview_program.php?catoid=13&poid=6358 -> HTTP 200
[playwright.request-second-pass] https://catalog.sjsu.edu/preview_program.php?catoid=13&poid=6400 -> HTTP 200
[playwright.request-second-pass] https://catalog.sjsu.edu/preview_program.php?catoid=13&poid=6368 -> HTTP 200
[playwright.request-second-pass] https://catalogue.usc.edu/preview_program.php?catoid=18&poid=26333 -> HTTP 200
[playwright.request-second-pass] https://catalog.sjsu.edu/preview_program.php?catoid=13&poid=6363 -> HTTP 200
[playwright.request-second-pass] https://catalog.csustan.edu/preview_program.php?catoid=32&poid=4573 -> HTTP 200
[playwright.request-second-pass] https://catalog.sjsu.edu/preview_program.php?catoid=13&poid=6397 -> HTTP 200
[playwright.request-second-pass] https://catalog.csustan.edu/preview_program.php?catoid=32&poid=4581 -> HTTP 200
[playwright.request-second-pass] https://catalog.csustan.edu/preview_program.php?catoid=32&poid=4579 -> HTTP 200
[playwright.request-second-pass] https://catalog.csustan.edu/preview_program.php?catoid=32&poid=4572 -> HTTP 200
[playwright.request-second-pass] https://catalog.sjsu.edu/preview_program.php?catoid=13&poid=6389 -> HTTP 200
[saved] outputs_aiohttp/www.oxy.edu_academics_areas-study_music.txt (chars: 1522)
[playwright.request-second-pass] https://catalogue.usc.edu/preview_program.php?catoid=18&poid=26371 -> HTTP 200
[saved] outputs_aiohttp/www.oxy.edu_academics_areas-study_media-arts-culture.txt (chars: 1530)
[playwright.request-second-pass] https://catalog.sjsu.edu/preview_program.php?catoid=13&poid=6370 -> HTTP 200
[playwright.request-second-pass] https://catalogue.usc.edu/preview_program.php?catoid=18&poid=26340 -> HTTP 200
[playwright.request-second-pass] https://catalogue.usc.edu/preview_program.php?catoid=18&poid=26360 -> HTTP 200
[playwright.request-second-pass] https://catalog.sjsu.edu/preview_program.php?catoid=13&poid=6412 -> HTTP 200
[playwright] Hydration condition met for https://www.consumerfinance.gov/paying-for-college/student-loan-forgiveness/
[saved] outputs_aiohttp/www.oxy.edu_academics_areas-study_economics.txt (chars: 1288)
[playwright timeout - networkidle] continuing to next mode.
[saved] outputs_aiohttp/admission.usc.edu_apply.txt (chars: 1698)
[saved] outputs_aiohttp/admission.usc.edu_contact-us.txt (chars: 2475)
[playwright] Waiting for content hydration on https://jedfoundation.org/resource/tips-for-first-generation-college-students/...
[playwright] Waiting for content hydration on https://studentaid.gov/manage-loans/repayment/repaying-101...
[playwright] Waiting for content hydration on https://www.ucdavis.edu/admissions/undergraduate/transfer/requirements...
[playwright] Waiting for content hydration on https://getschooled.com/article/5398-best-scholarship-websites/...
[playwright] Waiting for content hydration on https://admission.ucla.edu/apply/freshman...
[playwright] Waiting for content hydration on https://admission.ucla.edu/apply/transfer...
[playwright] Waiting for content hydration on https://www.math.ucla.edu/ugrad/majors/math...
[playwright] Waiting for content hydration on https://www.math.ucla.edu/ugrad/majors/mathcomp...
[playwright] Waiting for content hydration on https://www.ucdavis.edu/admissions/undergraduate/freshman/requirements...
[playwright] Waiting for content hydration on https://admissions.ucr.edu...
[playwright timeout - networkidle] continuing to next mode.
[saved] outputs_aiohttp/art.calarts.edu_programs_bfa.txt (chars: 5221)
[playwright] Waiting for content hydration on https://admissions.uci.edu/contact.php...
[playwright] Waiting for content hydration on https://www.math.ucla.edu/ugrad/majors/mathteach...
[playwright] Waiting for content hydration on https://studentaid.gov/apply-for-aid/fafsa/filling-out/undocumented-students...
[playwright] Waiting for content hydration on https://www.coalitionforcollegeaccess.org/mycoalition-counselor-all/researching-colleges...
[playwright] Waiting for content hydration on https://c2c.ca.gov/data-stories/pathways-to-college-in-california/...
[playwright] Waiting for content hydration on https://registrar.berkeley.edu/tuition-fees-residency/tuition-fees...
[playwright] Waiting for content hydration on https://catalog.sjsu.edu/preview_program.php?catoid=13&poid=6355...
[playwright] Waiting for content hydration on https://admissions.berkeley.edu/dates-deadlines...
[playwright] Waiting for content hydration on https://admissions.berkeley.edu/contact-us...
[playwright] Waiting for content hydration on https://admissions.berkeley.edu/apply...
[playwright] Waiting for content hydration on https://asianam.ucla.edu/undergraduate/major...
[playwright] Waiting for content hydration on https://catalog.sjsu.edu/preview_program.php?catoid=13&poid=6352...
[playwright] Waiting for content hydration on https://catalog.sjsu.edu/preview_program.php?catoid=13&poid=6356...
[saved] outputs_aiohttp/art.calarts.edu_programs_photography-and-media-bfa.txt (chars: 5221)
[saved] outputs_aiohttp/art.calarts.edu_programs_graphic-design-bfa.txt (chars: 5221)
[saved] outputs_aiohttp/www.artcenter.edu_academics_undergraduate-degrees_film_overview.html.txt (chars: 4037)
[saved] outputs_aiohttp/www.csub.edu_kinesiology.txt (chars: 898)
[saved] outputs_aiohttp/www.otis.edu_financial-aid.txt (chars: 9459)
[saved] outputs_aiohttp/wcbc.edu_contact.txt (chars: 13)
[saved] outputs_aiohttp/bigfuture.collegeboard.org_plan-for-college_stand-out-in-high-school_learn-about-the-ap-program.txt (chars: 2952)
[playwright] Waiting for content hydration on https://jedfoundation.org...
[playwright] Waiting for content hydration on https://catalog.sjsu.edu/preview_program.php?catoid=13&poid=6353...
[playwright] Waiting for content hydration on https://admissions.berkeley.edu...
[playwright] Waiting for content hydration on https://making-waves.org/seven-tips-for-first-gen-college-students-from-first-gen-college-grad/...
[playwright] Waiting for content hydration on https://admissions.uci.edu...
[playwright] Waiting for content hydration on https://publichealth.uci.edu/undergraduate/ba-public-health-policy...
[playwright] Waiting for content hydration on https://publichealth.uci.edu/undergraduate/bs-public-health-sciences...
[playwright] Waiting for content hydration on https://getschooled.com/article/5600-how-to-effectively-find-scholarships/...
[playwright.request-second-pass error] APIRequestContext.get: socket hang up
Call log:
  - → GET https://www.chapman.edu/admission/undergraduate/apply/deadlines.aspx
    - user-agent: Playwright/1.57.0-beta-1764944708000 (x64; rocky 9.7) python/3.12
    - accept: */*
    - accept-encoding: gzip,deflate,br

[no-content] No extracted text for https://www.chapman.edu/admission/undergraduate/apply/deadlines.aspx.
[playwright] Hydration condition met for https://admission.ucla.edu/tuition-aid/tuition-fees
[playwright] Waiting for content hydration on https://catalog.sjsu.edu/preview_program.php?catoid=13&poid=6354...
[saved] outputs_aiohttp/catalog.ucr.edu_preview_program.php.txt (chars: 1008)
[playwright] Hydration condition met for https://www.bestcolleges.com/blog/what-is-a-first-generation-college-student/
[saved] outputs_aiohttp/www.artcenter.edu_academics_undergraduate-degrees_advertising_overview.html.txt (chars: 4281)
[playwright] Hydration condition met for https://financialaid.berkeley.edu
[playwright timeout - networkidle] continuing to next mode.
[playwright timeout - networkidle] continuing to next mode.
[playwright timeout - networkidle] continuing to next mode.
[playwright timeout - networkidle] continuing to next mode.
[playwright timeout - networkidle] continuing to next mode.
[playwright timeout - networkidle] continuing to next mode.
[playwright timeout - networkidle] continuing to next mode.
[saved] outputs_aiohttp/wcbc.edu_admissions.txt (chars: 318)
[saved] outputs_aiohttp/bigfuture.collegeboard.org_pay-for-college_get-help-paying-for-college_college-loans_how-to-use-student-loans.txt (chars: 7543)
[playwright wait_for_function] Timed out (8000ms) - page may be unresponsive or slow.
[playwright wait_for_function] Timed out (8000ms) - page may be unresponsive or slow.
[playwright wait_for_function] Timed out (8000ms) - page may be unresponsive or slow.
[playwright wait_for_function] Timed out (8000ms) - page may be unresponsive or slow.
[playwright wait_for_function] Timed out (8000ms) - page may be unresponsive or slow.
[playwright wait_for_function] Timed out (8000ms) - page may be unresponsive or slow.
[playwright wait_for_function] Timed out (8000ms) - page may be unresponsive or slow.
[saved] outputs_aiohttp/www.artcenter.edu_academics_undergraduate-degrees_environmental-design_overview.html.txt (chars: 4823)
[playwright] Waiting for content hydration on https://studentaid.gov/understand-aid/types/scholarships...
[playwright] Waiting for content hydration on https://studentaid.gov/manage-loans/forgiveness-cancellation...
[playwright] Waiting for content hydration on https://www.scu.edu/cas/individual-studies...
[playwright] Waiting for content hydration on https://www.ucdavis.edu/admissions/undergraduate...
[playwright] Waiting for content hydration on https://www.ucdavis.edu/admissions/undergraduate/apply...
[playwright] Waiting for content hydration on https://www.westmont.edu/admissions-aid...
[playwright] Waiting for content hydration on https://finaid.org/beyond/...
[playwright] Waiting for content hydration on https://finaid.org...
[playwright] Waiting for content hydration on https://www.scu.edu/financialaid...
[playwright] Waiting for content hydration on https://www.scu.edu/admission/undergraduate...
[playwright] Waiting for content hydration on https://geology.sonoma.edu...
[playwright] Waiting for content hydration on https://financialaid.sonoma.edu...
[playwright] Waiting for content hydration on https://gep.sonoma.edu...
[playwright] Waiting for content hydration on https://cs.sonoma.edu...
[playwright] Waiting for content hydration on https://www.fullerton.edu/financialaid...
[playwright] Waiting for content hydration on https://catalog.ucr.edu/preview_program.php?catoid=23&poid=10813...
[playwright] Waiting for content hydration on https://math.sonoma.edu...
[playwright] Waiting for content hydration on https://psychology.sonoma.edu...
[playwright wait_for_function] Timed out (8000ms) - page may be unresponsive or slow.
[playwright] Waiting for content hydration on https://kinesiology.sonoma.edu...
[playwright] Waiting for content hydration on https://cfa.lmu.edu/programs/dance...
[playwright] Waiting for content hydration on https://music.calpoly.edu...
[playwright timeout - networkidle] continuing to next mode.
[playwright timeout - networkidle] continuing to next mode.
[playwright timeout - networkidle] continuing to next mode.
[playwright timeout - networkidle] continuing to next mode.
[playwright timeout - networkidle] continuing to next mode.
[playwright timeout - networkidle] continuing to next mode.
[playwright timeout - networkidle] continuing to next mode.
[playwright timeout - networkidle] continuing to next mode.
[playwright timeout - networkidle] continuing to next mode.
[playwright timeout - networkidle] continuing to next mode.
[playwright timeout - networkidle] continuing to next mode.
[playwright timeout - networkidle] continuing to next mode.
[playwright timeout - networkidle] continuing to next mode.
[playwright timeout - networkidle] continuing to next mode.
[playwright timeout - networkidle] continuing to next mode.
[playwright timeout - networkidle] continuing to next mode.
[playwright timeout - networkidle] continuing to next mode.
[playwright timeout - networkidle] continuing to next mode.
[playwright timeout - networkidle] continuing to next mode.
[playwright timeout - networkidle] continuing to next mode.
[playwright timeout - networkidle] continuing to next mode.
[playwright timeout - networkidle] continuing to next mode.
[playwright timeout - networkidle] continuing to next mode.
[playwright timeout - networkidle] continuing to next mode.
[playwright timeout - networkidle] continuing to next mode.
[playwright timeout - networkidle] continuing to next mode.
[playwright timeout - networkidle] continuing to next mode.
[playwright timeout - networkidle] continuing to next mode.
[playwright timeout - networkidle] continuing to next mode.
[playwright timeout - networkidle] continuing to next mode.
[playwright timeout - networkidle] continuing to next mode.
[playwright timeout - networkidle] continuing to next mode.
[playwright timeout - networkidle] continuing to next mode.
[playwright timeout - networkidle] continuing to next mode.
[playwright timeout - networkidle] continuing to next mode.
[playwright timeout - networkidle] continuing to next mode.
[playwright timeout - networkidle] continuing to next mode.
[playwright timeout - networkidle] continuing to next mode.
[playwright timeout - networkidle] continuing to next mode.
[playwright timeout - networkidle] continuing to next mode.
[playwright timeout - networkidle] continuing to next mode.
[playwright timeout - networkidle] continuing to next mode.
[playwright timeout - networkidle] continuing to next mode.
[playwright timeout - networkidle] continuing to next mode.
[playwright timeout - networkidle] continuing to next mode.
[playwright timeout - networkidle] continuing to next mode.
[playwright timeout - networkidle] continuing to next mode.
[playwright timeout - networkidle] continuing to next mode.
[playwright timeout - networkidle] continuing to next mode.
[playwright timeout - networkidle] continuing to next mode.
[playwright timeout - networkidle] continuing to next mode.
[playwright timeout - networkidle] continuing to next mode.
[playwright timeout - networkidle] continuing to next mode.
[playwright timeout - networkidle] continuing to next mode.
[playwright timeout - networkidle] continuing to next mode.
[playwright timeout - networkidle] continuing to next mode.
[playwright] Waiting for content hydration on https://philosophy.sonoma.edu...
[playwright] Waiting for content hydration on https://english.sonoma.edu...
[playwright] Waiting for content hydration on https://sociology.sonoma.edu...
[playwright] Waiting for content hydration on https://admissions.ucr.edu/cost...
[playwright] Waiting for content hydration on https://www.cdrewu.edu/admissions/undergraduate-admissions/admission-requirements...
[playwright] Waiting for content hydration on https://catalog.fullerton.edu/preview_program.php?catoid=80&poid=38415...
[playwright] Waiting for content hydration on https://catalog.fullerton.edu/preview_program.php?catoid=80&poid=38414...
[playwright] Waiting for content hydration on https://www.whittier.edu/admission...
[playwright] Waiting for content hydration on https://www.otis.edu/tuition-fees...
[playwright] Waiting for content hydration on https://catalog.fullerton.edu/preview_program.php?catoid=80&poid=38416...
[playwright] Waiting for content hydration on https://www.pacific.edu/admission/undergraduate...
[playwright] Waiting for content hydration on https://music.sonoma.edu...
[playwright] Waiting for content hydration on https://biology.sonoma.edu...
[playwright] Waiting for content hydration on https://catalog.fullerton.edu/preview_program.php?catoid=80&poid=38413...
[playwright] Waiting for content hydration on https://www.scuhs.edu/admissions/financial-aid...
[playwright] Waiting for content hydration on https://admissions.sonoma.edu...
[playwright] Waiting for content hydration on https://www.fresno.edu/admissions/undergraduate...
[playwright] Waiting for content hydration on https://bellarmine.lmu.edu/afam...
[playwright] Waiting for content hydration on https://www.csulb.edu/admissions...
[playwright] Waiting for content hydration on https://www.calstatela.edu/admissions...
[playwright] Waiting for content hydration on https://www.westmont.edu/admissions-aid/first-year-students...
[playwright] Waiting for content hydration on https://financialaid.usc.edu...
[playwright] Waiting for content hydration on https://admission.lmu.edu...
[playwright] Waiting for content hydration on https://catalog.fullerton.edu/preview_program.php?catoid=80&poid=38417...
[playwright] Waiting for content hydration on https://admissions.ucsd.edu...
[playwright] Waiting for content hydration on https://sdcc.edu/admissions/financial-aid...
[playwright] Waiting for content hydration on https://sdcc.edu/admissions/undergraduate-admissions...
[playwright] Waiting for content hydration on https://luskin.ucla.edu/undergraduate-program...
[playwright] Waiting for content hydration on https://calarts.edu/financial-aid...
[playwright] Waiting for content hydration on https://admissions.sdsu.edu...
[playwright] Waiting for content hydration on https://www.pomona.edu/admissions...
[playwright] Waiting for content hydration on https://music.calarts.edu/programs/bfa...
[playwright] Waiting for content hydration on https://www.pacificoaks.edu/admissions/contact-admissions...
[playwright] Waiting for content hydration on https://qcb.ucla.edu/undergraduate-program/major...
[playwright] Waiting for content hydration on https://www.minerva.edu/contact...
[playwright] Waiting for content hydration on https://catalogue.usc.edu/preview_program.php?catoid=18&poid=26314...
[playwright] Waiting for content hydration on https://catalog.ucr.edu/preview_program.php?catoid=23&poid=10814...
[playwright] Waiting for content hydration on https://www.csusb.edu/admissions...
[playwright] Waiting for content hydration on https://bellarmine.lmu.edu/economics...
[playwright] Waiting for content hydration on https://www.callutheran.edu/financial-aid...
[playwright] Waiting for content hydration on https://ecs.sonoma.edu...
[playwright] Waiting for content hydration on https://www.pacific.edu/admission/undergraduate/contact...
[playwright] Waiting for content hydration on https://www.fresno.edu/tuition...
[playwright] Waiting for content hydration on https://catalogue.usc.edu/preview_program.php?catoid=18&poid=26313...
[playwright] Waiting for content hydration on https://bellarmine.lmu.edu/catholicstudies...
[playwright] Waiting for content hydration on https://catalog.ucr.edu/preview_program.php?catoid=23&poid=10815...
[playwright] Waiting for content hydration on https://www.calstatela.edu/admissions/deadlines...
[playwright] Waiting for content hydration on https://www.apu.edu/undergraduate-admissions...
[playwright] Waiting for content hydration on https://www.westmont.edu/admissions-aid/financial-aid...
[playwright] Waiting for content hydration on https://www.csub.edu/art...
[playwright] Waiting for content hydration on https://theater.calarts.edu/programs/acting-bfa...
[playwright] Waiting for content hydration on https://www.fresno.edu/admissions/contact...
[playwright] Waiting for content hydration on https://www.csub.edu/admissions...
[playwright] Waiting for content hydration on https://simpsonu.edu/undergraduate/admissions...
[playwright] Waiting for content hydration on https://www.nu.edu/admissions/financial-aid...
[playwright] Waiting for content hydration on https://amcs.sonoma.edu...
[playwright] Waiting for content hydration on https://admissions.humboldt.edu...
[playwright] Waiting for content hydration on https://simpsonu.edu/undergraduate/admissions/apply.html...
[playwright] Waiting for content hydration on https://admissions.fullerton.edu...
[playwright] Waiting for content hydration on https://catalog.fullerton.edu/preview_program.php?catoid=80&poid=38418...
[playwright] Hydration condition met for https://myfuture.com
[playwright] Hydration condition met for https://www.sjsu.edu/faso
[playwright] Hydration condition met for https://www.ucdavis.edu/admissions/undergraduate/contact
[playwright] Hydration condition met for https://getschooled.com/article/5806-what-to-do-after-high-school/
[playwright] Hydration condition met for https://getschooled.com/article/5426-building-your-college-list/
[playwright] Hydration condition met for https://www.ivywise.com/ivywise-knowledgebase/how-to-research-a-college-effectively/
[playwright] Hydration condition met for https://getschooled.com/article/5997-how-to-find-an-lgbtq-friendly-college-or-university/
[playwright] Hydration condition met for https://studentaid.gov
[playwright.request-second-pass error] APIRequestContext.get: Timeout 30000ms exceeded.
Call log:
  - → GET https://catalog.ucmerced.edu/preview_program.php?catoid=24&poid=3494
    - user-agent: Playwright/1.57.0-beta-1764944708000 (x64; rocky 9.7) python/3.12
    - accept: */*
    - accept-encoding: gzip,deflate,br
  - ← 302 Found
    - date: Tue, 19 May 2026 00:58:56 GMT
    - content-type: text/html; charset=UTF-8
    - content-length: 0
    - connection: keep-alive
    - set-cookie: AWSALB=vpYXUGfiGgOKhsnc4HWMODX211M0PDuNnfHt3iDHVHsRP1zjIN0NstbyKaZy+fVnuau6JLxugHYhyyArkuIXTEiftNLMNFt80uOcHGxIRxJLfDP49PT6YVky/OUK; Expires=Tue, 26 May 2026 00:58:56 GMT; Path=/; secure,AWSALBCORS=vpYXUGfiGgOKhsnc4HWMODX211M0PDuNnfHt3iDHVHsRP1zjIN0NstbyKaZy+fVnuau6JLxugHYhyyArkuIXTEiftNLMNFt80uOcHGxIRxJLfDP49PT6YVky/OUK; Expires=Tue, 26 May 2026 00:58:56 GMT; Path=/; secure; SameSite=None,acalog_theme=1; expires=Mon, 19-Sep-3025 00:59:56 GMT; Max-Age=31536000060; path=/; secure,PHPSESSID=70f8be103c344776947a0854c0c08b27; path=/; secure; HttpOnly,PHPSESSID=70f8be103c344776947a0854c0c08b27; path=/; secure; HttpOnly
    - content-security-policy: default-src 'self' https: data: blob:; script-src 'self' https: 'unsafe-inline' 'unsafe-eval'; style-src 'self' https: 'unsafe-inline'; img-src 'self' https: data:; font-src 'self' https: data:; object-src 'none'; base-uri 'self'; frame-ancestors 'self';
    - x-cache-hit: 1
    - last-modified: Mon, 18 May 2026 22:07:12 GMT
    - expires: Thu, 19 Nov 1981 08:52:00 GMT
    - cache-control: no-store, no-cache, must-revalidate
    - pragma: no-cache
    - location: content.php?catoid=24
    - x-frame-options: SAMEORIGIN
    - x-content-type-options: nosniff
    - server: director
    - strict-transport-security: max-age=31536000; includeSubDomains
  - → GET https://catalog.ucmerced.edu/content.php?catoid=24
    - user-agent: Playwright/1.57.0-beta-1764944708000 (x64; rocky 9.7) python/3.12
    - accept: */*
    - accept-encoding: gzip,deflate,br
    - cookie: AWSALB=vpYXUGfiGgOKhsnc4HWMODX211M0PDuNnfHt3iDHVHsRP1zjIN0NstbyKaZy+fVnuau6JLxugHYhyyArkuIXTEiftNLMNFt80uOcHGxIRxJLfDP49PT6YVky/OUK; AWSALBCORS=vpYXUGfiGgOKhsnc4HWMODX211M0PDuNnfHt3iDHVHsRP1zjIN0NstbyKaZy+fVnuau6JLxugHYhyyArkuIXTEiftNLMNFt80uOcHGxIRxJLfDP49PT6YVky/OUK; acalog_theme=1; PHPSESSID=70f8be103c344776947a0854c0c08b27
  - ← 302 Found
    - date: Tue, 19 May 2026 00:59:03 GMT
    - content-type: text/html; charset=UTF-8
    - content-length: 0
    - connection: keep-alive
    - set-cookie: AWSALB=3nMz5bacFcmmvQ1kA4zHpZFGxmbcChV2N6DprtGOxCVCeyBwX4+33Uq7ugfE23ZC88gO1rTLsMkRiEIYM/Cpm0EW8A6ZkLiZwZUIVHxk5aY9rqdknTvXL+cREW61; Expires=Tue, 26 May 2026 00:59:03 GMT; Path=/; secure,AWSALBCORS=3nMz5bacFcmmvQ1kA4zHpZFGxmbcChV2N6DprtGOxCVCeyBwX4+33Uq7ugfE23ZC88gO1rTLsMkRiEIYM/Cpm0EW8A6ZkLiZwZUIVHxk5aY9rqdknTvXL+cREW61; Expires=Tue, 26 May 2026 00:59:03 GMT; Path=/; secure; SameSite=None,PHPSESSID=70f8be103c344776947a0854c0c08b27; path=/; secure; HttpOnly
    - content-security-policy: default-src 'self' https: data: blob:; script-src 'self' https: 'unsafe-inline' 'unsafe-eval'; style-src 'self' https: 'unsafe-inline'; img-src 'self' https: data:; font-src 'self' https: data:; object-src 'none'; base-uri 'self'; frame-ancestors 'self';
    - x-cache-hit: 1
    - last-modified: Mon, 18 May 2026 22:07:12 GMT
    - expires: Thu, 19 Nov 1981 08:52:00 GMT
    - cache-control: no-store, no-cache, must-revalidate
    - pragma: no-cache
    - location: /index.php?catoid=24
    - x-frame-options: SAMEORIGIN
    - x-content-type-options: nosniff
    - server: director
    - strict-transport-security: max-age=31536000; includeSubDomains
  - → GET https://catalog.ucmerced.edu/index.php?catoid=24
    - user-agent: Playwright/1.57.0-beta-1764944708000 (x64; rocky 9.7) python/3.12
    - accept: */*
    - accept-encoding: gzip,deflate,br
    - cookie: AWSALB=3nMz5bacFcmmvQ1kA4zHpZFGxmbcChV2N6DprtGOxCVCeyBwX4+33Uq7ugfE23ZC88gO1rTLsMkRiEIYM/Cpm0EW8A6ZkLiZwZUIVHxk5aY9rqdknTvXL+cREW61; AWSALBCORS=3nMz5bacFcmmvQ1kA4zHpZFGxmbcChV2N6DprtGOxCVCeyBwX4+33Uq7ugfE23ZC88gO1rTLsMkRiEIYM/Cpm0EW8A6ZkLiZwZUIVHxk5aY9rqdknTvXL+cREW61; acalog_theme=1; PHPSESSID=70f8be103c344776947a0854c0c08b27
  - ← 200 OK
    - date: Tue, 19 May 2026 00:59:09 GMT
    - content-type: text/html; charset=UTF-8
    - content-length: 11266
    - connection: keep-alive
    - set-cookie: AWSALB=gtgMzbp13wn8VGuM3+gqPaCSIaYStnP79M3uzEkWL6s9M8bVuLnr9ILlnIFU9fHzIrq1AhyW6mnxF0Djgeq/pK10IHS5buuj+DMFINIiYIIz7K1B1d8yOF7AAh4C; Expires=Tue, 26 May 2026 00:59:08 GMT; Path=/; secure,AWSALBCORS=gtgMzbp13wn8VGuM3+gqPaCSIaYStnP79M3uzEkWL6s9M8bVuLnr9ILlnIFU9fHzIrq1AhyW6mnxF0Djgeq/pK10IHS5buuj+DMFINIiYIIz7K1B1d8yOF7AAh4C; Expires=Tue, 26 May 2026 00:59:08 GMT; Path=/; secure; SameSite=None,PHPSESSID=70f8be103c344776947a0854c0c08b27; path=/; secure; HttpOnly,ADRUM_BT=R%3A0%7Cg%3A5eeea97b-02c0-4384-9819-e808c74b52593467%7Cn%3Adigarc_881d5e4b-64f1-425e-8ceb-5e44d2b69b37%7Ci%3A4820349%7Cd%3A361%7Ce%3A335; expires=Tue, 19-May-2026 00:59:39 GMT; Max-Age=30; path=/; secure
    - content-security-policy: default-src 'self' https: data: blob:; script-src 'self' https: 'unsafe-inline' 'unsafe-eval'; style-src 'self' https: 'unsafe-inline'; img-src 'self' https: data:; font-src 'self' https: data:; object-src 'none'; base-uri 'self'; frame-ancestors 'self';
    - x-cache-hit: 1
    - last-modified: Mon, 18 May 2026 22:07:12 GMT
    - expires: Thu, 19 Nov 1981 08:52:00 GMT
    - cache-control: no-store, no-cache, must-revalidate
    - pragma: no-cache
    - vary: Accept-Encoding
    - content-encoding: gzip
    - x-frame-options: SAMEORIGIN
    - x-content-type-options: nosniff
    - server: director
    - strict-transport-security: max-age=31536000; includeSubDomains

[no-content] No extracted text for https://catalog.ucmerced.edu/preview_program.php?catoid=24&poid=3494.
[playwright.request-second-pass error] APIRequestContext.get: Timeout 30000ms exceeded.
Call log:
  - → GET https://catalog.ucmerced.edu/preview_program.php?catoid=24&poid=3493
    - user-agent: Playwright/1.57.0-beta-1764944708000 (x64; rocky 9.7) python/3.12
    - accept: */*
    - accept-encoding: gzip,deflate,br
  - ← 302 Found
    - date: Tue, 19 May 2026 00:58:56 GMT
    - content-type: text/html; charset=UTF-8
    - content-length: 0
    - connection: keep-alive
    - set-cookie: AWSALB=v5pEN7N+1PQMrUuV2SPAkaxMmdNrpXWXJw9Pcd4SeRwguTrQJbGNO6Npmv43R1ReTgrrd5MUmoq7g1ZXfW/XLHtFcVI6fIVrvDH/T7W0LVVi+c8QLWljxNGVwe7V; Expires=Tue, 26 May 2026 00:58:56 GMT; Path=/; secure,AWSALBCORS=v5pEN7N+1PQMrUuV2SPAkaxMmdNrpXWXJw9Pcd4SeRwguTrQJbGNO6Npmv43R1ReTgrrd5MUmoq7g1ZXfW/XLHtFcVI6fIVrvDH/T7W0LVVi+c8QLWljxNGVwe7V; Expires=Tue, 26 May 2026 00:58:56 GMT; Path=/; secure; SameSite=None,acalog_theme=1; expires=Mon, 19-Sep-3025 00:59:56 GMT; Max-Age=31536000060; path=/; secure,PHPSESSID=bac32c5ed76e6848f8244fdd8b906794; path=/; secure; HttpOnly,PHPSESSID=bac32c5ed76e6848f8244fdd8b906794; path=/; secure; HttpOnly
    - content-security-policy: default-src 'self' https: data: blob:; script-src 'self' https: 'unsafe-inline' 'unsafe-eval'; style-src 'self' https: 'unsafe-inline'; img-src 'self' https: data:; font-src 'self' https: data:; object-src 'none'; base-uri 'self'; frame-ancestors 'self';
    - x-cache-hit: 1
    - last-modified: Mon, 18 May 2026 22:07:12 GMT
    - expires: Thu, 19 Nov 1981 08:52:00 GMT
    - cache-control: no-store, no-cache, must-revalidate
    - pragma: no-cache
    - location: content.php?catoid=24
    - x-frame-options: SAMEORIGIN
    - x-content-type-options: nosniff
    - server: director
    - strict-transport-security: max-age=31536000; includeSubDomains
  - → GET https://catalog.ucmerced.edu/content.php?catoid=24
    - user-agent: Playwright/1.57.0-beta-1764944708000 (x64; rocky 9.7) python/3.12
    - accept: */*
    - accept-encoding: gzip,deflate,br
    - cookie: AWSALB=v5pEN7N+1PQMrUuV2SPAkaxMmdNrpXWXJw9Pcd4SeRwguTrQJbGNO6Npmv43R1ReTgrrd5MUmoq7g1ZXfW/XLHtFcVI6fIVrvDH/T7W0LVVi+c8QLWljxNGVwe7V; AWSALBCORS=v5pEN7N+1PQMrUuV2SPAkaxMmdNrpXWXJw9Pcd4SeRwguTrQJbGNO6Npmv43R1ReTgrrd5MUmoq7g1ZXfW/XLHtFcVI6fIVrvDH/T7W0LVVi+c8QLWljxNGVwe7V; acalog_theme=1; PHPSESSID=bac32c5ed76e6848f8244fdd8b906794
  - ← 302 Found
    - date: Tue, 19 May 2026 00:59:04 GMT
    - content-type: text/html; charset=UTF-8
    - content-length: 0
    - connection: keep-alive
    - set-cookie: AWSALB=KF3ISSZhRzDgwP+I3HJgvDZ/xs1HsoRA2pj/fAGsYhj+4GxZKvzsb/C0vhTjwo7Rmo99Omut68vTul7UQid9n1rSwDXZNNhU+WtHcF60TghfkTMiQ5DeqIh8UjP4; Expires=Tue, 26 May 2026 00:59:04 GMT; Path=/; secure,AWSALBCORS=KF3ISSZhRzDgwP+I3HJgvDZ/xs1HsoRA2pj/fAGsYhj+4GxZKvzsb/C0vhTjwo7Rmo99Omut68vTul7UQid9n1rSwDXZNNhU+WtHcF60TghfkTMiQ5DeqIh8UjP4; Expires=Tue, 26 May 2026 00:59:04 GMT; Path=/; secure; SameSite=None,PHPSESSID=bac32c5ed76e6848f8244fdd8b906794; path=/; secure; HttpOnly
    - content-security-policy: default-src 'self' https: data: blob:; script-src 'self' https: 'unsafe-inline' 'unsafe-eval'; style-src 'self' https: 'unsafe-inline'; img-src 'self' https: data:; font-src 'self' https: data:; object-src 'none'; base-uri 'self'; frame-ancestors 'self';
    - x-cache-hit: 1
    - last-modified: Mon, 18 May 2026 22:07:12 GMT
    - expires: Thu, 19 Nov 1981 08:52:00 GMT
    - cache-control: no-store, no-cache, must-revalidate
    - pragma: no-cache
    - location: /index.php?catoid=24
    - x-frame-options: SAMEORIGIN
    - x-content-type-options: nosniff
    - server: director
    - strict-transport-security: max-age=31536000; includeSubDomains
  - → GET https://catalog.ucmerced.edu/index.php?catoid=24
    - user-agent: Playwright/1.57.0-beta-1764944708000 (x64; rocky 9.7) python/3.12
    - accept: */*
    - accept-encoding: gzip,deflate,br
    - cookie: AWSALB=KF3ISSZhRzDgwP+I3HJgvDZ/xs1HsoRA2pj/fAGsYhj+4GxZKvzsb/C0vhTjwo7Rmo99Omut68vTul7UQid9n1rSwDXZNNhU+WtHcF60TghfkTMiQ5DeqIh8UjP4; AWSALBCORS=KF3ISSZhRzDgwP+I3HJgvDZ/xs1HsoRA2pj/fAGsYhj+4GxZKvzsb/C0vhTjwo7Rmo99Omut68vTul7UQid9n1rSwDXZNNhU+WtHcF60TghfkTMiQ5DeqIh8UjP4; acalog_theme=1; PHPSESSID=bac32c5ed76e6848f8244fdd8b906794
  - ← 200 OK
    - date: Tue, 19 May 2026 00:59:09 GMT
    - content-type: text/html; charset=UTF-8
    - content-length: 11266
    - connection: keep-alive
    - set-cookie: AWSALB=hSfX9JuangZOxVwn1mb03aULrbQudaDlcNNKG1R/UO5iwbakDWcodriVJPwM+8h31cJ3b8O32jUZtNyZt0pbe7BFB/TBQt2SXxSAPHOf0yoNzMTuPtn/fz8QxmUe; Expires=Tue, 26 May 2026 00:59:09 GMT; Path=/; secure,AWSALBCORS=hSfX9JuangZOxVwn1mb03aULrbQudaDlcNNKG1R/UO5iwbakDWcodriVJPwM+8h31cJ3b8O32jUZtNyZt0pbe7BFB/TBQt2SXxSAPHOf0yoNzMTuPtn/fz8QxmUe; Expires=Tue, 26 May 2026 00:59:09 GMT; Path=/; secure; SameSite=None,PHPSESSID=bac32c5ed76e6848f8244fdd8b906794; path=/; secure; HttpOnly,ADRUM_BT=R%3A0%7Cg%3A165a9f87-cbe4-4168-8239-5509850ea4392720%7Cn%3Adigarc_881d5e4b-64f1-425e-8ceb-5e44d2b69b37%7Ci%3A4820349%7Cd%3A283%7Ce%3A261; expires=Tue, 19-May-2026 00:59:39 GMT; Max-Age=30; path=/; secure
    - content-security-policy: default-src 'self' https: data: blob:; script-src 'self' https: 'unsafe-inline' 'unsafe-eval'; style-src 'self' https: 'unsafe-inline'; img-src 'self' https: data:; font-src 'self' https: data:; object-src 'none'; base-uri 'self'; frame-ancestors 'self';
    - x-cache-hit: 1
    - last-modified: Mon, 18 May 2026 22:07:12 GMT
    - expires: Thu, 19 Nov 1981 08:52:00 GMT
    - cache-control: no-store, no-cache, must-revalidate
    - pragma: no-cache
    - vary: Accept-Encoding
    - content-encoding: gzip
    - x-frame-options: SAMEORIGIN
    - x-content-type-options: nosniff
    - server: director
    - strict-transport-security: max-age=31536000; includeSubDomains

[no-content] No extracted text for https://catalog.ucmerced.edu/preview_program.php?catoid=24&poid=3493.
[playwright.request-second-pass error] APIRequestContext.get: Timeout 30000ms exceeded.
Call log:
  - → GET https://catalog.sjsu.edu/preview_program.php?catoid=13&poid=6367
    - user-agent: Playwright/1.57.0-beta-1764944708000 (x64; rocky 9.7) python/3.12
    - accept: */*
    - accept-encoding: gzip,deflate,br
  - ← 302 Found
    - date: Tue, 19 May 2026 00:58:57 GMT
    - content-type: text/html; charset=UTF-8
    - content-length: 0
    - connection: keep-alive
    - set-cookie: AWSALB=COP2YGBRSM8rx9/+JuXLHpGrbmNit903V5XKiqt29v2904wXHY6MYkncD8xnYULooO+F63iZd7iduyaTDXTONSjm/kGmQnOY/7xrDE8OHvM2/IrYADupjmtphxz2; Expires=Tue, 26 May 2026 00:58:56 GMT; Path=/; secure,AWSALBCORS=COP2YGBRSM8rx9/+JuXLHpGrbmNit903V5XKiqt29v2904wXHY6MYkncD8xnYULooO+F63iZd7iduyaTDXTONSjm/kGmQnOY/7xrDE8OHvM2/IrYADupjmtphxz2; Expires=Tue, 26 May 2026 00:58:56 GMT; Path=/; secure; SameSite=None,acalog_theme=1; expires=Mon, 19-Sep-3025 00:59:56 GMT; Max-Age=31536000060; path=/; secure,PHPSESSID=bbc8ffa1f8bd3452cacc888b02a9594b; path=/; secure; HttpOnly,PHPSESSID=bbc8ffa1f8bd3452cacc888b02a9594b; path=/; secure; HttpOnly
    - expires: Thu, 19 Nov 1981 08:52:00 GMT
    - cache-control: no-store, no-cache, must-revalidate
    - pragma: no-cache
    - location: content.php?catoid=13
    - x-frame-options: SAMEORIGIN
    - x-content-type-options: nosniff
    - server: director
    - strict-transport-security: max-age=31536000; includeSubDomains
  - → GET https://catalog.sjsu.edu/content.php?catoid=13
    - user-agent: Playwright/1.57.0-beta-1764944708000 (x64; rocky 9.7) python/3.12
    - accept: */*
    - accept-encoding: gzip,deflate,br
    - cookie: AWSALB=COP2YGBRSM8rx9/+JuXLHpGrbmNit903V5XKiqt29v2904wXHY6MYkncD8xnYULooO+F63iZd7iduyaTDXTONSjm/kGmQnOY/7xrDE8OHvM2/IrYADupjmtphxz2; AWSALBCORS=COP2YGBRSM8rx9/+JuXLHpGrbmNit903V5XKiqt29v2904wXHY6MYkncD8xnYULooO+F63iZd7iduyaTDXTONSjm/kGmQnOY/7xrDE8OHvM2/IrYADupjmtphxz2; acalog_theme=1; PHPSESSID=bbc8ffa1f8bd3452cacc888b02a9594b
  - ← 302 Found
    - date: Tue, 19 May 2026 00:59:03 GMT
    - content-type: text/html; charset=UTF-8
    - content-length: 0
    - connection: keep-alive
    - set-cookie: AWSALB=EULDDVn1kOcYdnnutNLQxKybaqM0ZAkZ9LWdkYIJxQwN5yTs/TKVJbkWPjOLaQzq5Yun1P7wPuJ5/QdZQEUDdoJdS0LWLQ4RpeKrj7mpRkImz230XBToAIDbPsGH; Expires=Tue, 26 May 2026 00:59:03 GMT; Path=/; secure,AWSALBCORS=EULDDVn1kOcYdnnutNLQxKybaqM0ZAkZ9LWdkYIJxQwN5yTs/TKVJbkWPjOLaQzq5Yun1P7wPuJ5/QdZQEUDdoJdS0LWLQ4RpeKrj7mpRkImz230XBToAIDbPsGH; Expires=Tue, 26 May 2026 00:59:03 GMT; Path=/; secure; SameSite=None,PHPSESSID=bbc8ffa1f8bd3452cacc888b02a9594b; path=/; secure; HttpOnly
    - x-cache-hit: 1
    - last-modified: Tue, 19 May 2026 00:09:09 GMT
    - expires: Thu, 19 Nov 1981 08:52:00 GMT
    - cache-control: no-store, no-cache, must-revalidate
    - pragma: no-cache
    - location: /index.php?catoid=13
    - x-frame-options: SAMEORIGIN
    - x-content-type-options: nosniff
    - server: director
    - strict-transport-security: max-age=31536000; includeSubDomains
  - → GET https://catalog.sjsu.edu/index.php?catoid=13
    - user-agent: Playwright/1.57.0-beta-1764944708000 (x64; rocky 9.7) python/3.12
    - accept: */*
    - accept-encoding: gzip,deflate,br
    - cookie: AWSALB=EULDDVn1kOcYdnnutNLQxKybaqM0ZAkZ9LWdkYIJxQwN5yTs/TKVJbkWPjOLaQzq5Yun1P7wPuJ5/QdZQEUDdoJdS0LWLQ4RpeKrj7mpRkImz230XBToAIDbPsGH; AWSALBCORS=EULDDVn1kOcYdnnutNLQxKybaqM0ZAkZ9LWdkYIJxQwN5yTs/TKVJbkWPjOLaQzq5Yun1P7wPuJ5/QdZQEUDdoJdS0LWLQ4RpeKrj7mpRkImz230XBToAIDbPsGH; acalog_theme=1; PHPSESSID=bbc8ffa1f8bd3452cacc888b02a9594b
  - ← 200 OK
    - date: Tue, 19 May 2026 00:59:08 GMT
    - content-type: text/html; charset=UTF-8
    - content-length: 10051
    - connection: keep-alive
    - set-cookie: AWSALB=71KUNLbaUn90xHBKfjxXpFfkzWnv2N9yiP15qumZSES3uhyzTt8WqXDCqX09A6+J9W/OsNw6ayusUAiQwlZLifckPNHxoLndaaqRmwk6YmsXrxvaWfXTxbk9phSg; Expires=Tue, 26 May 2026 00:59:08 GMT; Path=/; secure,AWSALBCORS=71KUNLbaUn90xHBKfjxXpFfkzWnv2N9yiP15qumZSES3uhyzTt8WqXDCqX09A6+J9W/OsNw6ayusUAiQwlZLifckPNHxoLndaaqRmwk6YmsXrxvaWfXTxbk9phSg; Expires=Tue, 26 May 2026 00:59:08 GMT; Path=/; secure; SameSite=None,PHPSESSID=bbc8ffa1f8bd3452cacc888b02a9594b; path=/; secure; HttpOnly,ADRUM_BT=R%3A0%7Cg%3A0b60614a-2382-474a-a825-ab13e6a4258b818%7Cn%3Adigarc_881d5e4b-64f1-425e-8ceb-5e44d2b69b37%7Ci%3A580111%7Cd%3A252%7Ce%3A215; expires=Tue, 19-May-2026 00:59:38 GMT; Max-Age=30; path=/; secure
    - x-cache-hit: 1
    - last-modified: Tue, 19 May 2026 00:09:09 GMT
    - expires: Thu, 19 Nov 1981 08:52:00 GMT
    - cache-control: no-store, no-cache, must-revalidate
    - pragma: no-cache
    - vary: Accept-Encoding
    - content-encoding: gzip
    - x-frame-options: SAMEORIGIN
    - x-content-type-options: nosniff
    - server: director
    - strict-transport-security: max-age=31536000; includeSubDomains

[no-content] No extracted text for https://catalog.sjsu.edu/preview_program.php?catoid=13&poid=6367.
[playwright.request-second-pass error] APIRequestContext.get: Timeout 30000ms exceeded.
Call log:
  - → GET https://catalog.sjsu.edu/preview_program.php?catoid=13&poid=6366
    - user-agent: Playwright/1.57.0-beta-1764944708000 (x64; rocky 9.7) python/3.12
    - accept: */*
    - accept-encoding: gzip,deflate,br
  - ← 302 Found
    - date: Tue, 19 May 2026 00:58:57 GMT
    - content-type: text/html; charset=UTF-8
    - content-length: 0
    - connection: keep-alive
    - set-cookie: AWSALB=ouWCs/e3SexJtvrqXiQ9YC+n8JnXDcpGYG+XhsbgC1LmkHmaK1mGH+08V8j4a3GR+Rw+bdqxfJBTlUmqWhcF1emOU1YxV8mx5SSXiU7XREoAnhLGZjp2pGXBofxK; Expires=Tue, 26 May 2026 00:58:57 GMT; Path=/; secure,AWSALBCORS=ouWCs/e3SexJtvrqXiQ9YC+n8JnXDcpGYG+XhsbgC1LmkHmaK1mGH+08V8j4a3GR+Rw+bdqxfJBTlUmqWhcF1emOU1YxV8mx5SSXiU7XREoAnhLGZjp2pGXBofxK; Expires=Tue, 26 May 2026 00:58:57 GMT; Path=/; secure; SameSite=None,acalog_theme=1; expires=Mon, 19-Sep-3025 00:59:57 GMT; Max-Age=31536000060; path=/; secure,PHPSESSID=90d5e8c8c5fc3b0416c83ac8cce840e4; path=/; secure; HttpOnly,PHPSESSID=90d5e8c8c5fc3b0416c83ac8cce840e4; path=/; secure; HttpOnly
    - expires: Thu, 19 Nov 1981 08:52:00 GMT
    - cache-control: no-store, no-cache, must-revalidate
    - pragma: no-cache
    - location: content.php?catoid=13
    - x-frame-options: SAMEORIGIN
    - x-content-type-options: nosniff
    - server: director
    - strict-transport-security: max-age=31536000; includeSubDomains
  - → GET https://catalog.sjsu.edu/content.php?catoid=13
    - user-agent: Playwright/1.57.0-beta-1764944708000 (x64; rocky 9.7) python/3.12
    - accept: */*
    - accept-encoding: gzip,deflate,br
    - cookie: AWSALB=ouWCs/e3SexJtvrqXiQ9YC+n8JnXDcpGYG+XhsbgC1LmkHmaK1mGH+08V8j4a3GR+Rw+bdqxfJBTlUmqWhcF1emOU1YxV8mx5SSXiU7XREoAnhLGZjp2pGXBofxK; AWSALBCORS=ouWCs/e3SexJtvrqXiQ9YC+n8JnXDcpGYG+XhsbgC1LmkHmaK1mGH+08V8j4a3GR+Rw+bdqxfJBTlUmqWhcF1emOU1YxV8mx5SSXiU7XREoAnhLGZjp2pGXBofxK; acalog_theme=1; PHPSESSID=90d5e8c8c5fc3b0416c83ac8cce840e4
  - ← 302 Found
    - date: Tue, 19 May 2026 00:59:04 GMT
    - content-type: text/html; charset=UTF-8
    - content-length: 0
    - connection: keep-alive
    - set-cookie: AWSALB=SsgIw4XOmHPDI79gI5dsyFTn2DRd0zVNFoBdpcFvQi80iSRT3gvI8tvVJBwrSsEJJyosWQG+7GkPOL5YJlAD+NPOlcAH5btLq95JZHIg+WJIonr78Um+f3onWnME; Expires=Tue, 26 May 2026 00:59:04 GMT; Path=/; secure,AWSALBCORS=SsgIw4XOmHPDI79gI5dsyFTn2DRd0zVNFoBdpcFvQi80iSRT3gvI8tvVJBwrSsEJJyosWQG+7GkPOL5YJlAD+NPOlcAH5btLq95JZHIg+WJIonr78Um+f3onWnME; Expires=Tue, 26 May 2026 00:59:04 GMT; Path=/; secure; SameSite=None,PHPSESSID=90d5e8c8c5fc3b0416c83ac8cce840e4; path=/; secure; HttpOnly
    - x-cache-hit: 1
    - last-modified: Tue, 19 May 2026 00:09:09 GMT
    - expires: Thu, 19 Nov 1981 08:52:00 GMT
    - cache-control: no-store, no-cache, must-revalidate
    - pragma: no-cache
    - location: /index.php?catoid=13
    - x-frame-options: SAMEORIGIN
    - x-content-type-options: nosniff
    - server: director
    - strict-transport-security: max-age=31536000; includeSubDomains
  - → GET https://catalog.sjsu.edu/index.php?catoid=13
    - user-agent: Playwright/1.57.0-beta-1764944708000 (x64; rocky 9.7) python/3.12
    - accept: */*
    - accept-encoding: gzip,deflate,br
    - cookie: AWSALB=SsgIw4XOmHPDI79gI5dsyFTn2DRd0zVNFoBdpcFvQi80iSRT3gvI8tvVJBwrSsEJJyosWQG+7GkPOL5YJlAD+NPOlcAH5btLq95JZHIg+WJIonr78Um+f3onWnME; AWSALBCORS=SsgIw4XOmHPDI79gI5dsyFTn2DRd0zVNFoBdpcFvQi80iSRT3gvI8tvVJBwrSsEJJyosWQG+7GkPOL5YJlAD+NPOlcAH5btLq95JZHIg+WJIonr78Um+f3onWnME; acalog_theme=1; PHPSESSID=90d5e8c8c5fc3b0416c83ac8cce840e4
  - ← 200 OK
    - date: Tue, 19 May 2026 00:59:09 GMT
    - content-type: text/html; charset=UTF-8
    - content-length: 10051
    - connection: keep-alive
    - set-cookie: AWSALB=RoAH8VqUTmgxWK/i2tATGyBocQsXakmrvlsXfCw79Do1r8ntTc4qaOWBel/Wvy1C3xNfLEz7Q/bsKtoTHSbKiaUnOZ6C5r8iSBT5O8rKHbcrUC+1bKIkhIxW31RL; Expires=Tue, 26 May 2026 00:59:09 GMT; Path=/; secure,AWSALBCORS=RoAH8VqUTmgxWK/i2tATGyBocQsXakmrvlsXfCw79Do1r8ntTc4qaOWBel/Wvy1C3xNfLEz7Q/bsKtoTHSbKiaUnOZ6C5r8iSBT5O8rKHbcrUC+1bKIkhIxW31RL; Expires=Tue, 26 May 2026 00:59:09 GMT; Path=/; secure; SameSite=None,PHPSESSID=90d5e8c8c5fc3b0416c83ac8cce840e4; path=/; secure; HttpOnly,ADRUM_BT=R%3A0%7Cg%3Abe1b0037-d89d-425c-ac84-db28a25b71851017%7Cn%3Adigarc_881d5e4b-64f1-425e-8ceb-5e44d2b69b37%7Ci%3A580111%7Cd%3A355%7Ce%3A317; expires=Tue, 19-May-2026 00:59:39 GMT; Max-Age=30; path=/; secure
    - x-cache-hit: 1
    - last-modified: Tue, 19 May 2026 00:09:09 GMT
    - expires: Thu, 19 Nov 1981 08:52:00 GMT
    - cache-control: no-store, no-cache, must-revalidate
    - pragma: no-cache
    - vary: Accept-Encoding
    - content-encoding: gzip
    - x-frame-options: SAMEORIGIN
    - x-content-type-options: nosniff
    - server: director
    - strict-transport-security: max-age=31536000; includeSubDomains

[no-content] No extracted text for https://catalog.sjsu.edu/preview_program.php?catoid=13&poid=6366.
[playwright.request-second-pass error] APIRequestContext.get: Timeout 30000ms exceeded.
Call log:
  - → GET https://catalog.sjsu.edu/preview_program.php?catoid=13&poid=6360
    - user-agent: Playwright/1.57.0-beta-1764944708000 (x64; rocky 9.7) python/3.12
    - accept: */*
    - accept-encoding: gzip,deflate,br
  - ← 302 Found
    - date: Tue, 19 May 2026 00:58:58 GMT
    - content-type: text/html; charset=UTF-8
    - content-length: 0
    - connection: keep-alive
    - set-cookie: AWSALB=nEd1VzFZjyG/PJODi/QZaZlO2eIaveeXVUTMeYrUSMXt4umHQJi4RhVUnbOHatBgierUZj84I+XkASUfvCXibFPdwL9UOe0NhJZkLxPghHdN1cDRicgkdNawTUKr; Expires=Tue, 26 May 2026 00:58:58 GMT; Path=/; secure,AWSALBCORS=nEd1VzFZjyG/PJODi/QZaZlO2eIaveeXVUTMeYrUSMXt4umHQJi4RhVUnbOHatBgierUZj84I+XkASUfvCXibFPdwL9UOe0NhJZkLxPghHdN1cDRicgkdNawTUKr; Expires=Tue, 26 May 2026 00:58:58 GMT; Path=/; secure; SameSite=None,acalog_theme=1; expires=Mon, 19-Sep-3025 00:59:58 GMT; Max-Age=31536000060; path=/; secure,PHPSESSID=afdf1f0be2945404e8bee249a2b62849; path=/; secure; HttpOnly,PHPSESSID=afdf1f0be2945404e8bee249a2b62849; path=/; secure; HttpOnly
    - expires: Thu, 19 Nov 1981 08:52:00 GMT
    - cache-control: no-store, no-cache, must-revalidate
    - pragma: no-cache
    - location: content.php?catoid=13
    - x-frame-options: SAMEORIGIN
    - x-content-type-options: nosniff
    - server: director
    - strict-transport-security: max-age=31536000; includeSubDomains
  - → GET https://catalog.sjsu.edu/content.php?catoid=13
    - user-agent: Playwright/1.57.0-beta-1764944708000 (x64; rocky 9.7) python/3.12
    - accept: */*
    - accept-encoding: gzip,deflate,br
    - cookie: AWSALB=nEd1VzFZjyG/PJODi/QZaZlO2eIaveeXVUTMeYrUSMXt4umHQJi4RhVUnbOHatBgierUZj84I+XkASUfvCXibFPdwL9UOe0NhJZkLxPghHdN1cDRicgkdNawTUKr; AWSALBCORS=nEd1VzFZjyG/PJODi/QZaZlO2eIaveeXVUTMeYrUSMXt4umHQJi4RhVUnbOHatBgierUZj84I+XkASUfvCXibFPdwL9UOe0NhJZkLxPghHdN1cDRicgkdNawTUKr; acalog_theme=1; PHPSESSID=afdf1f0be2945404e8bee249a2b62849
  - ← 302 Found
    - date: Tue, 19 May 2026 00:59:04 GMT
    - content-type: text/html; charset=UTF-8
    - content-length: 0
    - connection: keep-alive
    - set-cookie: AWSALB=wsdkbzVmpAgwWVpV+u5duOpZHXAVQuW7kY6eHIZz2BwQMRKfWyXzB6WGQL4DTr3hj22cEDcHskY3HUcrCMad4rkR3verdSlajLJGU8jgKLuuz9I6/qd3q7KmXZVw; Expires=Tue, 26 May 2026 00:59:04 GMT; Path=/; secure,AWSALBCORS=wsdkbzVmpAgwWVpV+u5duOpZHXAVQuW7kY6eHIZz2BwQMRKfWyXzB6WGQL4DTr3hj22cEDcHskY3HUcrCMad4rkR3verdSlajLJGU8jgKLuuz9I6/qd3q7KmXZVw; Expires=Tue, 26 May 2026 00:59:04 GMT; Path=/; secure; SameSite=None,PHPSESSID=afdf1f0be2945404e8bee249a2b62849; path=/; secure; HttpOnly
    - x-cache-hit: 1
    - last-modified: Tue, 19 May 2026 00:09:09 GMT
    - expires: Thu, 19 Nov 1981 08:52:00 GMT
    - cache-control: no-store, no-cache, must-revalidate
    - pragma: no-cache
    - location: /index.php?catoid=13
    - x-frame-options: SAMEORIGIN
    - x-content-type-options: nosniff
    - server: director
    - strict-transport-security: max-age=31536000; includeSubDomains
  - → GET https://catalog.sjsu.edu/index.php?catoid=13
    - user-agent: Playwright/1.57.0-beta-1764944708000 (x64; rocky 9.7) python/3.12
    - accept: */*
    - accept-encoding: gzip,deflate,br
    - cookie: AWSALB=wsdkbzVmpAgwWVpV+u5duOpZHXAVQuW7kY6eHIZz2BwQMRKfWyXzB6WGQL4DTr3hj22cEDcHskY3HUcrCMad4rkR3verdSlajLJGU8jgKLuuz9I6/qd3q7KmXZVw; AWSALBCORS=wsdkbzVmpAgwWVpV+u5duOpZHXAVQuW7kY6eHIZz2BwQMRKfWyXzB6WGQL4DTr3hj22cEDcHskY3HUcrCMad4rkR3verdSlajLJGU8jgKLuuz9I6/qd3q7KmXZVw; acalog_theme=1; PHPSESSID=afdf1f0be2945404e8bee249a2b62849
  - ← 200 OK
    - date: Tue, 19 May 2026 00:59:08 GMT
    - content-type: text/html; charset=UTF-8
    - content-length: 10051
    - connection: keep-alive
    - set-cookie: AWSALB=AbtWh9aRV93LbQOTRI9kvuf6kehZCkm9+n32H0xXLCa/das+CM+TtwL+ScJJ+tEqSMCRhesfsNyExPuWBGLMVLEgkpy9xSjcx+UZGQ5Nl+hJcYMFclG80se1f0VP; Expires=Tue, 26 May 2026 00:59:08 GMT; Path=/; secure,AWSALBCORS=AbtWh9aRV93LbQOTRI9kvuf6kehZCkm9+n32H0xXLCa/das+CM+TtwL+ScJJ+tEqSMCRhesfsNyExPuWBGLMVLEgkpy9xSjcx+UZGQ5Nl+hJcYMFclG80se1f0VP; Expires=Tue, 26 May 2026 00:59:08 GMT; Path=/; secure; SameSite=None,PHPSESSID=afdf1f0be2945404e8bee249a2b62849; path=/; secure; HttpOnly,ADRUM_BT=R%3A0%7Cg%3Af5ebe07d-7cd7-421f-913f-529efc845b20876%7Cn%3Adigarc_881d5e4b-64f1-425e-8ceb-5e44d2b69b37%7Ci%3A580111%7Cd%3A340%7Ce%3A344; expires=Tue, 19-May-2026 00:59:38 GMT; Max-Age=30; path=/; secure
    - x-cache-hit: 1
    - last-modified: Tue, 19 May 2026 00:09:09 GMT
    - expires: Thu, 19 Nov 1981 08:52:00 GMT
    - cache-control: no-store, no-cache, must-revalidate
    - pragma: no-cache
    - vary: Accept-Encoding
    - content-encoding: gzip
    - x-frame-options: SAMEORIGIN
    - x-content-type-options: nosniff
    - server: director
    - strict-transport-security: max-age=31536000; includeSubDomains

[no-content] No extracted text for https://catalog.sjsu.edu/preview_program.php?catoid=13&poid=6360.
[playwright.request-second-pass error] APIRequestContext.get: Timeout 30000ms exceeded.
Call log:
  - → GET https://catalog.sjsu.edu/preview_program.php?catoid=13&poid=6357
    - user-agent: Playwright/1.57.0-beta-1764944708000 (x64; rocky 9.7) python/3.12
    - accept: */*
    - accept-encoding: gzip,deflate,br
  - ← 302 Found
    - date: Tue, 19 May 2026 00:58:58 GMT
    - content-type: text/html; charset=UTF-8
    - content-length: 0
    - connection: keep-alive
    - set-cookie: AWSALB=S0YpL/MKQHoF9PFZ7iS+oKb/ubJjf6zOs+12zJwB7A8qGop1tA35/Yy45PjzqC9AjodBAFUJ5zuM1qfqdThQLw9siO65clLPCdLa78KrWEVJ79qhnxPh1umBIXpf; Expires=Tue, 26 May 2026 00:58:58 GMT; Path=/; secure,AWSALBCORS=S0YpL/MKQHoF9PFZ7iS+oKb/ubJjf6zOs+12zJwB7A8qGop1tA35/Yy45PjzqC9AjodBAFUJ5zuM1qfqdThQLw9siO65clLPCdLa78KrWEVJ79qhnxPh1umBIXpf; Expires=Tue, 26 May 2026 00:58:58 GMT; Path=/; secure; SameSite=None,acalog_theme=1; expires=Mon, 19-Sep-3025 00:59:58 GMT; Max-Age=31536000060; path=/; secure,PHPSESSID=71944b7f61ca3d610e09ea73e30b8c3b; path=/; secure; HttpOnly,PHPSESSID=71944b7f61ca3d610e09ea73e30b8c3b; path=/; secure; HttpOnly
    - expires: Thu, 19 Nov 1981 08:52:00 GMT
    - cache-control: no-store, no-cache, must-revalidate
    - pragma: no-cache
    - location: content.php?catoid=13
    - x-frame-options: SAMEORIGIN
    - x-content-type-options: nosniff
    - server: director
    - strict-transport-security: max-age=31536000; includeSubDomains
  - → GET https://catalog.sjsu.edu/content.php?catoid=13
    - user-agent: Playwright/1.57.0-beta-1764944708000 (x64; rocky 9.7) python/3.12
    - accept: */*
    - accept-encoding: gzip,deflate,br
    - cookie: AWSALB=S0YpL/MKQHoF9PFZ7iS+oKb/ubJjf6zOs+12zJwB7A8qGop1tA35/Yy45PjzqC9AjodBAFUJ5zuM1qfqdThQLw9siO65clLPCdLa78KrWEVJ79qhnxPh1umBIXpf; AWSALBCORS=S0YpL/MKQHoF9PFZ7iS+oKb/ubJjf6zOs+12zJwB7A8qGop1tA35/Yy45PjzqC9AjodBAFUJ5zuM1qfqdThQLw9siO65clLPCdLa78KrWEVJ79qhnxPh1umBIXpf; acalog_theme=1; PHPSESSID=71944b7f61ca3d610e09ea73e30b8c3b
  - ← 302 Found
    - date: Tue, 19 May 2026 00:59:03 GMT
    - content-type: text/html; charset=UTF-8
    - content-length: 0
    - connection: keep-alive
    - set-cookie: AWSALB=yRZrvqQZF27xIiBRAnLg9m9MEQc5T5b1U+cj1DGkT6XsWY3sTHUgOo9rGnQWCFD/6eBcVCjZRk9/nmFSkdJpIemALaNlpqdPSwlLoKBKoe3IXwdx3acYeg+sc91k; Expires=Tue, 26 May 2026 00:59:03 GMT; Path=/; secure,AWSALBCORS=yRZrvqQZF27xIiBRAnLg9m9MEQc5T5b1U+cj1DGkT6XsWY3sTHUgOo9rGnQWCFD/6eBcVCjZRk9/nmFSkdJpIemALaNlpqdPSwlLoKBKoe3IXwdx3acYeg+sc91k; Expires=Tue, 26 May 2026 00:59:03 GMT; Path=/; secure; SameSite=None,PHPSESSID=71944b7f61ca3d610e09ea73e30b8c3b; path=/; secure; HttpOnly
    - x-cache-hit: 1
    - last-modified: Tue, 19 May 2026 00:09:09 GMT
    - expires: Thu, 19 Nov 1981 08:52:00 GMT
    - cache-control: no-store, no-cache, must-revalidate
    - pragma: no-cache
    - location: /index.php?catoid=13
    - x-frame-options: SAMEORIGIN
    - x-content-type-options: nosniff
    - server: director
    - strict-transport-security: max-age=31536000; includeSubDomains
  - → GET https://catalog.sjsu.edu/index.php?catoid=13
    - user-agent: Playwright/1.57.0-beta-1764944708000 (x64; rocky 9.7) python/3.12
    - accept: */*
    - accept-encoding: gzip,deflate,br
    - cookie: AWSALB=yRZrvqQZF27xIiBRAnLg9m9MEQc5T5b1U+cj1DGkT6XsWY3sTHUgOo9rGnQWCFD/6eBcVCjZRk9/nmFSkdJpIemALaNlpqdPSwlLoKBKoe3IXwdx3acYeg+sc91k; AWSALBCORS=yRZrvqQZF27xIiBRAnLg9m9MEQc5T5b1U+cj1DGkT6XsWY3sTHUgOo9rGnQWCFD/6eBcVCjZRk9/nmFSkdJpIemALaNlpqdPSwlLoKBKoe3IXwdx3acYeg+sc91k; acalog_theme=1; PHPSESSID=71944b7f61ca3d610e09ea73e30b8c3b
  - ← 200 OK
    - date: Tue, 19 May 2026 00:59:09 GMT
    - content-type: text/html; charset=UTF-8
    - content-length: 10051
    - connection: keep-alive
    - set-cookie: AWSALB=j8/xdx3ONl20JdnLJoLxPh71y/PZBSV/bHV0w2RoewGA3rCVpUWYoWchuystDqe7FLpzQ6fW6QR4JAvJ75BVRyfkHB5oVYE8Uq7mqoePhzVgHhapXAoORDbzSbBV; Expires=Tue, 26 May 2026 00:59:08 GMT; Path=/; secure,AWSALBCORS=j8/xdx3ONl20JdnLJoLxPh71y/PZBSV/bHV0w2RoewGA3rCVpUWYoWchuystDqe7FLpzQ6fW6QR4JAvJ75BVRyfkHB5oVYE8Uq7mqoePhzVgHhapXAoORDbzSbBV; Expires=Tue, 26 May 2026 00:59:08 GMT; Path=/; secure; SameSite=None,PHPSESSID=71944b7f61ca3d610e09ea73e30b8c3b; path=/; secure; HttpOnly,ADRUM_BT=R%3A0%7Cg%3A6ca67fc4-6e5b-484a-be3c-df81b079e79c37%7Cn%3Adigarc_881d5e4b-64f1-425e-8ceb-5e44d2b69b37%7Ci%3A580111%7Cd%3A220%7Ce%3A215; expires=Tue, 19-May-2026 00:59:39 GMT; Max-Age=30; path=/; secure
    - x-cache-hit: 1
    - last-modified: Tue, 19 May 2026 00:09:09 GMT
    - expires: Thu, 19 Nov 1981 08:52:00 GMT
    - cache-control: no-store, no-cache, must-revalidate
    - pragma: no-cache
    - vary: Accept-Encoding
    - content-encoding: gzip
    - x-frame-options: SAMEORIGIN
    - x-content-type-options: nosniff
    - server: director
    - strict-transport-security: max-age=31536000; includeSubDomains

[no-content] No extracted text for https://catalog.sjsu.edu/preview_program.php?catoid=13&poid=6357.
[playwright.request-second-pass error] APIRequestContext.get: Timeout 30000ms exceeded.
Call log:
  - → GET https://catalogue.usc.edu/preview_program.php?catoid=18&poid=26395
    - user-agent: Playwright/1.57.0-beta-1764944708000 (x64; rocky 9.7) python/3.12
    - accept: */*
    - accept-encoding: gzip,deflate,br
  - ← 302 Found
    - date: Tue, 19 May 2026 00:58:58 GMT
    - content-type: text/html; charset=UTF-8
    - content-length: 0
    - connection: keep-alive
    - content-security-policy: default-src 'self' https: data: blob:; script-src 'self' https: 'unsafe-inline' 'unsafe-eval'; style-src 'self' https: 'unsafe-inline'; img-src 'self' https: data:; font-src 'self' https: data:; object-src 'none'; base-uri 'self'; frame-ancestors 'self';
    - set-cookie: acalog_theme=1; expires=Mon, 19-Sep-3025 00:59:58 GMT; Max-Age=31536000060; path=/; secure,PHPSESSID=687e93b1d101428589adbc256d749c41; path=/; secure; HttpOnly,PHPSESSID=687e93b1d101428589adbc256d749c41; path=/; secure; HttpOnly
    - x-cache-hit: 1
    - last-modified: Tue, 19 May 2026 00:56:41 GMT
    - expires: Thu, 19 Nov 1981 08:52:00 GMT
    - cache-control: no-store, no-cache, must-revalidate
    - pragma: no-cache
    - location: content.php?catoid=18
    - x-frame-options: SAMEORIGIN
    - x-content-type-options: nosniff
    - server: director
    - strict-transport-security: max-age=31536000; includeSubDomains
  - → GET https://catalogue.usc.edu/content.php?catoid=18
    - user-agent: Playwright/1.57.0-beta-1764944708000 (x64; rocky 9.7) python/3.12
    - accept: */*
    - accept-encoding: gzip,deflate,br
    - cookie: acalog_theme=1; PHPSESSID=687e93b1d101428589adbc256d749c41
  - ← 302 Found
    - date: Tue, 19 May 2026 00:59:04 GMT
    - content-type: text/html; charset=UTF-8
    - content-length: 0
    - connection: keep-alive
    - content-security-policy: default-src 'self' https: data: blob:; script-src 'self' https: 'unsafe-inline' 'unsafe-eval'; style-src 'self' https: 'unsafe-inline'; img-src 'self' https: data:; font-src 'self' https: data:; object-src 'none'; base-uri 'self'; frame-ancestors 'self';
    - x-cache-hit: 1
    - last-modified: Tue, 19 May 2026 00:56:41 GMT
    - expires: Thu, 19 Nov 1981 08:52:00 GMT
    - cache-control: no-store, no-cache, must-revalidate
    - pragma: no-cache
    - set-cookie: PHPSESSID=687e93b1d101428589adbc256d749c41; path=/; secure; HttpOnly
    - location: /index.php?catoid=18
    - x-frame-options: SAMEORIGIN
    - x-content-type-options: nosniff
    - server: director
    - strict-transport-security: max-age=31536000; includeSubDomains
  - → GET https://catalogue.usc.edu/index.php?catoid=18
    - user-agent: Playwright/1.57.0-beta-1764944708000 (x64; rocky 9.7) python/3.12
    - accept: */*
    - accept-encoding: gzip,deflate,br
    - cookie: acalog_theme=1; PHPSESSID=687e93b1d101428589adbc256d749c41
  - ← 200 OK
    - date: Tue, 19 May 2026 00:59:09 GMT
    - content-type: text/html; charset=UTF-8
    - content-length: 7347
    - connection: keep-alive
    - content-security-policy: default-src 'self' https: data: blob:; script-src 'self' https: 'unsafe-inline' 'unsafe-eval'; style-src 'self' https: 'unsafe-inline'; img-src 'self' https: data:; font-src 'self' https: data:; object-src 'none'; base-uri 'self'; frame-ancestors 'self';
    - x-cache-hit: 1
    - last-modified: Tue, 19 May 2026 00:56:41 GMT
    - expires: Thu, 19 Nov 1981 08:52:00 GMT
    - cache-control: no-store, no-cache, must-revalidate
    - pragma: no-cache
    - set-cookie: PHPSESSID=687e93b1d101428589adbc256d749c41; path=/; secure; HttpOnly,ADRUM_BT=R%3A0%7Cg%3A38ec765a-2a32-4135-b0c0-44e78412515b162%7Cn%3Adigarc_881d5e4b-64f1-425e-8ceb-5e44d2b69b37%7Cd%3A236; expires=Tue, 19-May-2026 00:59:38 GMT; Max-Age=30; path=/; secure
    - vary: Accept-Encoding
    - content-encoding: gzip
    - x-frame-options: SAMEORIGIN
    - x-content-type-options: nosniff
    - server: director
    - strict-transport-security: max-age=31536000; includeSubDomains

[no-content] No extracted text for https://catalogue.usc.edu/preview_program.php?catoid=18&poid=26395.
[playwright.request-second-pass error] APIRequestContext.get: Timeout 30000ms exceeded.
Call log:
  - → GET https://catalogue.usc.edu/preview_program.php?catoid=18&poid=26387
    - user-agent: Playwright/1.57.0-beta-1764944708000 (x64; rocky 9.7) python/3.12
    - accept: */*
    - accept-encoding: gzip,deflate,br
  - ← 302 Found
    - date: Tue, 19 May 2026 00:58:58 GMT
    - content-type: text/html; charset=UTF-8
    - content-length: 0
    - connection: keep-alive
    - content-security-policy: default-src 'self' https: data: blob:; script-src 'self' https: 'unsafe-inline' 'unsafe-eval'; style-src 'self' https: 'unsafe-inline'; img-src 'self' https: data:; font-src 'self' https: data:; object-src 'none'; base-uri 'self'; frame-ancestors 'self';
    - set-cookie: acalog_theme=1; expires=Mon, 19-Sep-3025 00:59:58 GMT; Max-Age=31536000060; path=/; secure,PHPSESSID=dc95c3c09a59a5d14cc3d3f2299607d9; path=/; secure; HttpOnly,PHPSESSID=dc95c3c09a59a5d14cc3d3f2299607d9; path=/; secure; HttpOnly
    - x-cache-hit: 1
    - last-modified: Tue, 19 May 2026 00:56:41 GMT
    - expires: Thu, 19 Nov 1981 08:52:00 GMT
    - cache-control: no-store, no-cache, must-revalidate
    - pragma: no-cache
    - location: content.php?catoid=18
    - x-frame-options: SAMEORIGIN
    - x-content-type-options: nosniff
    - server: director
    - strict-transport-security: max-age=31536000; includeSubDomains
  - → GET https://catalogue.usc.edu/content.php?catoid=18
    - user-agent: Playwright/1.57.0-beta-1764944708000 (x64; rocky 9.7) python/3.12
    - accept: */*
    - accept-encoding: gzip,deflate,br
    - cookie: acalog_theme=1; PHPSESSID=dc95c3c09a59a5d14cc3d3f2299607d9
  - ← 302 Found
    - date: Tue, 19 May 2026 00:59:04 GMT
    - content-type: text/html; charset=UTF-8
    - content-length: 0
    - connection: keep-alive
    - content-security-policy: default-src 'self' https: data: blob:; script-src 'self' https: 'unsafe-inline' 'unsafe-eval'; style-src 'self' https: 'unsafe-inline'; img-src 'self' https: data:; font-src 'self' https: data:; object-src 'none'; base-uri 'self'; frame-ancestors 'self';
    - x-cache-hit: 1
    - last-modified: Tue, 19 May 2026 00:56:41 GMT
    - expires: Thu, 19 Nov 1981 08:52:00 GMT
    - cache-control: no-store, no-cache, must-revalidate
    - pragma: no-cache
    - set-cookie: PHPSESSID=dc95c3c09a59a5d14cc3d3f2299607d9; path=/; secure; HttpOnly
    - location: /index.php?catoid=18
    - x-frame-options: SAMEORIGIN
    - x-content-type-options: nosniff
    - server: director
    - strict-transport-security: max-age=31536000; includeSubDomains
  - → GET https://catalogue.usc.edu/index.php?catoid=18
    - user-agent: Playwright/1.57.0-beta-1764944708000 (x64; rocky 9.7) python/3.12
    - accept: */*
    - accept-encoding: gzip,deflate,br
    - cookie: acalog_theme=1; PHPSESSID=dc95c3c09a59a5d14cc3d3f2299607d9
  - ← 200 OK
    - date: Tue, 19 May 2026 00:59:09 GMT
    - content-type: text/html; charset=UTF-8
    - content-length: 7347
    - connection: keep-alive
    - content-security-policy: default-src 'self' https: data: blob:; script-src 'self' https: 'unsafe-inline' 'unsafe-eval'; style-src 'self' https: 'unsafe-inline'; img-src 'self' https: data:; font-src 'self' https: data:; object-src 'none'; base-uri 'self'; frame-ancestors 'self';
    - x-cache-hit: 1
    - last-modified: Tue, 19 May 2026 00:56:41 GMT
    - expires: Thu, 19 Nov 1981 08:52:00 GMT
    - cache-control: no-store, no-cache, must-revalidate
    - pragma: no-cache
    - set-cookie: PHPSESSID=dc95c3c09a59a5d14cc3d3f2299607d9; path=/; secure; HttpOnly,ADRUM_BT=R%3A0%7Cg%3A5389ea8a-a41b-4e07-93b8-0f90e37a667271%7Cn%3Adigarc_881d5e4b-64f1-425e-8ceb-5e44d2b69b37%7Cd%3A245; expires=Tue, 19-May-2026 00:59:39 GMT; Max-Age=30; path=/; secure
    - vary: Accept-Encoding
    - content-encoding: gzip
    - x-frame-options: SAMEORIGIN
    - x-content-type-options: nosniff
    - server: director
    - strict-transport-security: max-age=31536000; includeSubDomains

[no-content] No extracted text for https://catalogue.usc.edu/preview_program.php?catoid=18&poid=26387.
[playwright.request-second-pass error] APIRequestContext.get: Timeout 30000ms exceeded.
Call log:
  - → GET https://catalogue.usc.edu/preview_program.php?catoid=18&poid=26357
    - user-agent: Playwright/1.57.0-beta-1764944708000 (x64; rocky 9.7) python/3.12
    - accept: */*
    - accept-encoding: gzip,deflate,br
  - ← 302 Found
    - date: Tue, 19 May 2026 00:58:58 GMT
    - content-type: text/html; charset=UTF-8
    - content-length: 0
    - connection: keep-alive
    - content-security-policy: default-src 'self' https: data: blob:; script-src 'self' https: 'unsafe-inline' 'unsafe-eval'; style-src 'self' https: 'unsafe-inline'; img-src 'self' https: data:; font-src 'self' https: data:; object-src 'none'; base-uri 'self'; frame-ancestors 'self';
    - set-cookie: acalog_theme=1; expires=Mon, 19-Sep-3025 00:59:58 GMT; Max-Age=31536000060; path=/; secure,PHPSESSID=7fd696109006d0bb8ffef0b040abd12d; path=/; secure; HttpOnly,PHPSESSID=7fd696109006d0bb8ffef0b040abd12d; path=/; secure; HttpOnly
    - x-cache-hit: 1
    - last-modified: Tue, 19 May 2026 00:56:41 GMT
    - expires: Thu, 19 Nov 1981 08:52:00 GMT
    - cache-control: no-store, no-cache, must-revalidate
    - pragma: no-cache
    - location: content.php?catoid=18
    - x-frame-options: SAMEORIGIN
    - x-content-type-options: nosniff
    - server: director
    - strict-transport-security: max-age=31536000; includeSubDomains
  - → GET https://catalogue.usc.edu/content.php?catoid=18
    - user-agent: Playwright/1.57.0-beta-1764944708000 (x64; rocky 9.7) python/3.12
    - accept: */*
    - accept-encoding: gzip,deflate,br
    - cookie: acalog_theme=1; PHPSESSID=7fd696109006d0bb8ffef0b040abd12d
  - ← 302 Found
    - date: Tue, 19 May 2026 00:59:04 GMT
    - content-type: text/html; charset=UTF-8
    - content-length: 0
    - connection: keep-alive
    - content-security-policy: default-src 'self' https: data: blob:; script-src 'self' https: 'unsafe-inline' 'unsafe-eval'; style-src 'self' https: 'unsafe-inline'; img-src 'self' https: data:; font-src 'self' https: data:; object-src 'none'; base-uri 'self'; frame-ancestors 'self';
    - x-cache-hit: 1
    - last-modified: Tue, 19 May 2026 00:56:41 GMT
    - expires: Thu, 19 Nov 1981 08:52:00 GMT
    - cache-control: no-store, no-cache, must-revalidate
    - pragma: no-cache
    - set-cookie: PHPSESSID=7fd696109006d0bb8ffef0b040abd12d; path=/; secure; HttpOnly
    - location: /index.php?catoid=18
    - x-frame-options: SAMEORIGIN
    - x-content-type-options: nosniff
    - server: director
    - strict-transport-security: max-age=31536000; includeSubDomains
  - → GET https://catalogue.usc.edu/index.php?catoid=18
    - user-agent: Playwright/1.57.0-beta-1764944708000 (x64; rocky 9.7) python/3.12
    - accept: */*
    - accept-encoding: gzip,deflate,br
    - cookie: acalog_theme=1; PHPSESSID=7fd696109006d0bb8ffef0b040abd12d
  - ← 200 OK
    - date: Tue, 19 May 2026 00:59:09 GMT
    - content-type: text/html; charset=UTF-8
    - content-length: 7347
    - connection: keep-alive
    - content-security-policy: default-src 'self' https: data: blob:; script-src 'self' https: 'unsafe-inline' 'unsafe-eval'; style-src 'self' https: 'unsafe-inline'; img-src 'self' https: data:; font-src 'self' https: data:; object-src 'none'; base-uri 'self'; frame-ancestors 'self';
    - x-cache-hit: 1
    - last-modified: Tue, 19 May 2026 00:56:41 GMT
    - expires: Thu, 19 Nov 1981 08:52:00 GMT
    - cache-control: no-store, no-cache, must-revalidate
    - pragma: no-cache
    - set-cookie: PHPSESSID=7fd696109006d0bb8ffef0b040abd12d; path=/; secure; HttpOnly,ADRUM_BT=R%3A0%7Cg%3A19c7b3c3-69c2-46b0-b240-2b9dcda152d051%7Cn%3Adigarc_881d5e4b-64f1-425e-8ceb-5e44d2b69b37%7Cd%3A284; expires=Tue, 19-May-2026 00:59:39 GMT; Max-Age=30; path=/; secure
    - vary: Accept-Encoding
    - content-encoding: gzip
    - x-frame-options: SAMEORIGIN
    - x-content-type-options: nosniff
    - server: director
    - strict-transport-security: max-age=31536000; includeSubDomains

[no-content] No extracted text for https://catalogue.usc.edu/preview_program.php?catoid=18&poid=26357.
[playwright.request-second-pass error] APIRequestContext.get: Timeout 30000ms exceeded.
Call log:
  - → GET https://catalogue.usc.edu/preview_program.php?catoid=18&poid=26329
    - user-agent: Playwright/1.57.0-beta-1764944708000 (x64; rocky 9.7) python/3.12
    - accept: */*
    - accept-encoding: gzip,deflate,br
  - ← 302 Found
    - date: Tue, 19 May 2026 00:58:59 GMT
    - content-type: text/html; charset=UTF-8
    - content-length: 0
    - connection: keep-alive
    - content-security-policy: default-src 'self' https: data: blob:; script-src 'self' https: 'unsafe-inline' 'unsafe-eval'; style-src 'self' https: 'unsafe-inline'; img-src 'self' https: data:; font-src 'self' https: data:; object-src 'none'; base-uri 'self'; frame-ancestors 'self';
    - set-cookie: acalog_theme=1; expires=Mon, 19-Sep-3025 00:59:58 GMT; Max-Age=31536000060; path=/; secure,PHPSESSID=6f0bebcde0648aa5b01a1013ccf9d915; path=/; secure; HttpOnly,PHPSESSID=6f0bebcde0648aa5b01a1013ccf9d915; path=/; secure; HttpOnly
    - x-cache-hit: 1
    - last-modified: Tue, 19 May 2026 00:56:41 GMT
    - expires: Thu, 19 Nov 1981 08:52:00 GMT
    - cache-control: no-store, no-cache, must-revalidate
    - pragma: no-cache
    - location: content.php?catoid=18
    - x-frame-options: SAMEORIGIN
    - x-content-type-options: nosniff
    - server: director
    - strict-transport-security: max-age=31536000; includeSubDomains
  - → GET https://catalogue.usc.edu/content.php?catoid=18
    - user-agent: Playwright/1.57.0-beta-1764944708000 (x64; rocky 9.7) python/3.12
    - accept: */*
    - accept-encoding: gzip,deflate,br
    - cookie: acalog_theme=1; PHPSESSID=6f0bebcde0648aa5b01a1013ccf9d915
  - ← 302 Found
    - date: Tue, 19 May 2026 00:59:04 GMT
    - content-type: text/html; charset=UTF-8
    - content-length: 0
    - connection: keep-alive
    - content-security-policy: default-src 'self' https: data: blob:; script-src 'self' https: 'unsafe-inline' 'unsafe-eval'; style-src 'self' https: 'unsafe-inline'; img-src 'self' https: data:; font-src 'self' https: data:; object-src 'none'; base-uri 'self'; frame-ancestors 'self';
    - x-cache-hit: 1
    - last-modified: Tue, 19 May 2026 00:56:41 GMT
    - expires: Thu, 19 Nov 1981 08:52:00 GMT
    - cache-control: no-store, no-cache, must-revalidate
    - pragma: no-cache
    - set-cookie: PHPSESSID=6f0bebcde0648aa5b01a1013ccf9d915; path=/; secure; HttpOnly
    - location: /index.php?catoid=18
    - x-frame-options: SAMEORIGIN
    - x-content-type-options: nosniff
    - server: director
    - strict-transport-security: max-age=31536000; includeSubDomains
  - → GET https://catalogue.usc.edu/index.php?catoid=18
    - user-agent: Playwright/1.57.0-beta-1764944708000 (x64; rocky 9.7) python/3.12
    - accept: */*
    - accept-encoding: gzip,deflate,br
    - cookie: acalog_theme=1; PHPSESSID=6f0bebcde0648aa5b01a1013ccf9d915
  - ← 200 OK
    - date: Tue, 19 May 2026 00:59:10 GMT
    - content-type: text/html; charset=UTF-8
    - content-length: 7347
    - connection: keep-alive
    - content-security-policy: default-src 'self' https: data: blob:; script-src 'self' https: 'unsafe-inline' 'unsafe-eval'; style-src 'self' https: 'unsafe-inline'; img-src 'self' https: data:; font-src 'self' https: data:; object-src 'none'; base-uri 'self'; frame-ancestors 'self';
    - x-cache-hit: 1
    - last-modified: Tue, 19 May 2026 00:56:41 GMT
    - expires: Thu, 19 Nov 1981 08:52:00 GMT
    - cache-control: no-store, no-cache, must-revalidate
    - pragma: no-cache
    - set-cookie: PHPSESSID=6f0bebcde0648aa5b01a1013ccf9d915; path=/; secure; HttpOnly,ADRUM_BT=R%3A0%7Cg%3Ab59b08bc-962f-499c-948b-b7c4e3af8b6a21%7Cn%3Adigarc_881d5e4b-64f1-425e-8ceb-5e44d2b69b37%7Cd%3A235; expires=Tue, 19-May-2026 00:59:40 GMT; Max-Age=30; path=/; secure
    - vary: Accept-Encoding
    - content-encoding: gzip
    - x-frame-options: SAMEORIGIN
    - x-content-type-options: nosniff
    - server: director
    - strict-transport-security: max-age=31536000; includeSubDomains

[no-content] No extracted text for https://catalogue.usc.edu/preview_program.php?catoid=18&poid=26329.
[playwright.request-second-pass error] APIRequestContext.get: Timeout 30000ms exceeded.
Call log:
  - → GET https://catalogue.usc.edu/preview_program.php?catoid=18&poid=26330
    - user-agent: Playwright/1.57.0-beta-1764944708000 (x64; rocky 9.7) python/3.12
    - accept: */*
    - accept-encoding: gzip,deflate,br
  - ← 302 Found
    - date: Tue, 19 May 2026 00:58:59 GMT
    - content-type: text/html; charset=UTF-8
    - content-length: 0
    - connection: keep-alive
    - content-security-policy: default-src 'self' https: data: blob:; script-src 'self' https: 'unsafe-inline' 'unsafe-eval'; style-src 'self' https: 'unsafe-inline'; img-src 'self' https: data:; font-src 'self' https: data:; object-src 'none'; base-uri 'self'; frame-ancestors 'self';
    - set-cookie: acalog_theme=1; expires=Mon, 19-Sep-3025 00:59:59 GMT; Max-Age=31536000060; path=/; secure,PHPSESSID=509268a25c3ec0c90eb0903929a989fe; path=/; secure; HttpOnly,PHPSESSID=509268a25c3ec0c90eb0903929a989fe; path=/; secure; HttpOnly
    - x-cache-hit: 1
    - last-modified: Tue, 19 May 2026 00:56:41 GMT
    - expires: Thu, 19 Nov 1981 08:52:00 GMT
    - cache-control: no-store, no-cache, must-revalidate
    - pragma: no-cache
    - location: content.php?catoid=18
    - x-frame-options: SAMEORIGIN
    - x-content-type-options: nosniff
    - server: director
    - strict-transport-security: max-age=31536000; includeSubDomains
  - → GET https://catalogue.usc.edu/content.php?catoid=18
    - user-agent: Playwright/1.57.0-beta-1764944708000 (x64; rocky 9.7) python/3.12
    - accept: */*
    - accept-encoding: gzip,deflate,br
    - cookie: acalog_theme=1; PHPSESSID=509268a25c3ec0c90eb0903929a989fe
  - ← 302 Found
    - date: Tue, 19 May 2026 00:59:04 GMT
    - content-type: text/html; charset=UTF-8
    - content-length: 0
    - connection: keep-alive
    - content-security-policy: default-src 'self' https: data: blob:; script-src 'self' https: 'unsafe-inline' 'unsafe-eval'; style-src 'self' https: 'unsafe-inline'; img-src 'self' https: data:; font-src 'self' https: data:; object-src 'none'; base-uri 'self'; frame-ancestors 'self';
    - x-cache-hit: 1
    - last-modified: Tue, 19 May 2026 00:56:41 GMT
    - expires: Thu, 19 Nov 1981 08:52:00 GMT
    - cache-control: no-store, no-cache, must-revalidate
    - pragma: no-cache
    - set-cookie: PHPSESSID=509268a25c3ec0c90eb0903929a989fe; path=/; secure; HttpOnly
    - location: /index.php?catoid=18
    - x-frame-options: SAMEORIGIN
    - x-content-type-options: nosniff
    - server: director
    - strict-transport-security: max-age=31536000; includeSubDomains
  - → GET https://catalogue.usc.edu/index.php?catoid=18
    - user-agent: Playwright/1.57.0-beta-1764944708000 (x64; rocky 9.7) python/3.12
    - accept: */*
    - accept-encoding: gzip,deflate,br
    - cookie: acalog_theme=1; PHPSESSID=509268a25c3ec0c90eb0903929a989fe
  - ← 200 OK
    - date: Tue, 19 May 2026 00:59:09 GMT
    - content-type: text/html; charset=UTF-8
    - content-length: 7347
    - connection: keep-alive
    - content-security-policy: default-src 'self' https: data: blob:; script-src 'self' https: 'unsafe-inline' 'unsafe-eval'; style-src 'self' https: 'unsafe-inline'; img-src 'self' https: data:; font-src 'self' https: data:; object-src 'none'; base-uri 'self'; frame-ancestors 'self';
    - x-cache-hit: 1
    - last-modified: Tue, 19 May 2026 00:56:41 GMT
    - expires: Thu, 19 Nov 1981 08:52:00 GMT
    - cache-control: no-store, no-cache, must-revalidate
    - pragma: no-cache
    - set-cookie: PHPSESSID=509268a25c3ec0c90eb0903929a989fe; path=/; secure; HttpOnly,ADRUM_BT=R%3A0%7Cg%3A95b2edc1-05b1-43a3-8c66-be6b29c28231212%7Cn%3Adigarc_881d5e4b-64f1-425e-8ceb-5e44d2b69b37%7Cd%3A258; expires=Tue, 19-May-2026 00:59:39 GMT; Max-Age=30; path=/; secure
    - vary: Accept-Encoding
    - content-encoding: gzip
    - x-frame-options: SAMEORIGIN
    - x-content-type-options: nosniff
    - server: director
    - strict-transport-security: max-age=31536000; includeSubDomains

[no-content] No extracted text for https://catalogue.usc.edu/preview_program.php?catoid=18&poid=26330.
[playwright.request-second-pass error] APIRequestContext.get: Timeout 30000ms exceeded.
Call log:
  - → GET https://catalogue.usc.edu/preview_program.php?catoid=18&poid=26355
    - user-agent: Playwright/1.57.0-beta-1764944708000 (x64; rocky 9.7) python/3.12
    - accept: */*
    - accept-encoding: gzip,deflate,br
  - ← 302 Found
    - date: Tue, 19 May 2026 00:58:59 GMT
    - content-type: text/html; charset=UTF-8
    - content-length: 0
    - connection: keep-alive
    - content-security-policy: default-src 'self' https: data: blob:; script-src 'self' https: 'unsafe-inline' 'unsafe-eval'; style-src 'self' https: 'unsafe-inline'; img-src 'self' https: data:; font-src 'self' https: data:; object-src 'none'; base-uri 'self'; frame-ancestors 'self';
    - set-cookie: acalog_theme=1; expires=Mon, 19-Sep-3025 00:59:59 GMT; Max-Age=31536000060; path=/; secure,PHPSESSID=a45bc340303e25c3e3a17fd84ea53d83; path=/; secure; HttpOnly,PHPSESSID=a45bc340303e25c3e3a17fd84ea53d83; path=/; secure; HttpOnly
    - x-cache-hit: 1
    - last-modified: Tue, 19 May 2026 00:56:41 GMT
    - expires: Thu, 19 Nov 1981 08:52:00 GMT
    - cache-control: no-store, no-cache, must-revalidate
    - pragma: no-cache
    - location: content.php?catoid=18
    - x-frame-options: SAMEORIGIN
    - x-content-type-options: nosniff
    - server: director
    - strict-transport-security: max-age=31536000; includeSubDomains
  - → GET https://catalogue.usc.edu/content.php?catoid=18
    - user-agent: Playwright/1.57.0-beta-1764944708000 (x64; rocky 9.7) python/3.12
    - accept: */*
    - accept-encoding: gzip,deflate,br
    - cookie: acalog_theme=1; PHPSESSID=a45bc340303e25c3e3a17fd84ea53d83
  - ← 302 Found
    - date: Tue, 19 May 2026 00:59:04 GMT
    - content-type: text/html; charset=UTF-8
    - content-length: 0
    - connection: keep-alive
    - content-security-policy: default-src 'self' https: data: blob:; script-src 'self' https: 'unsafe-inline' 'unsafe-eval'; style-src 'self' https: 'unsafe-inline'; img-src 'self' https: data:; font-src 'self' https: data:; object-src 'none'; base-uri 'self'; frame-ancestors 'self';
    - x-cache-hit: 1
    - last-modified: Tue, 19 May 2026 00:56:41 GMT
    - expires: Thu, 19 Nov 1981 08:52:00 GMT
    - cache-control: no-store, no-cache, must-revalidate
    - pragma: no-cache
    - set-cookie: PHPSESSID=a45bc340303e25c3e3a17fd84ea53d83; path=/; secure; HttpOnly
    - location: /index.php?catoid=18
    - x-frame-options: SAMEORIGIN
    - x-content-type-options: nosniff
    - server: director
    - strict-transport-security: max-age=31536000; includeSubDomains
  - → GET https://catalogue.usc.edu/index.php?catoid=18
    - user-agent: Playwright/1.57.0-beta-1764944708000 (x64; rocky 9.7) python/3.12
    - accept: */*
    - accept-encoding: gzip,deflate,br
    - cookie: acalog_theme=1; PHPSESSID=a45bc340303e25c3e3a17fd84ea53d83
  - ← 200 OK
    - date: Tue, 19 May 2026 00:59:09 GMT
    - content-type: text/html; charset=UTF-8
    - content-length: 7347
    - connection: keep-alive
    - content-security-policy: default-src 'self' https: data: blob:; script-src 'self' https: 'unsafe-inline' 'unsafe-eval'; style-src 'self' https: 'unsafe-inline'; img-src 'self' https: data:; font-src 'self' https: data:; object-src 'none'; base-uri 'self'; frame-ancestors 'self';
    - x-cache-hit: 1
    - last-modified: Tue, 19 May 2026 00:56:41 GMT
    - expires: Thu, 19 Nov 1981 08:52:00 GMT
    - cache-control: no-store, no-cache, must-revalidate
    - pragma: no-cache
    - set-cookie: PHPSESSID=a45bc340303e25c3e3a17fd84ea53d83; path=/; secure; HttpOnly,ADRUM_BT=R%3A0%7Cg%3A99575a00-80a3-4ae0-84e7-2ff13561cd829766%7Cn%3Adigarc_881d5e4b-64f1-425e-8ceb-5e44d2b69b37%7Cd%3A151; expires=Tue, 19-May-2026 00:59:39 GMT; Max-Age=30; path=/; secure
    - vary: Accept-Encoding
    - content-encoding: gzip
    - x-frame-options: SAMEORIGIN
    - x-content-type-options: nosniff
    - server: director
    - strict-transport-security: max-age=31536000; includeSubDomains

[no-content] No extracted text for https://catalogue.usc.edu/preview_program.php?catoid=18&poid=26355.
[playwright.request-second-pass error] APIRequestContext.get: Timeout 30000ms exceeded.
Call log:
  - → GET https://catalogue.usc.edu/preview_program.php?catoid=18&poid=26351
    - user-agent: Playwright/1.57.0-beta-1764944708000 (x64; rocky 9.7) python/3.12
    - accept: */*
    - accept-encoding: gzip,deflate,br
  - ← 302 Found
    - date: Tue, 19 May 2026 00:58:59 GMT
    - content-type: text/html; charset=UTF-8
    - content-length: 0
    - connection: keep-alive
    - content-security-policy: default-src 'self' https: data: blob:; script-src 'self' https: 'unsafe-inline' 'unsafe-eval'; style-src 'self' https: 'unsafe-inline'; img-src 'self' https: data:; font-src 'self' https: data:; object-src 'none'; base-uri 'self'; frame-ancestors 'self';
    - set-cookie: acalog_theme=1; expires=Mon, 19-Sep-3025 00:59:59 GMT; Max-Age=31536000060; path=/; secure,PHPSESSID=e4e2e0b8b5d1b3fa01cbb8c658b3c333; path=/; secure; HttpOnly,PHPSESSID=e4e2e0b8b5d1b3fa01cbb8c658b3c333; path=/; secure; HttpOnly
    - x-cache-hit: 1
    - last-modified: Tue, 19 May 2026 00:56:41 GMT
    - expires: Thu, 19 Nov 1981 08:52:00 GMT
    - cache-control: no-store, no-cache, must-revalidate
    - pragma: no-cache
    - location: content.php?catoid=18
    - x-frame-options: SAMEORIGIN
    - x-content-type-options: nosniff
    - server: director
    - strict-transport-security: max-age=31536000; includeSubDomains
  - → GET https://catalogue.usc.edu/content.php?catoid=18
    - user-agent: Playwright/1.57.0-beta-1764944708000 (x64; rocky 9.7) python/3.12
    - accept: */*
    - accept-encoding: gzip,deflate,br
    - cookie: acalog_theme=1; PHPSESSID=e4e2e0b8b5d1b3fa01cbb8c658b3c333
  - ← 302 Found
    - date: Tue, 19 May 2026 00:59:05 GMT
    - content-type: text/html; charset=UTF-8
    - content-length: 0
    - connection: keep-alive
    - content-security-policy: default-src 'self' https: data: blob:; script-src 'self' https: 'unsafe-inline' 'unsafe-eval'; style-src 'self' https: 'unsafe-inline'; img-src 'self' https: data:; font-src 'self' https: data:; object-src 'none'; base-uri 'self'; frame-ancestors 'self';
    - x-cache-hit: 1
    - last-modified: Tue, 19 May 2026 00:56:41 GMT
    - expires: Thu, 19 Nov 1981 08:52:00 GMT
    - cache-control: no-store, no-cache, must-revalidate
    - pragma: no-cache
    - set-cookie: PHPSESSID=e4e2e0b8b5d1b3fa01cbb8c658b3c333; path=/; secure; HttpOnly
    - location: /index.php?catoid=18
    - x-frame-options: SAMEORIGIN
    - x-content-type-options: nosniff
    - server: director
    - strict-transport-security: max-age=31536000; includeSubDomains
  - → GET https://catalogue.usc.edu/index.php?catoid=18
    - user-agent: Playwright/1.57.0-beta-1764944708000 (x64; rocky 9.7) python/3.12
    - accept: */*
    - accept-encoding: gzip,deflate,br
    - cookie: acalog_theme=1; PHPSESSID=e4e2e0b8b5d1b3fa01cbb8c658b3c333
  - ← 200 OK
    - date: Tue, 19 May 2026 00:59:10 GMT
    - content-type: text/html; charset=UTF-8
    - content-length: 7347
    - connection: keep-alive
    - content-security-policy: default-src 'self' https: data: blob:; script-src 'self' https: 'unsafe-inline' 'unsafe-eval'; style-src 'self' https: 'unsafe-inline'; img-src 'self' https: data:; font-src 'self' https: data:; object-src 'none'; base-uri 'self'; frame-ancestors 'self';
    - x-cache-hit: 1
    - last-modified: Tue, 19 May 2026 00:56:41 GMT
    - expires: Thu, 19 Nov 1981 08:52:00 GMT
    - cache-control: no-store, no-cache, must-revalidate
    - pragma: no-cache
    - set-cookie: PHPSESSID=e4e2e0b8b5d1b3fa01cbb8c658b3c333; path=/; secure; HttpOnly,ADRUM_BT=R%3A0%7Cg%3A3a2c5246-d733-4290-ad02-e8e580b3691a1813%7Cn%3Adigarc_881d5e4b-64f1-425e-8ceb-5e44d2b69b37%7Cd%3A261; expires=Tue, 19-May-2026 00:59:40 GMT; Max-Age=30; path=/; secure
    - vary: Accept-Encoding
    - content-encoding: gzip
    - x-frame-options: SAMEORIGIN
    - x-content-type-options: nosniff
    - server: director
    - strict-transport-security: max-age=31536000; includeSubDomains

[no-content] No extracted text for https://catalogue.usc.edu/preview_program.php?catoid=18&poid=26351.
[playwright.request-second-pass error] APIRequestContext.get: Timeout 30000ms exceeded.
Call log:
  - → GET https://catalogue.usc.edu/preview_program.php?catoid=18&poid=26338
    - user-agent: Playwright/1.57.0-beta-1764944708000 (x64; rocky 9.7) python/3.12
    - accept: */*
    - accept-encoding: gzip,deflate,br
  - ← 302 Found
    - date: Tue, 19 May 2026 00:58:58 GMT
    - content-type: text/html; charset=UTF-8
    - content-length: 0
    - connection: keep-alive
    - content-security-policy: default-src 'self' https: data: blob:; script-src 'self' https: 'unsafe-inline' 'unsafe-eval'; style-src 'self' https: 'unsafe-inline'; img-src 'self' https: data:; font-src 'self' https: data:; object-src 'none'; base-uri 'self'; frame-ancestors 'self';
    - set-cookie: acalog_theme=1; expires=Mon, 19-Sep-3025 00:59:58 GMT; Max-Age=31536000060; path=/; secure,PHPSESSID=416476203d8169dfc8fd0c96c973937b; path=/; secure; HttpOnly,PHPSESSID=416476203d8169dfc8fd0c96c973937b; path=/; secure; HttpOnly
    - x-cache-hit: 1
    - last-modified: Tue, 19 May 2026 00:56:41 GMT
    - expires: Thu, 19 Nov 1981 08:52:00 GMT
    - cache-control: no-store, no-cache, must-revalidate
    - pragma: no-cache
    - location: content.php?catoid=18
    - x-frame-options: SAMEORIGIN
    - x-content-type-options: nosniff
    - server: director
    - strict-transport-security: max-age=31536000; includeSubDomains
  - → GET https://catalogue.usc.edu/content.php?catoid=18
    - user-agent: Playwright/1.57.0-beta-1764944708000 (x64; rocky 9.7) python/3.12
    - accept: */*
    - accept-encoding: gzip,deflate,br
    - cookie: acalog_theme=1; PHPSESSID=416476203d8169dfc8fd0c96c973937b
  - ← 302 Found
    - date: Tue, 19 May 2026 00:59:04 GMT
    - content-type: text/html; charset=UTF-8
    - content-length: 0
    - connection: keep-alive
    - content-security-policy: default-src 'self' https: data: blob:; script-src 'self' https: 'unsafe-inline' 'unsafe-eval'; style-src 'self' https: 'unsafe-inline'; img-src 'self' https: data:; font-src 'self' https: data:; object-src 'none'; base-uri 'self'; frame-ancestors 'self';
    - x-cache-hit: 1
    - last-modified: Tue, 19 May 2026 00:56:41 GMT
    - expires: Thu, 19 Nov 1981 08:52:00 GMT
    - cache-control: no-store, no-cache, must-revalidate
    - pragma: no-cache
    - set-cookie: PHPSESSID=416476203d8169dfc8fd0c96c973937b; path=/; secure; HttpOnly
    - location: /index.php?catoid=18
    - x-frame-options: SAMEORIGIN
    - x-content-type-options: nosniff
    - server: director
    - strict-transport-security: max-age=31536000; includeSubDomains
  - → GET https://catalogue.usc.edu/index.php?catoid=18
    - user-agent: Playwright/1.57.0-beta-1764944708000 (x64; rocky 9.7) python/3.12
    - accept: */*
    - accept-encoding: gzip,deflate,br
    - cookie: acalog_theme=1; PHPSESSID=416476203d8169dfc8fd0c96c973937b
  - ← 200 OK
    - date: Tue, 19 May 2026 00:59:10 GMT
    - content-type: text/html; charset=UTF-8
    - content-length: 7347
    - connection: keep-alive
    - content-security-policy: default-src 'self' https: data: blob:; script-src 'self' https: 'unsafe-inline' 'unsafe-eval'; style-src 'self' https: 'unsafe-inline'; img-src 'self' https: data:; font-src 'self' https: data:; object-src 'none'; base-uri 'self'; frame-ancestors 'self';
    - x-cache-hit: 1
    - last-modified: Tue, 19 May 2026 00:56:41 GMT
    - expires: Thu, 19 Nov 1981 08:52:00 GMT
    - cache-control: no-store, no-cache, must-revalidate
    - pragma: no-cache
    - set-cookie: PHPSESSID=416476203d8169dfc8fd0c96c973937b; path=/; secure; HttpOnly,ADRUM_BT=R%3A0%7Cg%3A5b91ac00-9bc1-4442-99a3-9cdde4b403786372%7Cn%3Adigarc_881d5e4b-64f1-425e-8ceb-5e44d2b69b37%7Cd%3A263; expires=Tue, 19-May-2026 00:59:40 GMT; Max-Age=30; path=/; secure
    - vary: Accept-Encoding
    - content-encoding: gzip
    - x-frame-options: SAMEORIGIN
    - x-content-type-options: nosniff
    - server: director
    - strict-transport-security: max-age=31536000; includeSubDomains

[no-content] No extracted text for https://catalogue.usc.edu/preview_program.php?catoid=18&poid=26338.
[playwright.request-second-pass error] APIRequestContext.get: Timeout 30000ms exceeded.
Call log:
  - → GET https://catalogue.usc.edu/preview_program.php?catoid=18&poid=26341
    - user-agent: Playwright/1.57.0-beta-1764944708000 (x64; rocky 9.7) python/3.12
    - accept: */*
    - accept-encoding: gzip,deflate,br
  - ← 302 Found
    - date: Tue, 19 May 2026 00:58:59 GMT
    - content-type: text/html; charset=UTF-8
    - content-length: 0
    - connection: keep-alive
    - content-security-policy: default-src 'self' https: data: blob:; script-src 'self' https: 'unsafe-inline' 'unsafe-eval'; style-src 'self' https: 'unsafe-inline'; img-src 'self' https: data:; font-src 'self' https: data:; object-src 'none'; base-uri 'self'; frame-ancestors 'self';
    - set-cookie: acalog_theme=1; expires=Mon, 19-Sep-3025 00:59:59 GMT; Max-Age=31536000060; path=/; secure,PHPSESSID=7f6a6de018257aa27f6ba4decc0ae27d; path=/; secure; HttpOnly,PHPSESSID=7f6a6de018257aa27f6ba4decc0ae27d; path=/; secure; HttpOnly
    - x-cache-hit: 1
    - last-modified: Tue, 19 May 2026 00:56:41 GMT
    - expires: Thu, 19 Nov 1981 08:52:00 GMT
    - cache-control: no-store, no-cache, must-revalidate
    - pragma: no-cache
    - location: content.php?catoid=18
    - x-frame-options: SAMEORIGIN
    - x-content-type-options: nosniff
    - server: director
    - strict-transport-security: max-age=31536000; includeSubDomains
  - → GET https://catalogue.usc.edu/content.php?catoid=18
    - user-agent: Playwright/1.57.0-beta-1764944708000 (x64; rocky 9.7) python/3.12
    - accept: */*
    - accept-encoding: gzip,deflate,br
    - cookie: acalog_theme=1; PHPSESSID=7f6a6de018257aa27f6ba4decc0ae27d
  - ← 302 Found
    - date: Tue, 19 May 2026 00:59:05 GMT
    - content-type: text/html; charset=UTF-8
    - content-length: 0
    - connection: keep-alive
    - content-security-policy: default-src 'self' https: data: blob:; script-src 'self' https: 'unsafe-inline' 'unsafe-eval'; style-src 'self' https: 'unsafe-inline'; img-src 'self' https: data:; font-src 'self' https: data:; object-src 'none'; base-uri 'self'; frame-ancestors 'self';
    - x-cache-hit: 1
    - last-modified: Tue, 19 May 2026 00:56:41 GMT
    - expires: Thu, 19 Nov 1981 08:52:00 GMT
    - cache-control: no-store, no-cache, must-revalidate
    - pragma: no-cache
    - set-cookie: PHPSESSID=7f6a6de018257aa27f6ba4decc0ae27d; path=/; secure; HttpOnly
    - location: /index.php?catoid=18
    - x-frame-options: SAMEORIGIN
    - x-content-type-options: nosniff
    - server: director
    - strict-transport-security: max-age=31536000; includeSubDomains
  - → GET https://catalogue.usc.edu/index.php?catoid=18
    - user-agent: Playwright/1.57.0-beta-1764944708000 (x64; rocky 9.7) python/3.12
    - accept: */*
    - accept-encoding: gzip,deflate,br
    - cookie: acalog_theme=1; PHPSESSID=7f6a6de018257aa27f6ba4decc0ae27d
  - ← 200 OK
    - date: Tue, 19 May 2026 00:59:09 GMT
    - content-type: text/html; charset=UTF-8
    - content-length: 7347
    - connection: keep-alive
    - content-security-policy: default-src 'self' https: data: blob:; script-src 'self' https: 'unsafe-inline' 'unsafe-eval'; style-src 'self' https: 'unsafe-inline'; img-src 'self' https: data:; font-src 'self' https: data:; object-src 'none'; base-uri 'self'; frame-ancestors 'self';
    - x-cache-hit: 1
    - last-modified: Tue, 19 May 2026 00:56:41 GMT
    - expires: Thu, 19 Nov 1981 08:52:00 GMT
    - cache-control: no-store, no-cache, must-revalidate
    - pragma: no-cache
    - set-cookie: PHPSESSID=7f6a6de018257aa27f6ba4decc0ae27d; path=/; secure; HttpOnly,ADRUM_BT=R%3A0%7Cg%3A150ee93b-f712-4131-977d-84594d981b35134%7Cn%3Adigarc_881d5e4b-64f1-425e-8ceb-5e44d2b69b37%7Cd%3A189; expires=Tue, 19-May-2026 00:59:39 GMT; Max-Age=30; path=/; secure
    - vary: Accept-Encoding
    - content-encoding: gzip
    - x-frame-options: SAMEORIGIN
    - x-content-type-options: nosniff
    - server: director
    - strict-transport-security: max-age=31536000; includeSubDomains

[no-content] No extracted text for https://catalogue.usc.edu/preview_program.php?catoid=18&poid=26341.
[playwright.request-second-pass error] APIRequestContext.get: Timeout 30000ms exceeded.
Call log:
  - → GET https://catalog.sjsu.edu/preview_program.php?catoid=13&poid=6420
    - user-agent: Playwright/1.57.0-beta-1764944708000 (x64; rocky 9.7) python/3.12
    - accept: */*
    - accept-encoding: gzip,deflate,br
  - ← 302 Found
    - date: Tue, 19 May 2026 00:58:59 GMT
    - content-type: text/html; charset=UTF-8
    - content-length: 0
    - connection: keep-alive
    - set-cookie: AWSALB=WiJK0AexlSCCjZV1AU4nBbE+x8MvPZJYrdmOpAlJ8TFMP//vGTnX+pmWEHARQcSbZiLjxEkDHcSFQYc+4I5Sd6e0/1ZArMFxwXuS80OM+c46KKJF3req5fZVSsbW; Expires=Tue, 26 May 2026 00:58:59 GMT; Path=/; secure,AWSALBCORS=WiJK0AexlSCCjZV1AU4nBbE+x8MvPZJYrdmOpAlJ8TFMP//vGTnX+pmWEHARQcSbZiLjxEkDHcSFQYc+4I5Sd6e0/1ZArMFxwXuS80OM+c46KKJF3req5fZVSsbW; Expires=Tue, 26 May 2026 00:58:59 GMT; Path=/; secure; SameSite=None,acalog_theme=1; expires=Mon, 19-Sep-3025 00:59:59 GMT; Max-Age=31536000060; path=/; secure,PHPSESSID=8fe8f3e0788423fe020f50ec92d8c7e8; path=/; secure; HttpOnly,PHPSESSID=8fe8f3e0788423fe020f50ec92d8c7e8; path=/; secure; HttpOnly
    - expires: Thu, 19 Nov 1981 08:52:00 GMT
    - cache-control: no-store, no-cache, must-revalidate
    - pragma: no-cache
    - location: content.php?catoid=13
    - x-frame-options: SAMEORIGIN
    - x-content-type-options: nosniff
    - server: director
    - strict-transport-security: max-age=31536000; includeSubDomains
  - → GET https://catalog.sjsu.edu/content.php?catoid=13
    - user-agent: Playwright/1.57.0-beta-1764944708000 (x64; rocky 9.7) python/3.12
    - accept: */*
    - accept-encoding: gzip,deflate,br
    - cookie: AWSALB=WiJK0AexlSCCjZV1AU4nBbE+x8MvPZJYrdmOpAlJ8TFMP//vGTnX+pmWEHARQcSbZiLjxEkDHcSFQYc+4I5Sd6e0/1ZArMFxwXuS80OM+c46KKJF3req5fZVSsbW; AWSALBCORS=WiJK0AexlSCCjZV1AU4nBbE+x8MvPZJYrdmOpAlJ8TFMP//vGTnX+pmWEHARQcSbZiLjxEkDHcSFQYc+4I5Sd6e0/1ZArMFxwXuS80OM+c46KKJF3req5fZVSsbW; acalog_theme=1; PHPSESSID=8fe8f3e0788423fe020f50ec92d8c7e8
  - ← 302 Found
    - date: Tue, 19 May 2026 00:59:05 GMT
    - content-type: text/html; charset=UTF-8
    - content-length: 0
    - connection: keep-alive
    - set-cookie: AWSALB=i/QBS05awnYBf6UPTW4lXb/KML3PWVNScj1sWxpc04JUWYwIm0o5wnPcbe98atrbb8yBKel4ufyYg8s2DT1Do8V1oIHWNJIfogisvQZLRDIDLgAW4wuoyYLhz1n9; Expires=Tue, 26 May 2026 00:59:05 GMT; Path=/; secure,AWSALBCORS=i/QBS05awnYBf6UPTW4lXb/KML3PWVNScj1sWxpc04JUWYwIm0o5wnPcbe98atrbb8yBKel4ufyYg8s2DT1Do8V1oIHWNJIfogisvQZLRDIDLgAW4wuoyYLhz1n9; Expires=Tue, 26 May 2026 00:59:05 GMT; Path=/; secure; SameSite=None,PHPSESSID=8fe8f3e0788423fe020f50ec92d8c7e8; path=/; secure; HttpOnly
    - x-cache-hit: 1
    - last-modified: Tue, 19 May 2026 00:09:09 GMT
    - expires: Thu, 19 Nov 1981 08:52:00 GMT
    - cache-control: no-store, no-cache, must-revalidate
    - pragma: no-cache
    - location: /index.php?catoid=13
    - x-frame-options: SAMEORIGIN
    - x-content-type-options: nosniff
    - server: director
    - strict-transport-security: max-age=31536000; includeSubDomains
  - → GET https://catalog.sjsu.edu/index.php?catoid=13
    - user-agent: Playwright/1.57.0-beta-1764944708000 (x64; rocky 9.7) python/3.12
    - accept: */*
    - accept-encoding: gzip,deflate,br
    - cookie: AWSALB=i/QBS05awnYBf6UPTW4lXb/KML3PWVNScj1sWxpc04JUWYwIm0o5wnPcbe98atrbb8yBKel4ufyYg8s2DT1Do8V1oIHWNJIfogisvQZLRDIDLgAW4wuoyYLhz1n9; AWSALBCORS=i/QBS05awnYBf6UPTW4lXb/KML3PWVNScj1sWxpc04JUWYwIm0o5wnPcbe98atrbb8yBKel4ufyYg8s2DT1Do8V1oIHWNJIfogisvQZLRDIDLgAW4wuoyYLhz1n9; acalog_theme=1; PHPSESSID=8fe8f3e0788423fe020f50ec92d8c7e8
  - ← 200 OK
    - date: Tue, 19 May 2026 00:59:09 GMT
    - content-type: text/html; charset=UTF-8
    - content-length: 10051
    - connection: keep-alive
    - set-cookie: AWSALB=/njdyFOCf+8ScfOZRbqmb/O3PygvGT8kBQjQoAYJ1LQNbVgt0+hj8IJi9OM5aycvHuTSpCmjjqBHxW1DqTDian4A88EGXWeQid7LMZNn9DfyU6YYWOxWut81ojTG; Expires=Tue, 26 May 2026 00:59:09 GMT; Path=/; secure,AWSALBCORS=/njdyFOCf+8ScfOZRbqmb/O3PygvGT8kBQjQoAYJ1LQNbVgt0+hj8IJi9OM5aycvHuTSpCmjjqBHxW1DqTDian4A88EGXWeQid7LMZNn9DfyU6YYWOxWut81ojTG; Expires=Tue, 26 May 2026 00:59:09 GMT; Path=/; secure; SameSite=None,PHPSESSID=8fe8f3e0788423fe020f50ec92d8c7e8; path=/; secure; HttpOnly,ADRUM_BT=R%3A0%7Cg%3Ae0a0d73d-db25-4015-9bd0-a5289fe0e631881%7Cn%3Adigarc_881d5e4b-64f1-425e-8ceb-5e44d2b69b37%7Ci%3A580111%7Cd%3A407%7Ce%3A317; expires=Tue, 19-May-2026 00:59:39 GMT; Max-Age=30; path=/; secure
    - x-cache-hit: 1
    - last-modified: Tue, 19 May 2026 00:09:09 GMT
    - expires: Thu, 19 Nov 1981 08:52:00 GMT
    - cache-control: no-store, no-cache, must-revalidate
    - pragma: no-cache
    - vary: Accept-Encoding
    - content-encoding: gzip
    - x-frame-options: SAMEORIGIN
    - x-content-type-options: nosniff
    - server: director
    - strict-transport-security: max-age=31536000; includeSubDomains

[no-content] No extracted text for https://catalog.sjsu.edu/preview_program.php?catoid=13&poid=6420.
[playwright.request-second-pass error] APIRequestContext.get: Timeout 30000ms exceeded.
Call log:
  - → GET https://catalogue.usc.edu/preview_program.php?catoid=18&poid=26348
    - user-agent: Playwright/1.57.0-beta-1764944708000 (x64; rocky 9.7) python/3.12
    - accept: */*
    - accept-encoding: gzip,deflate,br
  - ← 302 Found
    - date: Tue, 19 May 2026 00:58:58 GMT
    - content-type: text/html; charset=UTF-8
    - content-length: 0
    - connection: keep-alive
    - content-security-policy: default-src 'self' https: data: blob:; script-src 'self' https: 'unsafe-inline' 'unsafe-eval'; style-src 'self' https: 'unsafe-inline'; img-src 'self' https: data:; font-src 'self' https: data:; object-src 'none'; base-uri 'self'; frame-ancestors 'self';
    - set-cookie: acalog_theme=1; expires=Mon, 19-Sep-3025 00:59:58 GMT; Max-Age=31536000060; path=/; secure,PHPSESSID=285046651d58956fb3b07198d66ee9d9; path=/; secure; HttpOnly,PHPSESSID=285046651d58956fb3b07198d66ee9d9; path=/; secure; HttpOnly
    - x-cache-hit: 1
    - last-modified: Tue, 19 May 2026 00:56:41 GMT
    - expires: Thu, 19 Nov 1981 08:52:00 GMT
    - cache-control: no-store, no-cache, must-revalidate
    - pragma: no-cache
    - location: content.php?catoid=18
    - x-frame-options: SAMEORIGIN
    - x-content-type-options: nosniff
    - server: director
    - strict-transport-security: max-age=31536000; includeSubDomains
  - → GET https://catalogue.usc.edu/content.php?catoid=18
    - user-agent: Playwright/1.57.0-beta-1764944708000 (x64; rocky 9.7) python/3.12
    - accept: */*
    - accept-encoding: gzip,deflate,br
    - cookie: acalog_theme=1; PHPSESSID=285046651d58956fb3b07198d66ee9d9
  - ← 302 Found
    - date: Tue, 19 May 2026 00:59:04 GMT
    - content-type: text/html; charset=UTF-8
    - content-length: 0
    - connection: keep-alive
    - content-security-policy: default-src 'self' https: data: blob:; script-src 'self' https: 'unsafe-inline' 'unsafe-eval'; style-src 'self' https: 'unsafe-inline'; img-src 'self' https: data:; font-src 'self' https: data:; object-src 'none'; base-uri 'self'; frame-ancestors 'self';
    - x-cache-hit: 1
    - last-modified: Tue, 19 May 2026 00:56:41 GMT
    - expires: Thu, 19 Nov 1981 08:52:00 GMT
    - cache-control: no-store, no-cache, must-revalidate
    - pragma: no-cache
    - set-cookie: PHPSESSID=285046651d58956fb3b07198d66ee9d9; path=/; secure; HttpOnly
    - location: /index.php?catoid=18
    - x-frame-options: SAMEORIGIN
    - x-content-type-options: nosniff
    - server: director
    - strict-transport-security: max-age=31536000; includeSubDomains
  - → GET https://catalogue.usc.edu/index.php?catoid=18
    - user-agent: Playwright/1.57.0-beta-1764944708000 (x64; rocky 9.7) python/3.12
    - accept: */*
    - accept-encoding: gzip,deflate,br
    - cookie: acalog_theme=1; PHPSESSID=285046651d58956fb3b07198d66ee9d9
  - ← 200 OK
    - date: Tue, 19 May 2026 00:59:09 GMT
    - content-type: text/html; charset=UTF-8
    - content-length: 7347
    - connection: keep-alive
    - content-security-policy: default-src 'self' https: data: blob:; script-src 'self' https: 'unsafe-inline' 'unsafe-eval'; style-src 'self' https: 'unsafe-inline'; img-src 'self' https: data:; font-src 'self' https: data:; object-src 'none'; base-uri 'self'; frame-ancestors 'self';
    - x-cache-hit: 1
    - last-modified: Tue, 19 May 2026 00:56:41 GMT
    - expires: Thu, 19 Nov 1981 08:52:00 GMT
    - cache-control: no-store, no-cache, must-revalidate
    - pragma: no-cache
    - set-cookie: PHPSESSID=285046651d58956fb3b07198d66ee9d9; path=/; secure; HttpOnly,ADRUM_BT=R%3A0%7Cg%3Afbebcba9-e97f-4849-a4db-9c4c89d0045328%7Cn%3Adigarc_881d5e4b-64f1-425e-8ceb-5e44d2b69b37%7Cd%3A184; expires=Tue, 19-May-2026 00:59:39 GMT; Max-Age=30; path=/; secure
    - vary: Accept-Encoding
    - content-encoding: gzip
    - x-frame-options: SAMEORIGIN
    - x-content-type-options: nosniff
    - server: director
    - strict-transport-security: max-age=31536000; includeSubDomains

[no-content] No extracted text for https://catalogue.usc.edu/preview_program.php?catoid=18&poid=26348.
[playwright] Hydration condition met for https://studentaid.gov/help-center/answers/article/how-to-find-scholarships
[playwright.request-second-pass error] APIRequestContext.get: Timeout 30000ms exceeded.
Call log:
  - → GET https://catalog.sjsu.edu/preview_program.php?catoid=13&poid=6415
    - user-agent: Playwright/1.57.0-beta-1764944708000 (x64; rocky 9.7) python/3.12
    - accept: */*
    - accept-encoding: gzip,deflate,br
  - ← 302 Found
    - date: Tue, 19 May 2026 00:58:59 GMT
    - content-type: text/html; charset=UTF-8
    - content-length: 0
    - connection: keep-alive
    - set-cookie: AWSALB=d5xajK8s2wyddCURmandDlvHwcfRlF8YB5vHRw9kAsc4MvqQUaqQh/uWQZleQB4XpryKSJ6s5o/d9wH8LyL8WO34wFmbD8bQxf7zECrPWz/iQ2NrfuuxvH/8/f8U; Expires=Tue, 26 May 2026 00:58:59 GMT; Path=/; secure,AWSALBCORS=d5xajK8s2wyddCURmandDlvHwcfRlF8YB5vHRw9kAsc4MvqQUaqQh/uWQZleQB4XpryKSJ6s5o/d9wH8LyL8WO34wFmbD8bQxf7zECrPWz/iQ2NrfuuxvH/8/f8U; Expires=Tue, 26 May 2026 00:58:59 GMT; Path=/; secure; SameSite=None,acalog_theme=1; expires=Mon, 19-Sep-3025 00:59:59 GMT; Max-Age=31536000060; path=/; secure,PHPSESSID=43eb85e3414fd0905a120384ca75a565; path=/; secure; HttpOnly,PHPSESSID=43eb85e3414fd0905a120384ca75a565; path=/; secure; HttpOnly
    - expires: Thu, 19 Nov 1981 08:52:00 GMT
    - cache-control: no-store, no-cache, must-revalidate
    - pragma: no-cache
    - location: content.php?catoid=13
    - x-frame-options: SAMEORIGIN
    - x-content-type-options: nosniff
    - server: director
    - strict-transport-security: max-age=31536000; includeSubDomains
  - → GET https://catalog.sjsu.edu/content.php?catoid=13
    - user-agent: Playwright/1.57.0-beta-1764944708000 (x64; rocky 9.7) python/3.12
    - accept: */*
    - accept-encoding: gzip,deflate,br
    - cookie: AWSALB=d5xajK8s2wyddCURmandDlvHwcfRlF8YB5vHRw9kAsc4MvqQUaqQh/uWQZleQB4XpryKSJ6s5o/d9wH8LyL8WO34wFmbD8bQxf7zECrPWz/iQ2NrfuuxvH/8/f8U; AWSALBCORS=d5xajK8s2wyddCURmandDlvHwcfRlF8YB5vHRw9kAsc4MvqQUaqQh/uWQZleQB4XpryKSJ6s5o/d9wH8LyL8WO34wFmbD8bQxf7zECrPWz/iQ2NrfuuxvH/8/f8U; acalog_theme=1; PHPSESSID=43eb85e3414fd0905a120384ca75a565
  - ← 302 Found
    - date: Tue, 19 May 2026 00:59:05 GMT
    - content-type: text/html; charset=UTF-8
    - content-length: 0
    - connection: keep-alive
    - set-cookie: AWSALB=cpIGeUOqF+aKxi99xrnALzYQBYSV6NmXf+/z+yilX5oPBB4bqzzqZac0hAmlVxvW5QFF1ESqy9xT14v/61AHcX6L1Q4s+SnefskxBbQCsdUUbYM9MaZJc2arG0ki; Expires=Tue, 26 May 2026 00:59:05 GMT; Path=/; secure,AWSALBCORS=cpIGeUOqF+aKxi99xrnALzYQBYSV6NmXf+/z+yilX5oPBB4bqzzqZac0hAmlVxvW5QFF1ESqy9xT14v/61AHcX6L1Q4s+SnefskxBbQCsdUUbYM9MaZJc2arG0ki; Expires=Tue, 26 May 2026 00:59:05 GMT; Path=/; secure; SameSite=None,PHPSESSID=43eb85e3414fd0905a120384ca75a565; path=/; secure; HttpOnly
    - x-cache-hit: 1
    - last-modified: Tue, 19 May 2026 00:09:09 GMT
    - expires: Thu, 19 Nov 1981 08:52:00 GMT
    - cache-control: no-store, no-cache, must-revalidate
    - pragma: no-cache
    - location: /index.php?catoid=13
    - x-frame-options: SAMEORIGIN
    - x-content-type-options: nosniff
    - server: director
    - strict-transport-security: max-age=31536000; includeSubDomains
  - → GET https://catalog.sjsu.edu/index.php?catoid=13
    - user-agent: Playwright/1.57.0-beta-1764944708000 (x64; rocky 9.7) python/3.12
    - accept: */*
    - accept-encoding: gzip,deflate,br
    - cookie: AWSALB=cpIGeUOqF+aKxi99xrnALzYQBYSV6NmXf+/z+yilX5oPBB4bqzzqZac0hAmlVxvW5QFF1ESqy9xT14v/61AHcX6L1Q4s+SnefskxBbQCsdUUbYM9MaZJc2arG0ki; AWSALBCORS=cpIGeUOqF+aKxi99xrnALzYQBYSV6NmXf+/z+yilX5oPBB4bqzzqZac0hAmlVxvW5QFF1ESqy9xT14v/61AHcX6L1Q4s+SnefskxBbQCsdUUbYM9MaZJc2arG0ki; acalog_theme=1; PHPSESSID=43eb85e3414fd0905a120384ca75a565
  - ← 200 OK
    - date: Tue, 19 May 2026 00:59:09 GMT
    - content-type: text/html; charset=UTF-8
    - content-length: 10051
    - connection: keep-alive
    - set-cookie: AWSALB=B5oKu7qrkVJfveCicVOWuC9gw+hV68a3Yyu3YrJGKNMBMMksUaG4yOFBEwESfXHVSJJ1pMaVP/itTknwWGZhqnKmu5DG5WorzHAxueEsROrj+ggvMnb5cWWU9o84; Expires=Tue, 26 May 2026 00:59:09 GMT; Path=/; secure,AWSALBCORS=B5oKu7qrkVJfveCicVOWuC9gw+hV68a3Yyu3YrJGKNMBMMksUaG4yOFBEwESfXHVSJJ1pMaVP/itTknwWGZhqnKmu5DG5WorzHAxueEsROrj+ggvMnb5cWWU9o84; Expires=Tue, 26 May 2026 00:59:09 GMT; Path=/; secure; SameSite=None,PHPSESSID=43eb85e3414fd0905a120384ca75a565; path=/; secure; HttpOnly,ADRUM_BT=R%3A0%7Cg%3A5b5493a2-17ca-4523-98d5-7abab83e66c1843%7Cn%3Adigarc_881d5e4b-64f1-425e-8ceb-5e44d2b69b37%7Ci%3A580111%7Cd%3A358%7Ce%3A317; expires=Tue, 19-May-2026 00:59:39 GMT; Max-Age=30; path=/; secure
    - x-cache-hit: 1
    - last-modified: Tue, 19 May 2026 00:09:09 GMT
    - expires: Thu, 19 Nov 1981 08:52:00 GMT
    - cache-control: no-store, no-cache, must-revalidate
    - pragma: no-cache
    - vary: Accept-Encoding
    - content-encoding: gzip
    - x-frame-options: SAMEORIGIN
    - x-content-type-options: nosniff
    - server: director
    - strict-transport-security: max-age=31536000; includeSubDomains

[no-content] No extracted text for https://catalog.sjsu.edu/preview_program.php?catoid=13&poid=6415.
[playwright.request-second-pass error] APIRequestContext.get: Timeout 30000ms exceeded.
Call log:
  - → GET https://catalog.sjsu.edu/preview_program.php?catoid=13&poid=6413
    - user-agent: Playwright/1.57.0-beta-1764944708000 (x64; rocky 9.7) python/3.12
    - accept: */*
    - accept-encoding: gzip,deflate,br
  - ← 302 Found
    - date: Tue, 19 May 2026 00:58:59 GMT
    - content-type: text/html; charset=UTF-8
    - content-length: 0
    - connection: keep-alive
    - set-cookie: AWSALB=Pa/o5xy93uHyOxuo/LgHrgZJlkiir2txghsithrS6iG7fmedkF1tgmayqXXeuwbOt18aAICqm0AEQs/DiIyDllfGP6MYSiqEfTVqyIKHz3Npuev6nWWK2p6pqufu; Expires=Tue, 26 May 2026 00:58:59 GMT; Path=/; secure,AWSALBCORS=Pa/o5xy93uHyOxuo/LgHrgZJlkiir2txghsithrS6iG7fmedkF1tgmayqXXeuwbOt18aAICqm0AEQs/DiIyDllfGP6MYSiqEfTVqyIKHz3Npuev6nWWK2p6pqufu; Expires=Tue, 26 May 2026 00:58:59 GMT; Path=/; secure; SameSite=None,acalog_theme=1; expires=Mon, 19-Sep-3025 00:59:59 GMT; Max-Age=31536000060; path=/; secure,PHPSESSID=22678077fbcbd6549b5d5ff4d60a5d74; path=/; secure; HttpOnly,PHPSESSID=22678077fbcbd6549b5d5ff4d60a5d74; path=/; secure; HttpOnly
    - expires: Thu, 19 Nov 1981 08:52:00 GMT
    - cache-control: no-store, no-cache, must-revalidate
    - pragma: no-cache
    - location: content.php?catoid=13
    - x-frame-options: SAMEORIGIN
    - x-content-type-options: nosniff
    - server: director
    - strict-transport-security: max-age=31536000; includeSubDomains
  - → GET https://catalog.sjsu.edu/content.php?catoid=13
    - user-agent: Playwright/1.57.0-beta-1764944708000 (x64; rocky 9.7) python/3.12
    - accept: */*
    - accept-encoding: gzip,deflate,br
    - cookie: AWSALB=Pa/o5xy93uHyOxuo/LgHrgZJlkiir2txghsithrS6iG7fmedkF1tgmayqXXeuwbOt18aAICqm0AEQs/DiIyDllfGP6MYSiqEfTVqyIKHz3Npuev6nWWK2p6pqufu; AWSALBCORS=Pa/o5xy93uHyOxuo/LgHrgZJlkiir2txghsithrS6iG7fmedkF1tgmayqXXeuwbOt18aAICqm0AEQs/DiIyDllfGP6MYSiqEfTVqyIKHz3Npuev6nWWK2p6pqufu; acalog_theme=1; PHPSESSID=22678077fbcbd6549b5d5ff4d60a5d74
  - ← 302 Found
    - date: Tue, 19 May 2026 00:59:04 GMT
    - content-type: text/html; charset=UTF-8
    - content-length: 0
    - connection: keep-alive
    - set-cookie: AWSALB=eOdEOjPu0EDlgqia+NDU2oL8gCTNxlNQn/pCqBCw9x60T5UN6MAky9+VmcyKFzZwEyybw6tOCiGKVPIlrpyc1M7Jsj3d2cuReWWvkQZMys4gdPxLRyANVN0pJPWB; Expires=Tue, 26 May 2026 00:59:03 GMT; Path=/; secure,AWSALBCORS=eOdEOjPu0EDlgqia+NDU2oL8gCTNxlNQn/pCqBCw9x60T5UN6MAky9+VmcyKFzZwEyybw6tOCiGKVPIlrpyc1M7Jsj3d2cuReWWvkQZMys4gdPxLRyANVN0pJPWB; Expires=Tue, 26 May 2026 00:59:03 GMT; Path=/; secure; SameSite=None,PHPSESSID=22678077fbcbd6549b5d5ff4d60a5d74; path=/; secure; HttpOnly
    - x-cache-hit: 1
    - last-modified: Tue, 19 May 2026 00:09:09 GMT
    - expires: Thu, 19 Nov 1981 08:52:00 GMT
    - cache-control: no-store, no-cache, must-revalidate
    - pragma: no-cache
    - location: /index.php?catoid=13
    - x-frame-options: SAMEORIGIN
    - x-content-type-options: nosniff
    - server: director
    - strict-transport-security: max-age=31536000; includeSubDomains
  - → GET https://catalog.sjsu.edu/index.php?catoid=13
    - user-agent: Playwright/1.57.0-beta-1764944708000 (x64; rocky 9.7) python/3.12
    - accept: */*
    - accept-encoding: gzip,deflate,br
    - cookie: AWSALB=eOdEOjPu0EDlgqia+NDU2oL8gCTNxlNQn/pCqBCw9x60T5UN6MAky9+VmcyKFzZwEyybw6tOCiGKVPIlrpyc1M7Jsj3d2cuReWWvkQZMys4gdPxLRyANVN0pJPWB; AWSALBCORS=eOdEOjPu0EDlgqia+NDU2oL8gCTNxlNQn/pCqBCw9x60T5UN6MAky9+VmcyKFzZwEyybw6tOCiGKVPIlrpyc1M7Jsj3d2cuReWWvkQZMys4gdPxLRyANVN0pJPWB; acalog_theme=1; PHPSESSID=22678077fbcbd6549b5d5ff4d60a5d74
  - ← 200 OK
    - date: Tue, 19 May 2026 00:59:08 GMT
    - content-type: text/html; charset=UTF-8
    - content-length: 10051
    - connection: keep-alive
    - set-cookie: AWSALB=fgvAypIF4EL9DIfB5pPtEBDfHhv43eMlkFz+nj03kx+bTmi5TmvxAaXuv+y9W4ZW1JWiBXr71Ca+Sm3vkvhC1gporwjpRge5Cl7Mbw897zmIk2tEFZdMistVIbxb; Expires=Tue, 26 May 2026 00:59:08 GMT; Path=/; secure,AWSALBCORS=fgvAypIF4EL9DIfB5pPtEBDfHhv43eMlkFz+nj03kx+bTmi5TmvxAaXuv+y9W4ZW1JWiBXr71Ca+Sm3vkvhC1gporwjpRge5Cl7Mbw897zmIk2tEFZdMistVIbxb; Expires=Tue, 26 May 2026 00:59:08 GMT; Path=/; secure; SameSite=None,PHPSESSID=22678077fbcbd6549b5d5ff4d60a5d74; path=/; secure; HttpOnly,ADRUM_BT=R%3A0%7Cg%3A73dce127-db73-47f4-8c0f-2203067d1a49844%7Cn%3Adigarc_881d5e4b-64f1-425e-8ceb-5e44d2b69b37%7Ci%3A580111%7Cd%3A509%7Ce%3A317; expires=Tue, 19-May-2026 00:59:38 GMT; Max-Age=30; path=/; secure
    - x-cache-hit: 1
    - last-modified: Tue, 19 May 2026 00:09:09 GMT
    - expires: Thu, 19 Nov 1981 08:52:00 GMT
    - cache-control: no-store, no-cache, must-revalidate
    - pragma: no-cache
    - vary: Accept-Encoding
    - content-encoding: gzip
    - x-frame-options: SAMEORIGIN
    - x-content-type-options: nosniff
    - server: director
    - strict-transport-security: max-age=31536000; includeSubDomains

[no-content] No extracted text for https://catalog.sjsu.edu/preview_program.php?catoid=13&poid=6413.
[playwright.request-second-pass error] APIRequestContext.get: Timeout 30000ms exceeded.
Call log:
  - → GET https://catalog.sjsu.edu/preview_program.php?catoid=13&poid=6411
    - user-agent: Playwright/1.57.0-beta-1764944708000 (x64; rocky 9.7) python/3.12
    - accept: */*
    - accept-encoding: gzip,deflate,br
  - ← 302 Found
    - date: Tue, 19 May 2026 00:59:00 GMT
    - content-type: text/html; charset=UTF-8
    - content-length: 0
    - connection: keep-alive
    - set-cookie: AWSALB=jHPjjWKPiJ5fTwsn5IhOB5ALSdTmX++U/vgSttVgUg0TVwVUoNZG9IdexpUOGhhuX27AsQs3y+Locab1B10s2MrVmaR/VqctgM9qIUYB70vdXzOh1PcRihUWYtCd; Expires=Tue, 26 May 2026 00:59:00 GMT; Path=/; secure,AWSALBCORS=jHPjjWKPiJ5fTwsn5IhOB5ALSdTmX++U/vgSttVgUg0TVwVUoNZG9IdexpUOGhhuX27AsQs3y+Locab1B10s2MrVmaR/VqctgM9qIUYB70vdXzOh1PcRihUWYtCd; Expires=Tue, 26 May 2026 00:59:00 GMT; Path=/; secure; SameSite=None,acalog_theme=1; expires=Mon, 19-Sep-3025 01:00:00 GMT; Max-Age=31536000060; path=/; secure,PHPSESSID=f91c8c8427792fe34c2e01228021d75a; path=/; secure; HttpOnly,PHPSESSID=f91c8c8427792fe34c2e01228021d75a; path=/; secure; HttpOnly
    - expires: Thu, 19 Nov 1981 08:52:00 GMT
    - cache-control: no-store, no-cache, must-revalidate
    - pragma: no-cache
    - location: content.php?catoid=13
    - x-frame-options: SAMEORIGIN
    - x-content-type-options: nosniff
    - server: director
    - strict-transport-security: max-age=31536000; includeSubDomains
  - → GET https://catalog.sjsu.edu/content.php?catoid=13
    - user-agent: Playwright/1.57.0-beta-1764944708000 (x64; rocky 9.7) python/3.12
    - accept: */*
    - accept-encoding: gzip,deflate,br
    - cookie: AWSALB=jHPjjWKPiJ5fTwsn5IhOB5ALSdTmX++U/vgSttVgUg0TVwVUoNZG9IdexpUOGhhuX27AsQs3y+Locab1B10s2MrVmaR/VqctgM9qIUYB70vdXzOh1PcRihUWYtCd; AWSALBCORS=jHPjjWKPiJ5fTwsn5IhOB5ALSdTmX++U/vgSttVgUg0TVwVUoNZG9IdexpUOGhhuX27AsQs3y+Locab1B10s2MrVmaR/VqctgM9qIUYB70vdXzOh1PcRihUWYtCd; acalog_theme=1; PHPSESSID=f91c8c8427792fe34c2e01228021d75a
  - ← 302 Found
    - date: Tue, 19 May 2026 00:59:05 GMT
    - content-type: text/html; charset=UTF-8
    - content-length: 0
    - connection: keep-alive
    - set-cookie: AWSALB=yQrwXJ0zohnY5Yb6wuEmhLpnw5I9Nvn4E5L8ZYXOxQNpj8LiYQ+xszXl8jv7zIE/D2l9ykkgTBTI4EwHoIipYvH85aR2O1c8zTuxBf8iqbj5oh14Ik+oP/K5v6+L; Expires=Tue, 26 May 2026 00:59:05 GMT; Path=/; secure,AWSALBCORS=yQrwXJ0zohnY5Yb6wuEmhLpnw5I9Nvn4E5L8ZYXOxQNpj8LiYQ+xszXl8jv7zIE/D2l9ykkgTBTI4EwHoIipYvH85aR2O1c8zTuxBf8iqbj5oh14Ik+oP/K5v6+L; Expires=Tue, 26 May 2026 00:59:05 GMT; Path=/; secure; SameSite=None,PHPSESSID=f91c8c8427792fe34c2e01228021d75a; path=/; secure; HttpOnly
    - x-cache-hit: 1
    - last-modified: Tue, 19 May 2026 00:09:09 GMT
    - expires: Thu, 19 Nov 1981 08:52:00 GMT
    - cache-control: no-store, no-cache, must-revalidate
    - pragma: no-cache
    - location: /index.php?catoid=13
    - x-frame-options: SAMEORIGIN
    - x-content-type-options: nosniff
    - server: director
    - strict-transport-security: max-age=31536000; includeSubDomains
  - → GET https://catalog.sjsu.edu/index.php?catoid=13
    - user-agent: Playwright/1.57.0-beta-1764944708000 (x64; rocky 9.7) python/3.12
    - accept: */*
    - accept-encoding: gzip,deflate,br
    - cookie: AWSALB=yQrwXJ0zohnY5Yb6wuEmhLpnw5I9Nvn4E5L8ZYXOxQNpj8LiYQ+xszXl8jv7zIE/D2l9ykkgTBTI4EwHoIipYvH85aR2O1c8zTuxBf8iqbj5oh14Ik+oP/K5v6+L; AWSALBCORS=yQrwXJ0zohnY5Yb6wuEmhLpnw5I9Nvn4E5L8ZYXOxQNpj8LiYQ+xszXl8jv7zIE/D2l9ykkgTBTI4EwHoIipYvH85aR2O1c8zTuxBf8iqbj5oh14Ik+oP/K5v6+L; acalog_theme=1; PHPSESSID=f91c8c8427792fe34c2e01228021d75a
  - ← 200 OK
    - date: Tue, 19 May 2026 00:59:09 GMT
    - content-type: text/html; charset=UTF-8
    - content-length: 10051
    - connection: keep-alive
    - set-cookie: AWSALB=CiqCtUOaczP1/+yKmBEpM89q1SJIxfk9IN7Qph5z1U15OaiyvTtakMyHEl0cmxmFSn0USPOOw5yudVVw+FogOSQ2ZccIBu/oCFZmicaj6PnZLCLMvOt7n52oeXz0; Expires=Tue, 26 May 2026 00:59:09 GMT; Path=/; secure,AWSALBCORS=CiqCtUOaczP1/+yKmBEpM89q1SJIxfk9IN7Qph5z1U15OaiyvTtakMyHEl0cmxmFSn0USPOOw5yudVVw+FogOSQ2ZccIBu/oCFZmicaj6PnZLCLMvOt7n52oeXz0; Expires=Tue, 26 May 2026 00:59:09 GMT; Path=/; secure; SameSite=None,PHPSESSID=f91c8c8427792fe34c2e01228021d75a; path=/; secure; HttpOnly,ADRUM_BT=R%3A0%7Cg%3A897fc020-d32a-4be5-9e81-94dbdb395f83816%7Cn%3Adigarc_881d5e4b-64f1-425e-8ceb-5e44d2b69b37%7Ci%3A580111%7Cd%3A294%7Ce%3A215; expires=Tue, 19-May-2026 00:59:39 GMT; Max-Age=30; path=/; secure
    - x-cache-hit: 1
    - last-modified: Tue, 19 May 2026 00:09:09 GMT
    - expires: Thu, 19 Nov 1981 08:52:00 GMT
    - cache-control: no-store, no-cache, must-revalidate
    - pragma: no-cache
    - vary: Accept-Encoding
    - content-encoding: gzip
    - x-frame-options: SAMEORIGIN
    - x-content-type-options: nosniff
    - server: director
    - strict-transport-security: max-age=31536000; includeSubDomains

[no-content] No extracted text for https://catalog.sjsu.edu/preview_program.php?catoid=13&poid=6411.
[playwright.request-second-pass error] APIRequestContext.get: Timeout 30000ms exceeded.
Call log:
  - → GET https://catalog.csustan.edu/preview_program.php?catoid=32&poid=4598
    - user-agent: Playwright/1.57.0-beta-1764944708000 (x64; rocky 9.7) python/3.12
    - accept: */*
    - accept-encoding: gzip,deflate,br
  - ← 302 Found
    - date: Tue, 19 May 2026 00:58:59 GMT
    - content-type: text/html; charset=UTF-8
    - content-length: 0
    - connection: keep-alive
    - set-cookie: AWSALB=JygauTdgbTkBNAsYbd8FObIgrdxGDl9e6i1Ve0jAXG6pbMuT4RiGwWbVe3ONfH7pqRzElf0c1d335YXv8LC0SGTfdlohBcIXrbrpE0N8kJtHyfPxX1Vj/MBrV4eC; Expires=Tue, 26 May 2026 00:58:59 GMT; Path=/; secure,AWSALBCORS=JygauTdgbTkBNAsYbd8FObIgrdxGDl9e6i1Ve0jAXG6pbMuT4RiGwWbVe3ONfH7pqRzElf0c1d335YXv8LC0SGTfdlohBcIXrbrpE0N8kJtHyfPxX1Vj/MBrV4eC; Expires=Tue, 26 May 2026 00:58:59 GMT; Path=/; secure; SameSite=None,acalog_theme=1; expires=Mon, 19-Sep-3025 00:59:59 GMT; Max-Age=31536000060; path=/; secure,PHPSESSID=afb5df6d22f70e51fa9af6ebb6322961; path=/; secure; HttpOnly,PHPSESSID=afb5df6d22f70e51fa9af6ebb6322961; path=/; secure; HttpOnly
    - content-security-policy: default-src 'self' https: data: blob:; script-src 'self' https: 'unsafe-inline' 'unsafe-eval'; style-src 'self' https: 'unsafe-inline'; img-src 'self' https: data:; font-src 'self' https: data:; object-src 'none'; base-uri 'self'; frame-ancestors 'self';
    - expires: Thu, 19 Nov 1981 08:52:00 GMT
    - cache-control: no-store, no-cache, must-revalidate
    - pragma: no-cache
    - location: content.php?catoid=32
    - x-frame-options: SAMEORIGIN
    - x-content-type-options: nosniff
    - server: director
    - strict-transport-security: max-age=31536000; includeSubDomains
  - → GET https://catalog.csustan.edu/content.php?catoid=32
    - user-agent: Playwright/1.57.0-beta-1764944708000 (x64; rocky 9.7) python/3.12
    - accept: */*
    - accept-encoding: gzip,deflate,br
    - cookie: AWSALB=JygauTdgbTkBNAsYbd8FObIgrdxGDl9e6i1Ve0jAXG6pbMuT4RiGwWbVe3ONfH7pqRzElf0c1d335YXv8LC0SGTfdlohBcIXrbrpE0N8kJtHyfPxX1Vj/MBrV4eC; AWSALBCORS=JygauTdgbTkBNAsYbd8FObIgrdxGDl9e6i1Ve0jAXG6pbMuT4RiGwWbVe3ONfH7pqRzElf0c1d335YXv8LC0SGTfdlohBcIXrbrpE0N8kJtHyfPxX1Vj/MBrV4eC; acalog_theme=1; PHPSESSID=afb5df6d22f70e51fa9af6ebb6322961
  - ← 302 Found
    - date: Tue, 19 May 2026 00:59:03 GMT
    - content-type: text/html; charset=UTF-8
    - content-length: 0
    - connection: keep-alive
    - set-cookie: AWSALB=n+TKSnJxlebG9+dXwmEPorxiACcOWIbmAND6HrtJyswy+QytVgE1R3Rtg5jhJW5xMSOkiRmsehhfVW/OQra3V9eJ2v8JT6CWVQ9/zN4nVw82DK1gH6XplA3GD4mG; Expires=Tue, 26 May 2026 00:59:03 GMT; Path=/; secure,AWSALBCORS=n+TKSnJxlebG9+dXwmEPorxiACcOWIbmAND6HrtJyswy+QytVgE1R3Rtg5jhJW5xMSOkiRmsehhfVW/OQra3V9eJ2v8JT6CWVQ9/zN4nVw82DK1gH6XplA3GD4mG; Expires=Tue, 26 May 2026 00:59:03 GMT; Path=/; secure; SameSite=None,PHPSESSID=afb5df6d22f70e51fa9af6ebb6322961; path=/; secure; HttpOnly
    - content-security-policy: default-src 'self' https: data: blob:; script-src 'self' https: 'unsafe-inline' 'unsafe-eval'; style-src 'self' https: 'unsafe-inline'; img-src 'self' https: data:; font-src 'self' https: data:; object-src 'none'; base-uri 'self'; frame-ancestors 'self';
    - x-cache-hit: 1
    - last-modified: Tue, 19 May 2026 00:30:00 GMT
    - expires: Thu, 19 Nov 1981 08:52:00 GMT
    - cache-control: no-store, no-cache, must-revalidate
    - pragma: no-cache
    - location: /index.php?catoid=32
    - x-frame-options: SAMEORIGIN
    - x-content-type-options: nosniff
    - server: director
    - strict-transport-security: max-age=31536000; includeSubDomains
  - → GET https://catalog.csustan.edu/index.php?catoid=32
    - user-agent: Playwright/1.57.0-beta-1764944708000 (x64; rocky 9.7) python/3.12
    - accept: */*
    - accept-encoding: gzip,deflate,br
    - cookie: AWSALB=n+TKSnJxlebG9+dXwmEPorxiACcOWIbmAND6HrtJyswy+QytVgE1R3Rtg5jhJW5xMSOkiRmsehhfVW/OQra3V9eJ2v8JT6CWVQ9/zN4nVw82DK1gH6XplA3GD4mG; AWSALBCORS=n+TKSnJxlebG9+dXwmEPorxiACcOWIbmAND6HrtJyswy+QytVgE1R3Rtg5jhJW5xMSOkiRmsehhfVW/OQra3V9eJ2v8JT6CWVQ9/zN4nVw82DK1gH6XplA3GD4mG; acalog_theme=1; PHPSESSID=afb5df6d22f70e51fa9af6ebb6322961
  - ← 200 OK
    - date: Tue, 19 May 2026 00:59:08 GMT
    - content-type: text/html; charset=UTF-8
    - content-length: 15505
    - connection: keep-alive
    - set-cookie: AWSALB=EdL+L046MOrWaf2aUL9buh/Z1qrDhwbZiXk/s0ZTFkQ3ZBdRoi8ETPpDY56SOL7lySPC+1pb8EOBoTa5q5eeBzn5MLUKl5DmQ1tG4+4/LAgraXR7IyTUkpOnpqqJ; Expires=Tue, 26 May 2026 00:59:08 GMT; Path=/; secure,AWSALBCORS=EdL+L046MOrWaf2aUL9buh/Z1qrDhwbZiXk/s0ZTFkQ3ZBdRoi8ETPpDY56SOL7lySPC+1pb8EOBoTa5q5eeBzn5MLUKl5DmQ1tG4+4/LAgraXR7IyTUkpOnpqqJ; Expires=Tue, 26 May 2026 00:59:08 GMT; Path=/; secure; SameSite=None,PHPSESSID=afb5df6d22f70e51fa9af6ebb6322961; path=/; secure; HttpOnly,ADRUM_BT=R%3A0%7Cg%3A41c0263b-1ce7-4dd9-a0ab-c0f1e4a22b5e8954%7Cn%3Adigarc_881d5e4b-64f1-425e-8ceb-5e44d2b69b37%7Cd%3A329; expires=Tue, 19-May-2026 00:59:38 GMT; Max-Age=30; path=/; secure
    - content-security-policy: default-src 'self' https: data: blob:; script-src 'self' https: 'unsafe-inline' 'unsafe-eval'; style-src 'self' https: 'unsafe-inline'; img-src 'self' https: data:; font-src 'self' https: data:; object-src 'none'; base-uri 'self'; frame-ancestors 'self';
    - x-cache-hit: 1
    - last-modified: Tue, 19 May 2026 00:30:00 GMT
    - expires: Thu, 19 Nov 1981 08:52:00 GMT
    - cache-control: no-store, no-cache, must-revalidate
    - pragma: no-cache
    - vary: Accept-Encoding
    - content-encoding: gzip
    - x-frame-options: SAMEORIGIN
    - x-content-type-options: nosniff
    - server: director
    - strict-transport-security: max-age=31536000; includeSubDomains

[no-content] No extracted text for https://catalog.csustan.edu/preview_program.php?catoid=32&poid=4598.
[playwright] Hydration condition met for https://www.understood.org/en/articles/after-high-school-different-paths-to-success
[playwright.request-second-pass error] APIRequestContext.get: Timeout 30000ms exceeded.
Call log:
  - → GET https://catalog.csustan.edu/preview_program.php?catoid=32&poid=4597
    - user-agent: Playwright/1.57.0-beta-1764944708000 (x64; rocky 9.7) python/3.12
    - accept: */*
    - accept-encoding: gzip,deflate,br
  - ← 302 Found
    - date: Tue, 19 May 2026 00:59:00 GMT
    - content-type: text/html; charset=UTF-8
    - content-length: 0
    - connection: keep-alive
    - set-cookie: AWSALB=mfo5mKcExh1keGk26W16RXNz82cY1YTrdhDGqrWjhUe/E17QRFn6euLYeJDmQbOQgrXyMFsZZrEuLbHAUSRntdpCvNSOlWnzLnfVLyP9BhZJ/nRCPJFebj1xHJc5; Expires=Tue, 26 May 2026 00:59:00 GMT; Path=/; secure,AWSALBCORS=mfo5mKcExh1keGk26W16RXNz82cY1YTrdhDGqrWjhUe/E17QRFn6euLYeJDmQbOQgrXyMFsZZrEuLbHAUSRntdpCvNSOlWnzLnfVLyP9BhZJ/nRCPJFebj1xHJc5; Expires=Tue, 26 May 2026 00:59:00 GMT; Path=/; secure; SameSite=None,acalog_theme=1; expires=Mon, 19-Sep-3025 01:00:00 GMT; Max-Age=31536000060; path=/; secure,PHPSESSID=dba0f914426ea60901083bf07c2e42d0; path=/; secure; HttpOnly,PHPSESSID=dba0f914426ea60901083bf07c2e42d0; path=/; secure; HttpOnly
    - content-security-policy: default-src 'self' https: data: blob:; script-src 'self' https: 'unsafe-inline' 'unsafe-eval'; style-src 'self' https: 'unsafe-inline'; img-src 'self' https: data:; font-src 'self' https: data:; object-src 'none'; base-uri 'self'; frame-ancestors 'self';
    - expires: Thu, 19 Nov 1981 08:52:00 GMT
    - cache-control: no-store, no-cache, must-revalidate
    - pragma: no-cache
    - location: content.php?catoid=32
    - x-frame-options: SAMEORIGIN
    - x-content-type-options: nosniff
    - server: director
    - strict-transport-security: max-age=31536000; includeSubDomains
  - → GET https://catalog.csustan.edu/content.php?catoid=32
    - user-agent: Playwright/1.57.0-beta-1764944708000 (x64; rocky 9.7) python/3.12
    - accept: */*
    - accept-encoding: gzip,deflate,br
    - cookie: AWSALB=mfo5mKcExh1keGk26W16RXNz82cY1YTrdhDGqrWjhUe/E17QRFn6euLYeJDmQbOQgrXyMFsZZrEuLbHAUSRntdpCvNSOlWnzLnfVLyP9BhZJ/nRCPJFebj1xHJc5; AWSALBCORS=mfo5mKcExh1keGk26W16RXNz82cY1YTrdhDGqrWjhUe/E17QRFn6euLYeJDmQbOQgrXyMFsZZrEuLbHAUSRntdpCvNSOlWnzLnfVLyP9BhZJ/nRCPJFebj1xHJc5; acalog_theme=1; PHPSESSID=dba0f914426ea60901083bf07c2e42d0
  - ← 302 Found
    - date: Tue, 19 May 2026 00:59:05 GMT
    - content-type: text/html; charset=UTF-8
    - content-length: 0
    - connection: keep-alive
    - set-cookie: AWSALB=2s3uFZz0fBiIJKpuzjxMNnoGgUCgV9sm1JoxMNOFNcw0zPSEGMf0CtECEbNpEYxXl2jIP+VYS26Li5zDFJgbmrW9hBLIvo3BCUcpc8saRgDurryr37hDKMO+JGxJ; Expires=Tue, 26 May 2026 00:59:05 GMT; Path=/; secure,AWSALBCORS=2s3uFZz0fBiIJKpuzjxMNnoGgUCgV9sm1JoxMNOFNcw0zPSEGMf0CtECEbNpEYxXl2jIP+VYS26Li5zDFJgbmrW9hBLIvo3BCUcpc8saRgDurryr37hDKMO+JGxJ; Expires=Tue, 26 May 2026 00:59:05 GMT; Path=/; secure; SameSite=None,PHPSESSID=dba0f914426ea60901083bf07c2e42d0; path=/; secure; HttpOnly
    - content-security-policy: default-src 'self' https: data: blob:; script-src 'self' https: 'unsafe-inline' 'unsafe-eval'; style-src 'self' https: 'unsafe-inline'; img-src 'self' https: data:; font-src 'self' https: data:; object-src 'none'; base-uri 'self'; frame-ancestors 'self';
    - x-cache-hit: 1
    - last-modified: Tue, 19 May 2026 00:30:00 GMT
    - expires: Thu, 19 Nov 1981 08:52:00 GMT
    - cache-control: no-store, no-cache, must-revalidate
    - pragma: no-cache
    - location: /index.php?catoid=32
    - x-frame-options: SAMEORIGIN
    - x-content-type-options: nosniff
    - server: director
    - strict-transport-security: max-age=31536000; includeSubDomains
  - → GET https://catalog.csustan.edu/index.php?catoid=32
    - user-agent: Playwright/1.57.0-beta-1764944708000 (x64; rocky 9.7) python/3.12
    - accept: */*
    - accept-encoding: gzip,deflate,br
    - cookie: AWSALB=2s3uFZz0fBiIJKpuzjxMNnoGgUCgV9sm1JoxMNOFNcw0zPSEGMf0CtECEbNpEYxXl2jIP+VYS26Li5zDFJgbmrW9hBLIvo3BCUcpc8saRgDurryr37hDKMO+JGxJ; AWSALBCORS=2s3uFZz0fBiIJKpuzjxMNnoGgUCgV9sm1JoxMNOFNcw0zPSEGMf0CtECEbNpEYxXl2jIP+VYS26Li5zDFJgbmrW9hBLIvo3BCUcpc8saRgDurryr37hDKMO+JGxJ; acalog_theme=1; PHPSESSID=dba0f914426ea60901083bf07c2e42d0
  - ← 200 OK
    - date: Tue, 19 May 2026 00:59:11 GMT
    - content-type: text/html; charset=UTF-8
    - content-length: 15505
    - connection: keep-alive
    - set-cookie: AWSALB=2xyOhipZlwJu5IMDm5Am7s8qq4lQbvVeS5q34zIbstftUKZ4oBccngstith2ARxoRHZ4Zyhm1QLc5YALmM5VdKQKVigABGXwBqudlnDuNAJpvuclwNrJOd8AnGZK; Expires=Tue, 26 May 2026 00:59:10 GMT; Path=/; secure,AWSALBCORS=2xyOhipZlwJu5IMDm5Am7s8qq4lQbvVeS5q34zIbstftUKZ4oBccngstith2ARxoRHZ4Zyhm1QLc5YALmM5VdKQKVigABGXwBqudlnDuNAJpvuclwNrJOd8AnGZK; Expires=Tue, 26 May 2026 00:59:10 GMT; Path=/; secure; SameSite=None,PHPSESSID=dba0f914426ea60901083bf07c2e42d0; path=/; secure; HttpOnly,ADRUM_BT=R%3A0%7Cg%3A2bddb8d4-1c58-46a9-9359-88b542f5dcdf6728%7Cn%3Adigarc_881d5e4b-64f1-425e-8ceb-5e44d2b69b37%7Cd%3A302; expires=Tue, 19-May-2026 00:59:41 GMT; Max-Age=30; path=/; secure
    - content-security-policy: default-src 'self' https: data: blob:; script-src 'self' https: 'unsafe-inline' 'unsafe-eval'; style-src 'self' https: 'unsafe-inline'; img-src 'self' https: data:; font-src 'self' https: data:; object-src 'none'; base-uri 'self'; frame-ancestors 'self';
    - x-cache-hit: 1
    - last-modified: Tue, 19 May 2026 00:30:00 GMT
    - expires: Thu, 19 Nov 1981 08:52:00 GMT
    - cache-control: no-store, no-cache, must-revalidate
    - pragma: no-cache
    - vary: Accept-Encoding
    - content-encoding: gzip
    - x-frame-options: SAMEORIGIN
    - x-content-type-options: nosniff
    - server: director
    - strict-transport-security: max-age=31536000; includeSubDomains

[no-content] No extracted text for https://catalog.csustan.edu/preview_program.php?catoid=32&poid=4597.
[playwright.request-second-pass error] APIRequestContext.get: Timeout 30000ms exceeded.
Call log:
  - → GET https://catalog.sjsu.edu/preview_program.php?catoid=13&poid=6409
    - user-agent: Playwright/1.57.0-beta-1764944708000 (x64; rocky 9.7) python/3.12
    - accept: */*
    - accept-encoding: gzip,deflate,br
  - ← 302 Found
    - date: Tue, 19 May 2026 00:58:58 GMT
    - content-type: text/html; charset=UTF-8
    - content-length: 0
    - connection: keep-alive
    - set-cookie: AWSALB=wXf1VgIxnE2DP7A25Js9wairDQhZ+4xz4yO7iiSsIsUgnxlRDdDqzVm3MPJZKqZrhCf8KakiKWt7UQWoM17h3NwiVEJeNAOGrIwesCkdsnZ98gdHyTiI8aAqrFDv; Expires=Tue, 26 May 2026 00:58:58 GMT; Path=/; secure,AWSALBCORS=wXf1VgIxnE2DP7A25Js9wairDQhZ+4xz4yO7iiSsIsUgnxlRDdDqzVm3MPJZKqZrhCf8KakiKWt7UQWoM17h3NwiVEJeNAOGrIwesCkdsnZ98gdHyTiI8aAqrFDv; Expires=Tue, 26 May 2026 00:58:58 GMT; Path=/; secure; SameSite=None,acalog_theme=1; expires=Mon, 19-Sep-3025 00:59:58 GMT; Max-Age=31536000060; path=/; secure,PHPSESSID=fe51dad543b0130d12c2bb6471d9088c; path=/; secure; HttpOnly,PHPSESSID=fe51dad543b0130d12c2bb6471d9088c; path=/; secure; HttpOnly
    - expires: Thu, 19 Nov 1981 08:52:00 GMT
    - cache-control: no-store, no-cache, must-revalidate
    - pragma: no-cache
    - location: content.php?catoid=13
    - x-frame-options: SAMEORIGIN
    - x-content-type-options: nosniff
    - server: director
    - strict-transport-security: max-age=31536000; includeSubDomains
  - → GET https://catalog.sjsu.edu/content.php?catoid=13
    - user-agent: Playwright/1.57.0-beta-1764944708000 (x64; rocky 9.7) python/3.12
    - accept: */*
    - accept-encoding: gzip,deflate,br
    - cookie: AWSALB=wXf1VgIxnE2DP7A25Js9wairDQhZ+4xz4yO7iiSsIsUgnxlRDdDqzVm3MPJZKqZrhCf8KakiKWt7UQWoM17h3NwiVEJeNAOGrIwesCkdsnZ98gdHyTiI8aAqrFDv; AWSALBCORS=wXf1VgIxnE2DP7A25Js9wairDQhZ+4xz4yO7iiSsIsUgnxlRDdDqzVm3MPJZKqZrhCf8KakiKWt7UQWoM17h3NwiVEJeNAOGrIwesCkdsnZ98gdHyTiI8aAqrFDv; acalog_theme=1; PHPSESSID=fe51dad543b0130d12c2bb6471d9088c
  - ← 302 Found
    - date: Tue, 19 May 2026 00:59:04 GMT
    - content-type: text/html; charset=UTF-8
    - content-length: 0
    - connection: keep-alive
    - set-cookie: AWSALB=4HaHUQgk3Dc5D4Ly/UXtByK5HRKKFDNYy6VrwX2l9edecZ5GMmYMtfwWqXlnON6Q25abDiSTxbkDRtAQWTxk+STTZxHlhTELsZXzo3TbuQFuwJSXLhLlGRpKMhDR; Expires=Tue, 26 May 2026 00:59:04 GMT; Path=/; secure,AWSALBCORS=4HaHUQgk3Dc5D4Ly/UXtByK5HRKKFDNYy6VrwX2l9edecZ5GMmYMtfwWqXlnON6Q25abDiSTxbkDRtAQWTxk+STTZxHlhTELsZXzo3TbuQFuwJSXLhLlGRpKMhDR; Expires=Tue, 26 May 2026 00:59:04 GMT; Path=/; secure; SameSite=None,PHPSESSID=fe51dad543b0130d12c2bb6471d9088c; path=/; secure; HttpOnly
    - x-cache-hit: 1
    - last-modified: Tue, 19 May 2026 00:09:09 GMT
    - expires: Thu, 19 Nov 1981 08:52:00 GMT
    - cache-control: no-store, no-cache, must-revalidate
    - pragma: no-cache
    - location: /index.php?catoid=13
    - x-frame-options: SAMEORIGIN
    - x-content-type-options: nosniff
    - server: director
    - strict-transport-security: max-age=31536000; includeSubDomains
  - → GET https://catalog.sjsu.edu/index.php?catoid=13
    - user-agent: Playwright/1.57.0-beta-1764944708000 (x64; rocky 9.7) python/3.12
    - accept: */*
    - accept-encoding: gzip,deflate,br
    - cookie: AWSALB=4HaHUQgk3Dc5D4Ly/UXtByK5HRKKFDNYy6VrwX2l9edecZ5GMmYMtfwWqXlnON6Q25abDiSTxbkDRtAQWTxk+STTZxHlhTELsZXzo3TbuQFuwJSXLhLlGRpKMhDR; AWSALBCORS=4HaHUQgk3Dc5D4Ly/UXtByK5HRKKFDNYy6VrwX2l9edecZ5GMmYMtfwWqXlnON6Q25abDiSTxbkDRtAQWTxk+STTZxHlhTELsZXzo3TbuQFuwJSXLhLlGRpKMhDR; acalog_theme=1; PHPSESSID=fe51dad543b0130d12c2bb6471d9088c
  - ← 200 OK
    - date: Tue, 19 May 2026 00:59:08 GMT
    - content-type: text/html; charset=UTF-8
    - content-length: 10051
    - connection: keep-alive
    - set-cookie: AWSALB=hT0VY8yKpCp1VsmuDnKW7YPHKUp45PX6POzI1t4LGQZ9zkQmDcbBvN7PPDKJ4+PcuoeIMaX0crl16UT3fTvaCq8m3Gci9WCLDyOwXfjP7d7cnfwHQmGlwq2eqinK; Expires=Tue, 26 May 2026 00:59:08 GMT; Path=/; secure,AWSALBCORS=hT0VY8yKpCp1VsmuDnKW7YPHKUp45PX6POzI1t4LGQZ9zkQmDcbBvN7PPDKJ4+PcuoeIMaX0crl16UT3fTvaCq8m3Gci9WCLDyOwXfjP7d7cnfwHQmGlwq2eqinK; Expires=Tue, 26 May 2026 00:59:08 GMT; Path=/; secure; SameSite=None,PHPSESSID=fe51dad543b0130d12c2bb6471d9088c; path=/; secure; HttpOnly,ADRUM_BT=R%3A0%7Cg%3A89785cb5-bd6d-4618-b1a7-7842e048d42f947%7Cn%3Adigarc_881d5e4b-64f1-425e-8ceb-5e44d2b69b37%7Ci%3A580111%7Cd%3A266%7Ce%3A215; expires=Tue, 19-May-2026 00:59:38 GMT; Max-Age=30; path=/; secure
    - x-cache-hit: 1
    - last-modified: Tue, 19 May 2026 00:09:09 GMT
    - expires: Thu, 19 Nov 1981 08:52:00 GMT
    - cache-control: no-store, no-cache, must-revalidate
    - pragma: no-cache
    - vary: Accept-Encoding
    - content-encoding: gzip
    - x-frame-options: SAMEORIGIN
    - x-content-type-options: nosniff
    - server: director
    - strict-transport-security: max-age=31536000; includeSubDomains

[no-content] No extracted text for https://catalog.sjsu.edu/preview_program.php?catoid=13&poid=6409.
[playwright.request-second-pass error] APIRequestContext.get: Timeout 30000ms exceeded.
Call log:
  - → GET https://catalog.sjsu.edu/preview_program.php?catoid=13&poid=6408
    - user-agent: Playwright/1.57.0-beta-1764944708000 (x64; rocky 9.7) python/3.12
    - accept: */*
    - accept-encoding: gzip,deflate,br
  - ← 302 Found
    - date: Tue, 19 May 2026 00:59:00 GMT
    - content-type: text/html; charset=UTF-8
    - content-length: 0
    - connection: keep-alive
    - set-cookie: AWSALB=NNYurAwytPtFluO16Jwl4DaxW5j7bSRRJtb7L1pcNhBw3dn/83sbk53qogWXjHG2kxKesp05/dPOjKLEkLNV0Iw9XtxoUFhKnz0xEaEI+UqQSVjdtiOykmmMUU2j; Expires=Tue, 26 May 2026 00:59:00 GMT; Path=/; secure,AWSALBCORS=NNYurAwytPtFluO16Jwl4DaxW5j7bSRRJtb7L1pcNhBw3dn/83sbk53qogWXjHG2kxKesp05/dPOjKLEkLNV0Iw9XtxoUFhKnz0xEaEI+UqQSVjdtiOykmmMUU2j; Expires=Tue, 26 May 2026 00:59:00 GMT; Path=/; secure; SameSite=None,acalog_theme=1; expires=Mon, 19-Sep-3025 01:00:00 GMT; Max-Age=31536000060; path=/; secure,PHPSESSID=8cd9834880f8fc9898ab85bc49568f91; path=/; secure; HttpOnly,PHPSESSID=8cd9834880f8fc9898ab85bc49568f91; path=/; secure; HttpOnly
    - expires: Thu, 19 Nov 1981 08:52:00 GMT
    - cache-control: no-store, no-cache, must-revalidate
    - pragma: no-cache
    - location: content.php?catoid=13
    - x-frame-options: SAMEORIGIN
    - x-content-type-options: nosniff
    - server: director
    - strict-transport-security: max-age=31536000; includeSubDomains
  - → GET https://catalog.sjsu.edu/content.php?catoid=13
    - user-agent: Playwright/1.57.0-beta-1764944708000 (x64; rocky 9.7) python/3.12
    - accept: */*
    - accept-encoding: gzip,deflate,br
    - cookie: AWSALB=NNYurAwytPtFluO16Jwl4DaxW5j7bSRRJtb7L1pcNhBw3dn/83sbk53qogWXjHG2kxKesp05/dPOjKLEkLNV0Iw9XtxoUFhKnz0xEaEI+UqQSVjdtiOykmmMUU2j; AWSALBCORS=NNYurAwytPtFluO16Jwl4DaxW5j7bSRRJtb7L1pcNhBw3dn/83sbk53qogWXjHG2kxKesp05/dPOjKLEkLNV0Iw9XtxoUFhKnz0xEaEI+UqQSVjdtiOykmmMUU2j; acalog_theme=1; PHPSESSID=8cd9834880f8fc9898ab85bc49568f91
  - ← 302 Found
    - date: Tue, 19 May 2026 00:59:05 GMT
    - content-type: text/html; charset=UTF-8
    - content-length: 0
    - connection: keep-alive
    - set-cookie: AWSALB=6HsqrliAYF1yr/e9G6dLic6YOCOUJG4zMrWsxXGsfdStwgHYDBEwD+mT1QeWfHMDThACPJSkuWnVXBQgcuh7WAFiqP1w336UVP58kLngCF6N2hoIf7nHNZ/erH0z; Expires=Tue, 26 May 2026 00:59:05 GMT; Path=/; secure,AWSALBCORS=6HsqrliAYF1yr/e9G6dLic6YOCOUJG4zMrWsxXGsfdStwgHYDBEwD+mT1QeWfHMDThACPJSkuWnVXBQgcuh7WAFiqP1w336UVP58kLngCF6N2hoIf7nHNZ/erH0z; Expires=Tue, 26 May 2026 00:59:05 GMT; Path=/; secure; SameSite=None,PHPSESSID=8cd9834880f8fc9898ab85bc49568f91; path=/; secure; HttpOnly
    - x-cache-hit: 1
    - last-modified: Tue, 19 May 2026 00:09:09 GMT
    - expires: Thu, 19 Nov 1981 08:52:00 GMT
    - cache-control: no-store, no-cache, must-revalidate
    - pragma: no-cache
    - location: /index.php?catoid=13
    - x-frame-options: SAMEORIGIN
    - x-content-type-options: nosniff
    - server: director
    - strict-transport-security: max-age=31536000; includeSubDomains
  - → GET https://catalog.sjsu.edu/index.php?catoid=13
    - user-agent: Playwright/1.57.0-beta-1764944708000 (x64; rocky 9.7) python/3.12
    - accept: */*
    - accept-encoding: gzip,deflate,br
    - cookie: AWSALB=6HsqrliAYF1yr/e9G6dLic6YOCOUJG4zMrWsxXGsfdStwgHYDBEwD+mT1QeWfHMDThACPJSkuWnVXBQgcuh7WAFiqP1w336UVP58kLngCF6N2hoIf7nHNZ/erH0z; AWSALBCORS=6HsqrliAYF1yr/e9G6dLic6YOCOUJG4zMrWsxXGsfdStwgHYDBEwD+mT1QeWfHMDThACPJSkuWnVXBQgcuh7WAFiqP1w336UVP58kLngCF6N2hoIf7nHNZ/erH0z; acalog_theme=1; PHPSESSID=8cd9834880f8fc9898ab85bc49568f91
  - ← 200 OK
    - date: Tue, 19 May 2026 00:59:11 GMT
    - content-type: text/html; charset=UTF-8
    - content-length: 10051
    - connection: keep-alive
    - set-cookie: AWSALB=P4LqentOWBkcK5dFWPAUq1LpkpsDlag1+Vpy9ujuPAgwILQdmUDgSaEqnzpHq5KtPJ/IMllCwAE12Q8VJketoOr7brEtFl7U+DUhHsQLkwQXWW6SJKk9i0fyg2hj; Expires=Tue, 26 May 2026 00:59:11 GMT; Path=/; secure,AWSALBCORS=P4LqentOWBkcK5dFWPAUq1LpkpsDlag1+Vpy9ujuPAgwILQdmUDgSaEqnzpHq5KtPJ/IMllCwAE12Q8VJketoOr7brEtFl7U+DUhHsQLkwQXWW6SJKk9i0fyg2hj; Expires=Tue, 26 May 2026 00:59:11 GMT; Path=/; secure; SameSite=None,PHPSESSID=8cd9834880f8fc9898ab85bc49568f91; path=/; secure; HttpOnly,ADRUM_BT=R%3A0%7Cg%3A43f6eaa8-d21b-4a81-b2ec-04171fcc4e7b387%7Cn%3Adigarc_881d5e4b-64f1-425e-8ceb-5e44d2b69b37%7Ci%3A580111%7Cd%3A282%7Ce%3A215; expires=Tue, 19-May-2026 00:59:41 GMT; Max-Age=30; path=/; secure
    - x-cache-hit: 1
    - last-modified: Tue, 19 May 2026 00:09:09 GMT
    - expires: Thu, 19 Nov 1981 08:52:00 GMT
    - cache-control: no-store, no-cache, must-revalidate
    - pragma: no-cache
    - vary: Accept-Encoding
    - content-encoding: gzip
    - x-frame-options: SAMEORIGIN
    - x-content-type-options: nosniff
    - server: director
    - strict-transport-security: max-age=31536000; includeSubDomains

[no-content] No extracted text for https://catalog.sjsu.edu/preview_program.php?catoid=13&poid=6408.
[playwright.request-second-pass error] APIRequestContext.get: Timeout 30000ms exceeded.
Call log:
  - → GET https://catalogue.usc.edu/preview_program.php?catoid=18&poid=26332
    - user-agent: Playwright/1.57.0-beta-1764944708000 (x64; rocky 9.7) python/3.12
    - accept: */*
    - accept-encoding: gzip,deflate,br
  - ← 302 Found
    - date: Tue, 19 May 2026 00:58:59 GMT
    - content-type: text/html; charset=UTF-8
    - content-length: 0
    - connection: keep-alive
    - content-security-policy: default-src 'self' https: data: blob:; script-src 'self' https: 'unsafe-inline' 'unsafe-eval'; style-src 'self' https: 'unsafe-inline'; img-src 'self' https: data:; font-src 'self' https: data:; object-src 'none'; base-uri 'self'; frame-ancestors 'self';
    - set-cookie: acalog_theme=1; expires=Mon, 19-Sep-3025 00:59:59 GMT; Max-Age=31536000060; path=/; secure,PHPSESSID=3f153beb76f3013a873dc66f05a7f498; path=/; secure; HttpOnly,PHPSESSID=3f153beb76f3013a873dc66f05a7f498; path=/; secure; HttpOnly
    - x-cache-hit: 1
    - last-modified: Tue, 19 May 2026 00:56:41 GMT
    - expires: Thu, 19 Nov 1981 08:52:00 GMT
    - cache-control: no-store, no-cache, must-revalidate
    - pragma: no-cache
    - location: content.php?catoid=18
    - x-frame-options: SAMEORIGIN
    - x-content-type-options: nosniff
    - server: director
    - strict-transport-security: max-age=31536000; includeSubDomains
  - → GET https://catalogue.usc.edu/content.php?catoid=18
    - user-agent: Playwright/1.57.0-beta-1764944708000 (x64; rocky 9.7) python/3.12
    - accept: */*
    - accept-encoding: gzip,deflate,br
    - cookie: acalog_theme=1; PHPSESSID=3f153beb76f3013a873dc66f05a7f498
  - ← 302 Found
    - date: Tue, 19 May 2026 00:59:04 GMT
    - content-type: text/html; charset=UTF-8
    - content-length: 0
    - connection: keep-alive
    - content-security-policy: default-src 'self' https: data: blob:; script-src 'self' https: 'unsafe-inline' 'unsafe-eval'; style-src 'self' https: 'unsafe-inline'; img-src 'self' https: data:; font-src 'self' https: data:; object-src 'none'; base-uri 'self'; frame-ancestors 'self';
    - x-cache-hit: 1
    - last-modified: Tue, 19 May 2026 00:56:41 GMT
    - expires: Thu, 19 Nov 1981 08:52:00 GMT
    - cache-control: no-store, no-cache, must-revalidate
    - pragma: no-cache
    - set-cookie: PHPSESSID=3f153beb76f3013a873dc66f05a7f498; path=/; secure; HttpOnly
    - location: /index.php?catoid=18
    - x-frame-options: SAMEORIGIN
    - x-content-type-options: nosniff
    - server: director
    - strict-transport-security: max-age=31536000; includeSubDomains
  - → GET https://catalogue.usc.edu/index.php?catoid=18
    - user-agent: Playwright/1.57.0-beta-1764944708000 (x64; rocky 9.7) python/3.12
    - accept: */*
    - accept-encoding: gzip,deflate,br
    - cookie: acalog_theme=1; PHPSESSID=3f153beb76f3013a873dc66f05a7f498
  - ← 200 OK
    - date: Tue, 19 May 2026 00:59:09 GMT
    - content-type: text/html; charset=UTF-8
    - content-length: 7347
    - connection: keep-alive
    - content-security-policy: default-src 'self' https: data: blob:; script-src 'self' https: 'unsafe-inline' 'unsafe-eval'; style-src 'self' https: 'unsafe-inline'; img-src 'self' https: data:; font-src 'self' https: data:; object-src 'none'; base-uri 'self'; frame-ancestors 'self';
    - x-cache-hit: 1
    - last-modified: Tue, 19 May 2026 00:56:41 GMT
    - expires: Thu, 19 Nov 1981 08:52:00 GMT
    - cache-control: no-store, no-cache, must-revalidate
    - pragma: no-cache
    - set-cookie: PHPSESSID=3f153beb76f3013a873dc66f05a7f498; path=/; secure; HttpOnly,ADRUM_BT=R%3A0%7Cg%3Ad9da5644-2179-4b90-943d-76c164ffb678153%7Cn%3Adigarc_881d5e4b-64f1-425e-8ceb-5e44d2b69b37%7Cd%3A231; expires=Tue, 19-May-2026 00:59:39 GMT; Max-Age=30; path=/; secure
    - vary: Accept-Encoding
    - content-encoding: gzip
    - x-frame-options: SAMEORIGIN
    - x-content-type-options: nosniff
    - server: director
    - strict-transport-security: max-age=31536000; includeSubDomains

[no-content] No extracted text for https://catalogue.usc.edu/preview_program.php?catoid=18&poid=26332.
[playwright.request-second-pass error] APIRequestContext.get: Timeout 30000ms exceeded.
Call log:
  - → GET https://catalog.sjsu.edu/preview_program.php?catoid=13&poid=6405
    - user-agent: Playwright/1.57.0-beta-1764944708000 (x64; rocky 9.7) python/3.12
    - accept: */*
    - accept-encoding: gzip,deflate,br
  - ← 302 Found
    - date: Tue, 19 May 2026 00:58:59 GMT
    - content-type: text/html; charset=UTF-8
    - content-length: 0
    - connection: keep-alive
    - set-cookie: AWSALB=ucuaWfxh2IXsf0iPMAlZXVbgwXxzmFP+LJX87O1egtl3EsViwOVJ81Z2h1m+SCzE5N5rsPJoN31Qp+nDaOmt1Xh2Kwh7HU9VF3U8GTm62lRx6otzx3G6mVWAocwB; Expires=Tue, 26 May 2026 00:58:59 GMT; Path=/; secure,AWSALBCORS=ucuaWfxh2IXsf0iPMAlZXVbgwXxzmFP+LJX87O1egtl3EsViwOVJ81Z2h1m+SCzE5N5rsPJoN31Qp+nDaOmt1Xh2Kwh7HU9VF3U8GTm62lRx6otzx3G6mVWAocwB; Expires=Tue, 26 May 2026 00:58:59 GMT; Path=/; secure; SameSite=None,acalog_theme=1; expires=Mon, 19-Sep-3025 00:59:59 GMT; Max-Age=31536000060; path=/; secure,PHPSESSID=7c72dd6ce6a28d8bf641c74c6b3266c8; path=/; secure; HttpOnly,PHPSESSID=7c72dd6ce6a28d8bf641c74c6b3266c8; path=/; secure; HttpOnly
    - expires: Thu, 19 Nov 1981 08:52:00 GMT
    - cache-control: no-store, no-cache, must-revalidate
    - pragma: no-cache
    - location: content.php?catoid=13
    - x-frame-options: SAMEORIGIN
    - x-content-type-options: nosniff
    - server: director
    - strict-transport-security: max-age=31536000; includeSubDomains
  - → GET https://catalog.sjsu.edu/content.php?catoid=13
    - user-agent: Playwright/1.57.0-beta-1764944708000 (x64; rocky 9.7) python/3.12
    - accept: */*
    - accept-encoding: gzip,deflate,br
    - cookie: AWSALB=ucuaWfxh2IXsf0iPMAlZXVbgwXxzmFP+LJX87O1egtl3EsViwOVJ81Z2h1m+SCzE5N5rsPJoN31Qp+nDaOmt1Xh2Kwh7HU9VF3U8GTm62lRx6otzx3G6mVWAocwB; AWSALBCORS=ucuaWfxh2IXsf0iPMAlZXVbgwXxzmFP+LJX87O1egtl3EsViwOVJ81Z2h1m+SCzE5N5rsPJoN31Qp+nDaOmt1Xh2Kwh7HU9VF3U8GTm62lRx6otzx3G6mVWAocwB; acalog_theme=1; PHPSESSID=7c72dd6ce6a28d8bf641c74c6b3266c8
  - ← 302 Found
    - date: Tue, 19 May 2026 00:59:04 GMT
    - content-type: text/html; charset=UTF-8
    - content-length: 0
    - connection: keep-alive
    - set-cookie: AWSALB=2VlY7WeBFz04GBwyh7/Ik7aYhD0VoxgGcbcYV1IY7DlWQaaijEr4kS5rd5+Ck5RV2FS2OoV6yFaCUScEhEICa2WhDQvhmxOpWdVMmfmpGbHf+gV9XPFo1tOR27GQ; Expires=Tue, 26 May 2026 00:59:04 GMT; Path=/; secure,AWSALBCORS=2VlY7WeBFz04GBwyh7/Ik7aYhD0VoxgGcbcYV1IY7DlWQaaijEr4kS5rd5+Ck5RV2FS2OoV6yFaCUScEhEICa2WhDQvhmxOpWdVMmfmpGbHf+gV9XPFo1tOR27GQ; Expires=Tue, 26 May 2026 00:59:04 GMT; Path=/; secure; SameSite=None,PHPSESSID=7c72dd6ce6a28d8bf641c74c6b3266c8; path=/; secure; HttpOnly
    - x-cache-hit: 1
    - last-modified: Tue, 19 May 2026 00:09:09 GMT
    - expires: Thu, 19 Nov 1981 08:52:00 GMT
    - cache-control: no-store, no-cache, must-revalidate
    - pragma: no-cache
    - location: /index.php?catoid=13
    - x-frame-options: SAMEORIGIN
    - x-content-type-options: nosniff
    - server: director
    - strict-transport-security: max-age=31536000; includeSubDomains
  - → GET https://catalog.sjsu.edu/index.php?catoid=13
    - user-agent: Playwright/1.57.0-beta-1764944708000 (x64; rocky 9.7) python/3.12
    - accept: */*
    - accept-encoding: gzip,deflate,br
    - cookie: AWSALB=2VlY7WeBFz04GBwyh7/Ik7aYhD0VoxgGcbcYV1IY7DlWQaaijEr4kS5rd5+Ck5RV2FS2OoV6yFaCUScEhEICa2WhDQvhmxOpWdVMmfmpGbHf+gV9XPFo1tOR27GQ; AWSALBCORS=2VlY7WeBFz04GBwyh7/Ik7aYhD0VoxgGcbcYV1IY7DlWQaaijEr4kS5rd5+Ck5RV2FS2OoV6yFaCUScEhEICa2WhDQvhmxOpWdVMmfmpGbHf+gV9XPFo1tOR27GQ; acalog_theme=1; PHPSESSID=7c72dd6ce6a28d8bf641c74c6b3266c8
  - ← 200 OK
    - date: Tue, 19 May 2026 00:59:10 GMT
    - content-type: text/html; charset=UTF-8
    - content-length: 10051
    - connection: keep-alive
    - set-cookie: AWSALB=lceRpRtC/7AHvP74BWGAM6dYGlGdcYhQ8G2qCbD9K1vUkXOlnLzMw49uQF5ibf+TdP/bFxKom6wsF8lVpdvlFitwL0jVWAccIOaLAnPZmz5T0vu6ThdVGAYFwy1G; Expires=Tue, 26 May 2026 00:59:10 GMT; Path=/; secure,AWSALBCORS=lceRpRtC/7AHvP74BWGAM6dYGlGdcYhQ8G2qCbD9K1vUkXOlnLzMw49uQF5ibf+TdP/bFxKom6wsF8lVpdvlFitwL0jVWAccIOaLAnPZmz5T0vu6ThdVGAYFwy1G; Expires=Tue, 26 May 2026 00:59:10 GMT; Path=/; secure; SameSite=None,PHPSESSID=7c72dd6ce6a28d8bf641c74c6b3266c8; path=/; secure; HttpOnly,ADRUM_BT=R%3A0%7Cg%3A1f9a0a40-8e6d-4c88-aecb-472192fe2fe9971%7Cn%3Adigarc_881d5e4b-64f1-425e-8ceb-5e44d2b69b37%7Ci%3A580111%7Cd%3A216%7Ce%3A242; expires=Tue, 19-May-2026 00:59:40 GMT; Max-Age=30; path=/; secure
    - x-cache-hit: 1
    - last-modified: Tue, 19 May 2026 00:09:09 GMT
    - expires: Thu, 19 Nov 1981 08:52:00 GMT
    - cache-control: no-store, no-cache, must-revalidate
    - pragma: no-cache
    - vary: Accept-Encoding
    - content-encoding: gzip
    - x-frame-options: SAMEORIGIN
    - x-content-type-options: nosniff
    - server: director
    - strict-transport-security: max-age=31536000; includeSubDomains

[no-content] No extracted text for https://catalog.sjsu.edu/preview_program.php?catoid=13&poid=6405.
[playwright.request-second-pass error] APIRequestContext.get: Timeout 30000ms exceeded.
Call log:
  - → GET https://catalog.csustan.edu/preview_program.php?catoid=32&poid=4578
    - user-agent: Playwright/1.57.0-beta-1764944708000 (x64; rocky 9.7) python/3.12
    - accept: */*
    - accept-encoding: gzip,deflate,br
  - ← 302 Found
    - date: Tue, 19 May 2026 00:58:59 GMT
    - content-type: text/html; charset=UTF-8
    - content-length: 0
    - connection: keep-alive
    - set-cookie: AWSALB=YktoSr4XFB1qBIIjBL3nEtWegY0/RHcg4hT2mK19VoDplrvDHXvnc9KM7Y/j9L4yUDmeZT10F8NuQP6SPsyvm4S0YjaiWjjm1PUiP80b/1n+JhDt7oJutTMnowUc; Expires=Tue, 26 May 2026 00:58:58 GMT; Path=/; secure,AWSALBCORS=YktoSr4XFB1qBIIjBL3nEtWegY0/RHcg4hT2mK19VoDplrvDHXvnc9KM7Y/j9L4yUDmeZT10F8NuQP6SPsyvm4S0YjaiWjjm1PUiP80b/1n+JhDt7oJutTMnowUc; Expires=Tue, 26 May 2026 00:58:58 GMT; Path=/; secure; SameSite=None,acalog_theme=1; expires=Mon, 19-Sep-3025 00:59:58 GMT; Max-Age=31536000060; path=/; secure,PHPSESSID=5197ad23ee8858f225f25ffa65e8c2d3; path=/; secure; HttpOnly,PHPSESSID=5197ad23ee8858f225f25ffa65e8c2d3; path=/; secure; HttpOnly
    - content-security-policy: default-src 'self' https: data: blob:; script-src 'self' https: 'unsafe-inline' 'unsafe-eval'; style-src 'self' https: 'unsafe-inline'; img-src 'self' https: data:; font-src 'self' https: data:; object-src 'none'; base-uri 'self'; frame-ancestors 'self';
    - expires: Thu, 19 Nov 1981 08:52:00 GMT
    - cache-control: no-store, no-cache, must-revalidate
    - pragma: no-cache
    - location: content.php?catoid=32
    - x-frame-options: SAMEORIGIN
    - x-content-type-options: nosniff
    - server: director
    - strict-transport-security: max-age=31536000; includeSubDomains
  - → GET https://catalog.csustan.edu/content.php?catoid=32
    - user-agent: Playwright/1.57.0-beta-1764944708000 (x64; rocky 9.7) python/3.12
    - accept: */*
    - accept-encoding: gzip,deflate,br
    - cookie: AWSALB=YktoSr4XFB1qBIIjBL3nEtWegY0/RHcg4hT2mK19VoDplrvDHXvnc9KM7Y/j9L4yUDmeZT10F8NuQP6SPsyvm4S0YjaiWjjm1PUiP80b/1n+JhDt7oJutTMnowUc; AWSALBCORS=YktoSr4XFB1qBIIjBL3nEtWegY0/RHcg4hT2mK19VoDplrvDHXvnc9KM7Y/j9L4yUDmeZT10F8NuQP6SPsyvm4S0YjaiWjjm1PUiP80b/1n+JhDt7oJutTMnowUc; acalog_theme=1; PHPSESSID=5197ad23ee8858f225f25ffa65e8c2d3
  - ← 302 Found
    - date: Tue, 19 May 2026 00:59:03 GMT
    - content-type: text/html; charset=UTF-8
    - content-length: 0
    - connection: keep-alive
    - set-cookie: AWSALB=QtLoU3vBKHGl+tAlpVinVGEOd+5xGZbT6GtypkGOfRV9DGQuG7UtNhUTkyJ8ISc28tzWm/Jn7uK9NlRLhgCm/UcXUX0IqxUkeh+dJlahBu96jZTrCJyXgzSHsmUl; Expires=Tue, 26 May 2026 00:59:03 GMT; Path=/; secure,AWSALBCORS=QtLoU3vBKHGl+tAlpVinVGEOd+5xGZbT6GtypkGOfRV9DGQuG7UtNhUTkyJ8ISc28tzWm/Jn7uK9NlRLhgCm/UcXUX0IqxUkeh+dJlahBu96jZTrCJyXgzSHsmUl; Expires=Tue, 26 May 2026 00:59:03 GMT; Path=/; secure; SameSite=None,PHPSESSID=5197ad23ee8858f225f25ffa65e8c2d3; path=/; secure; HttpOnly
    - content-security-policy: default-src 'self' https: data: blob:; script-src 'self' https: 'unsafe-inline' 'unsafe-eval'; style-src 'self' https: 'unsafe-inline'; img-src 'self' https: data:; font-src 'self' https: data:; object-src 'none'; base-uri 'self'; frame-ancestors 'self';
    - x-cache-hit: 1
    - last-modified: Tue, 19 May 2026 00:30:00 GMT
    - expires: Thu, 19 Nov 1981 08:52:00 GMT
    - cache-control: no-store, no-cache, must-revalidate
    - pragma: no-cache
    - location: /index.php?catoid=32
    - x-frame-options: SAMEORIGIN
    - x-content-type-options: nosniff
    - server: director
    - strict-transport-security: max-age=31536000; includeSubDomains
  - → GET https://catalog.csustan.edu/index.php?catoid=32
    - user-agent: Playwright/1.57.0-beta-1764944708000 (x64; rocky 9.7) python/3.12
    - accept: */*
    - accept-encoding: gzip,deflate,br
    - cookie: AWSALB=QtLoU3vBKHGl+tAlpVinVGEOd+5xGZbT6GtypkGOfRV9DGQuG7UtNhUTkyJ8ISc28tzWm/Jn7uK9NlRLhgCm/UcXUX0IqxUkeh+dJlahBu96jZTrCJyXgzSHsmUl; AWSALBCORS=QtLoU3vBKHGl+tAlpVinVGEOd+5xGZbT6GtypkGOfRV9DGQuG7UtNhUTkyJ8ISc28tzWm/Jn7uK9NlRLhgCm/UcXUX0IqxUkeh+dJlahBu96jZTrCJyXgzSHsmUl; acalog_theme=1; PHPSESSID=5197ad23ee8858f225f25ffa65e8c2d3
  - ← 200 OK
    - date: Tue, 19 May 2026 00:59:08 GMT
    - content-type: text/html; charset=UTF-8
    - content-length: 15505
    - connection: keep-alive
    - set-cookie: AWSALB=h9kDZ64BnnRHPQGT2YTSVKSa1srGdqMi0DNzhhBCzkaIEZU0e5oxRRd3Ek2n0Vif2ocTYkS9FcpFv5c9eskm96mi0ePxHShMEY3eqf1InHPRigaRWhujuExTHvx+; Expires=Tue, 26 May 2026 00:59:08 GMT; Path=/; secure,AWSALBCORS=h9kDZ64BnnRHPQGT2YTSVKSa1srGdqMi0DNzhhBCzkaIEZU0e5oxRRd3Ek2n0Vif2ocTYkS9FcpFv5c9eskm96mi0ePxHShMEY3eqf1InHPRigaRWhujuExTHvx+; Expires=Tue, 26 May 2026 00:59:08 GMT; Path=/; secure; SameSite=None,PHPSESSID=5197ad23ee8858f225f25ffa65e8c2d3; path=/; secure; HttpOnly,ADRUM_BT=R%3A0%7Cg%3A8c5bdbed-f662-4f11-9733-ff05b889e9bb1859%7Cn%3Adigarc_881d5e4b-64f1-425e-8ceb-5e44d2b69b37%7Cd%3A323; expires=Tue, 19-May-2026 00:59:38 GMT; Max-Age=30; path=/; secure
    - content-security-policy: default-src 'self' https: data: blob:; script-src 'self' https: 'unsafe-inline' 'unsafe-eval'; style-src 'self' https: 'unsafe-inline'; img-src 'self' https: data:; font-src 'self' https: data:; object-src 'none'; base-uri 'self'; frame-ancestors 'self';
    - x-cache-hit: 1
    - last-modified: Tue, 19 May 2026 00:30:00 GMT
    - expires: Thu, 19 Nov 1981 08:52:00 GMT
    - cache-control: no-store, no-cache, must-revalidate
    - pragma: no-cache
    - vary: Accept-Encoding
    - content-encoding: gzip
    - x-frame-options: SAMEORIGIN
    - x-content-type-options: nosniff
    - server: director
    - strict-transport-security: max-age=31536000; includeSubDomains

[no-content] No extracted text for https://catalog.csustan.edu/preview_program.php?catoid=32&poid=4578.
[playwright.request-second-pass error] APIRequestContext.get: Timeout 30000ms exceeded.
Call log:
  - → GET https://catalog.sjsu.edu/preview_program.php?catoid=13&poid=6404
    - user-agent: Playwright/1.57.0-beta-1764944708000 (x64; rocky 9.7) python/3.12
    - accept: */*
    - accept-encoding: gzip,deflate,br
  - ← 302 Found
    - date: Tue, 19 May 2026 00:58:59 GMT
    - content-type: text/html; charset=UTF-8
    - content-length: 0
    - connection: keep-alive
    - set-cookie: AWSALB=SCBZX6BHtmCoe2twfxe6Pid2rhszaQxMd2ijqNSxlujTYhVQc8gjr9eAIo37409aYeMi9Wzt/eQz4TKZ/KAPrF1Pv/Lg+lzrybkA7GvdGMtzIhdftPH3JmBvP/U7; Expires=Tue, 26 May 2026 00:58:59 GMT; Path=/; secure,AWSALBCORS=SCBZX6BHtmCoe2twfxe6Pid2rhszaQxMd2ijqNSxlujTYhVQc8gjr9eAIo37409aYeMi9Wzt/eQz4TKZ/KAPrF1Pv/Lg+lzrybkA7GvdGMtzIhdftPH3JmBvP/U7; Expires=Tue, 26 May 2026 00:58:59 GMT; Path=/; secure; SameSite=None,acalog_theme=1; expires=Mon, 19-Sep-3025 00:59:59 GMT; Max-Age=31536000060; path=/; secure,PHPSESSID=91bb0b0fdd1d29cfd4f3bb9f7d077b17; path=/; secure; HttpOnly,PHPSESSID=91bb0b0fdd1d29cfd4f3bb9f7d077b17; path=/; secure; HttpOnly
    - expires: Thu, 19 Nov 1981 08:52:00 GMT
    - cache-control: no-store, no-cache, must-revalidate
    - pragma: no-cache
    - location: content.php?catoid=13
    - x-frame-options: SAMEORIGIN
    - x-content-type-options: nosniff
    - server: director
    - strict-transport-security: max-age=31536000; includeSubDomains
  - → GET https://catalog.sjsu.edu/content.php?catoid=13
    - user-agent: Playwright/1.57.0-beta-1764944708000 (x64; rocky 9.7) python/3.12
    - accept: */*
    - accept-encoding: gzip,deflate,br
    - cookie: AWSALB=SCBZX6BHtmCoe2twfxe6Pid2rhszaQxMd2ijqNSxlujTYhVQc8gjr9eAIo37409aYeMi9Wzt/eQz4TKZ/KAPrF1Pv/Lg+lzrybkA7GvdGMtzIhdftPH3JmBvP/U7; AWSALBCORS=SCBZX6BHtmCoe2twfxe6Pid2rhszaQxMd2ijqNSxlujTYhVQc8gjr9eAIo37409aYeMi9Wzt/eQz4TKZ/KAPrF1Pv/Lg+lzrybkA7GvdGMtzIhdftPH3JmBvP/U7; acalog_theme=1; PHPSESSID=91bb0b0fdd1d29cfd4f3bb9f7d077b17
  - ← 302 Found
    - date: Tue, 19 May 2026 00:59:04 GMT
    - content-type: text/html; charset=UTF-8
    - content-length: 0
    - connection: keep-alive
    - set-cookie: AWSALB=N3R6ET9g2Kdk1Y1htn6v4ou8GWfsVbLxud4aGL2910H9uDs8RebvgGiBVBrWUX96x0KgXITk7mKAMdiKI4W+EdthnUATQdEb/pZMq2cVgeHYgIZpp4wI6lGc4FVm; Expires=Tue, 26 May 2026 00:59:04 GMT; Path=/; secure,AWSALBCORS=N3R6ET9g2Kdk1Y1htn6v4ou8GWfsVbLxud4aGL2910H9uDs8RebvgGiBVBrWUX96x0KgXITk7mKAMdiKI4W+EdthnUATQdEb/pZMq2cVgeHYgIZpp4wI6lGc4FVm; Expires=Tue, 26 May 2026 00:59:04 GMT; Path=/; secure; SameSite=None,PHPSESSID=91bb0b0fdd1d29cfd4f3bb9f7d077b17; path=/; secure; HttpOnly
    - x-cache-hit: 1
    - last-modified: Tue, 19 May 2026 00:09:09 GMT
    - expires: Thu, 19 Nov 1981 08:52:00 GMT
    - cache-control: no-store, no-cache, must-revalidate
    - pragma: no-cache
    - location: /index.php?catoid=13
    - x-frame-options: SAMEORIGIN
    - x-content-type-options: nosniff
    - server: director
    - strict-transport-security: max-age=31536000; includeSubDomains
  - → GET https://catalog.sjsu.edu/index.php?catoid=13
    - user-agent: Playwright/1.57.0-beta-1764944708000 (x64; rocky 9.7) python/3.12
    - accept: */*
    - accept-encoding: gzip,deflate,br
    - cookie: AWSALB=N3R6ET9g2Kdk1Y1htn6v4ou8GWfsVbLxud4aGL2910H9uDs8RebvgGiBVBrWUX96x0KgXITk7mKAMdiKI4W+EdthnUATQdEb/pZMq2cVgeHYgIZpp4wI6lGc4FVm; AWSALBCORS=N3R6ET9g2Kdk1Y1htn6v4ou8GWfsVbLxud4aGL2910H9uDs8RebvgGiBVBrWUX96x0KgXITk7mKAMdiKI4W+EdthnUATQdEb/pZMq2cVgeHYgIZpp4wI6lGc4FVm; acalog_theme=1; PHPSESSID=91bb0b0fdd1d29cfd4f3bb9f7d077b17
  - ← 200 OK
    - date: Tue, 19 May 2026 00:59:09 GMT
    - content-type: text/html; charset=UTF-8
    - content-length: 10051
    - connection: keep-alive
    - set-cookie: AWSALB=nEQ5kvVVIdpSgOSvJ7COUyhhYyf96CRg/fLYKg5BBACnCkygZ8iTnDnx+UQhJMjqoivCgdfNKHxi6tJzkLbsVK0cHcL74QbIRHeIOvz7lHCSTItQySMD027uFI+U; Expires=Tue, 26 May 2026 00:59:08 GMT; Path=/; secure,AWSALBCORS=nEQ5kvVVIdpSgOSvJ7COUyhhYyf96CRg/fLYKg5BBACnCkygZ8iTnDnx+UQhJMjqoivCgdfNKHxi6tJzkLbsVK0cHcL74QbIRHeIOvz7lHCSTItQySMD027uFI+U; Expires=Tue, 26 May 2026 00:59:08 GMT; Path=/; secure; SameSite=None,PHPSESSID=91bb0b0fdd1d29cfd4f3bb9f7d077b17; path=/; secure; HttpOnly,ADRUM_BT=R%3A0%7Cg%3Ac1cdace4-8054-4244-a780-c30f131d0488990%7Cn%3Adigarc_881d5e4b-64f1-425e-8ceb-5e44d2b69b37%7Ci%3A580111%7Cd%3A361%7Ce%3A344; expires=Tue, 19-May-2026 00:59:39 GMT; Max-Age=30; path=/; secure
    - x-cache-hit: 1
    - last-modified: Tue, 19 May 2026 00:09:09 GMT
    - expires: Thu, 19 Nov 1981 08:52:00 GMT
    - cache-control: no-store, no-cache, must-revalidate
    - pragma: no-cache
    - vary: Accept-Encoding
    - content-encoding: gzip
    - x-frame-options: SAMEORIGIN
    - x-content-type-options: nosniff
    - server: director
    - strict-transport-security: max-age=31536000; includeSubDomains

[no-content] No extracted text for https://catalog.sjsu.edu/preview_program.php?catoid=13&poid=6404.
[playwright.request-second-pass error] APIRequestContext.get: Timeout 30000ms exceeded.
Call log:
  - → GET https://www.csusm.edu/admissions/index.html
    - user-agent: Playwright/1.57.0-beta-1764944708000 (x64; rocky 9.7) python/3.12
    - accept: */*
    - accept-encoding: gzip,deflate,br
  - ← 200 OK
    - date: Tue, 19 May 2026 00:58:56 GMT
    - expires: Thu, 19 Nov 1981 08:52:00 GMT
    - cache-control: no-store, no-cache, must-revalidate
    - pragma: no-cache
    - set-cookie: SimpleSAML=s6u91o2bhcfvmgm14sifogfftk; path=/; HttpOnly,NSC_xxxot_iuuqt_mc=ffffffff932d36fc45525d5f4f58455e445a4a42378b;expires=Tue, 19-May-2026 01:58:56 GMT;path=/;secure;httponly
    - strict-transport-security: max-age=63072000
    - x-xss-protection: 1; mode=block
    - x-content-type-options: nosniff
    - access-control-allow-origin: *
    - keep-alive: timeout=5, max=98
    - connection: Keep-Alive
    - transfer-encoding: chunked
    - content-type: text/html; charset=UTF-8

[no-content] No extracted text for https://www.csusm.edu/admissions/index.html.
[playwright] Hydration condition met for https://making-waves.org
[playwright.request-second-pass error] APIRequestContext.get: Timeout 30000ms exceeded.
Call log:
  - → GET https://catalogue.usc.edu/preview_program.php?catoid=18&poid=26375
    - user-agent: Playwright/1.57.0-beta-1764944708000 (x64; rocky 9.7) python/3.12
    - accept: */*
    - accept-encoding: gzip,deflate,br
  - ← 302 Found
    - date: Tue, 19 May 2026 00:58:59 GMT
    - content-type: text/html; charset=UTF-8
    - content-length: 0
    - connection: keep-alive
    - content-security-policy: default-src 'self' https: data: blob:; script-src 'self' https: 'unsafe-inline' 'unsafe-eval'; style-src 'self' https: 'unsafe-inline'; img-src 'self' https: data:; font-src 'self' https: data:; object-src 'none'; base-uri 'self'; frame-ancestors 'self';
    - set-cookie: acalog_theme=1; expires=Mon, 19-Sep-3025 00:59:59 GMT; Max-Age=31536000060; path=/; secure,PHPSESSID=1c234aae61fb5419df3711ab2c9de59f; path=/; secure; HttpOnly,PHPSESSID=1c234aae61fb5419df3711ab2c9de59f; path=/; secure; HttpOnly
    - x-cache-hit: 1
    - last-modified: Tue, 19 May 2026 00:56:41 GMT
    - expires: Thu, 19 Nov 1981 08:52:00 GMT
    - cache-control: no-store, no-cache, must-revalidate
    - pragma: no-cache
    - location: content.php?catoid=18
    - x-frame-options: SAMEORIGIN
    - x-content-type-options: nosniff
    - server: director
    - strict-transport-security: max-age=31536000; includeSubDomains
  - → GET https://catalogue.usc.edu/content.php?catoid=18
    - user-agent: Playwright/1.57.0-beta-1764944708000 (x64; rocky 9.7) python/3.12
    - accept: */*
    - accept-encoding: gzip,deflate,br
    - cookie: acalog_theme=1; PHPSESSID=1c234aae61fb5419df3711ab2c9de59f
  - ← 302 Found
    - date: Tue, 19 May 2026 00:59:04 GMT
    - content-type: text/html; charset=UTF-8
    - content-length: 0
    - connection: keep-alive
    - content-security-policy: default-src 'self' https: data: blob:; script-src 'self' https: 'unsafe-inline' 'unsafe-eval'; style-src 'self' https: 'unsafe-inline'; img-src 'self' https: data:; font-src 'self' https: data:; object-src 'none'; base-uri 'self'; frame-ancestors 'self';
    - x-cache-hit: 1
    - last-modified: Tue, 19 May 2026 00:56:41 GMT
    - expires: Thu, 19 Nov 1981 08:52:00 GMT
    - cache-control: no-store, no-cache, must-revalidate
    - pragma: no-cache
    - set-cookie: PHPSESSID=1c234aae61fb5419df3711ab2c9de59f; path=/; secure; HttpOnly
    - location: /index.php?catoid=18
    - x-frame-options: SAMEORIGIN
    - x-content-type-options: nosniff
    - server: director
    - strict-transport-security: max-age=31536000; includeSubDomains
  - → GET https://catalogue.usc.edu/index.php?catoid=18
    - user-agent: Playwright/1.57.0-beta-1764944708000 (x64; rocky 9.7) python/3.12
    - accept: */*
    - accept-encoding: gzip,deflate,br
    - cookie: acalog_theme=1; PHPSESSID=1c234aae61fb5419df3711ab2c9de59f
  - ← 200 OK
    - date: Tue, 19 May 2026 00:59:09 GMT
    - content-type: text/html; charset=UTF-8
    - content-length: 7347
    - connection: keep-alive
    - content-security-policy: default-src 'self' https: data: blob:; script-src 'self' https: 'unsafe-inline' 'unsafe-eval'; style-src 'self' https: 'unsafe-inline'; img-src 'self' https: data:; font-src 'self' https: data:; object-src 'none'; base-uri 'self'; frame-ancestors 'self';
    - x-cache-hit: 1
    - last-modified: Tue, 19 May 2026 00:56:41 GMT
    - expires: Thu, 19 Nov 1981 08:52:00 GMT
    - cache-control: no-store, no-cache, must-revalidate
    - pragma: no-cache
    - set-cookie: PHPSESSID=1c234aae61fb5419df3711ab2c9de59f; path=/; secure; HttpOnly,ADRUM_BT=R%3A0%7Cg%3A21e876c9-d784-4cbd-bac8-86c7087696f9179%7Cn%3Adigarc_881d5e4b-64f1-425e-8ceb-5e44d2b69b37%7Cd%3A251; expires=Tue, 19-May-2026 00:59:39 GMT; Max-Age=30; path=/; secure
    - vary: Accept-Encoding
    - content-encoding: gzip
    - x-frame-options: SAMEORIGIN
    - x-content-type-options: nosniff
    - server: director
    - strict-transport-security: max-age=31536000; includeSubDomains

[no-content] No extracted text for https://catalogue.usc.edu/preview_program.php?catoid=18&poid=26375.
[playwright.request-second-pass error] APIRequestContext.get: Timeout 30000ms exceeded.
Call log:
  - → GET https://catalogue.usc.edu/preview_program.php?catoid=18&poid=26382
    - user-agent: Playwright/1.57.0-beta-1764944708000 (x64; rocky 9.7) python/3.12
    - accept: */*
    - accept-encoding: gzip,deflate,br
  - ← 302 Found
    - date: Tue, 19 May 2026 00:58:59 GMT
    - content-type: text/html; charset=UTF-8
    - content-length: 0
    - connection: keep-alive
    - content-security-policy: default-src 'self' https: data: blob:; script-src 'self' https: 'unsafe-inline' 'unsafe-eval'; style-src 'self' https: 'unsafe-inline'; img-src 'self' https: data:; font-src 'self' https: data:; object-src 'none'; base-uri 'self'; frame-ancestors 'self';
    - set-cookie: acalog_theme=1; expires=Mon, 19-Sep-3025 00:59:59 GMT; Max-Age=31536000060; path=/; secure,PHPSESSID=e825834447acb1955f8095510ef07fbb; path=/; secure; HttpOnly,PHPSESSID=e825834447acb1955f8095510ef07fbb; path=/; secure; HttpOnly
    - x-cache-hit: 1
    - last-modified: Tue, 19 May 2026 00:56:41 GMT
    - expires: Thu, 19 Nov 1981 08:52:00 GMT
    - cache-control: no-store, no-cache, must-revalidate
    - pragma: no-cache
    - location: content.php?catoid=18
    - x-frame-options: SAMEORIGIN
    - x-content-type-options: nosniff
    - server: director
    - strict-transport-security: max-age=31536000; includeSubDomains
  - → GET https://catalogue.usc.edu/content.php?catoid=18
    - user-agent: Playwright/1.57.0-beta-1764944708000 (x64; rocky 9.7) python/3.12
    - accept: */*
    - accept-encoding: gzip,deflate,br
    - cookie: acalog_theme=1; PHPSESSID=e825834447acb1955f8095510ef07fbb
  - ← 302 Found
    - date: Tue, 19 May 2026 00:59:04 GMT
    - content-type: text/html; charset=UTF-8
    - content-length: 0
    - connection: keep-alive
    - content-security-policy: default-src 'self' https: data: blob:; script-src 'self' https: 'unsafe-inline' 'unsafe-eval'; style-src 'self' https: 'unsafe-inline'; img-src 'self' https: data:; font-src 'self' https: data:; object-src 'none'; base-uri 'self'; frame-ancestors 'self';
    - x-cache-hit: 1
    - last-modified: Tue, 19 May 2026 00:56:41 GMT
    - expires: Thu, 19 Nov 1981 08:52:00 GMT
    - cache-control: no-store, no-cache, must-revalidate
    - pragma: no-cache
    - set-cookie: PHPSESSID=e825834447acb1955f8095510ef07fbb; path=/; secure; HttpOnly
    - location: /index.php?catoid=18
    - x-frame-options: SAMEORIGIN
    - x-content-type-options: nosniff
    - server: director
    - strict-transport-security: max-age=31536000; includeSubDomains
  - → GET https://catalogue.usc.edu/index.php?catoid=18
    - user-agent: Playwright/1.57.0-beta-1764944708000 (x64; rocky 9.7) python/3.12
    - accept: */*
    - accept-encoding: gzip,deflate,br
    - cookie: acalog_theme=1; PHPSESSID=e825834447acb1955f8095510ef07fbb
  - ← 200 OK
    - date: Tue, 19 May 2026 00:59:10 GMT
    - content-type: text/html; charset=UTF-8
    - content-length: 7347
    - connection: keep-alive
    - content-security-policy: default-src 'self' https: data: blob:; script-src 'self' https: 'unsafe-inline' 'unsafe-eval'; style-src 'self' https: 'unsafe-inline'; img-src 'self' https: data:; font-src 'self' https: data:; object-src 'none'; base-uri 'self'; frame-ancestors 'self';
    - x-cache-hit: 1
    - last-modified: Tue, 19 May 2026 00:56:41 GMT
    - expires: Thu, 19 Nov 1981 08:52:00 GMT
    - cache-control: no-store, no-cache, must-revalidate
    - pragma: no-cache
    - set-cookie: PHPSESSID=e825834447acb1955f8095510ef07fbb; path=/; secure; HttpOnly,ADRUM_BT=R%3A0%7Cg%3Aced18667-2965-44a8-9bc5-8193b788a74850%7Cn%3Adigarc_881d5e4b-64f1-425e-8ceb-5e44d2b69b37%7Cd%3A181; expires=Tue, 19-May-2026 00:59:40 GMT; Max-Age=30; path=/; secure
    - vary: Accept-Encoding
    - content-encoding: gzip
    - x-frame-options: SAMEORIGIN
    - x-content-type-options: nosniff
    - server: director
    - strict-transport-security: max-age=31536000; includeSubDomains

[no-content] No extracted text for https://catalogue.usc.edu/preview_program.php?catoid=18&poid=26382.
[playwright.request-second-pass error] APIRequestContext.get: Timeout 30000ms exceeded.
Call log:
  - → GET https://catalogue.usc.edu/preview_program.php?catoid=18&poid=26386
    - user-agent: Playwright/1.57.0-beta-1764944708000 (x64; rocky 9.7) python/3.12
    - accept: */*
    - accept-encoding: gzip,deflate,br
  - ← 302 Found
    - date: Tue, 19 May 2026 00:59:01 GMT
    - content-type: text/html; charset=UTF-8
    - content-length: 0
    - connection: keep-alive
    - content-security-policy: default-src 'self' https: data: blob:; script-src 'self' https: 'unsafe-inline' 'unsafe-eval'; style-src 'self' https: 'unsafe-inline'; img-src 'self' https: data:; font-src 'self' https: data:; object-src 'none'; base-uri 'self'; frame-ancestors 'self';
    - set-cookie: acalog_theme=1; expires=Mon, 19-Sep-3025 01:00:01 GMT; Max-Age=31536000060; path=/; secure,PHPSESSID=36b13b6abf57d5a523a1ac30f51c683a; path=/; secure; HttpOnly,PHPSESSID=36b13b6abf57d5a523a1ac30f51c683a; path=/; secure; HttpOnly
    - x-cache-hit: 1
    - last-modified: Tue, 19 May 2026 00:56:41 GMT
    - expires: Thu, 19 Nov 1981 08:52:00 GMT
    - cache-control: no-store, no-cache, must-revalidate
    - pragma: no-cache
    - location: content.php?catoid=18
    - x-frame-options: SAMEORIGIN
    - x-content-type-options: nosniff
    - server: director
    - strict-transport-security: max-age=31536000; includeSubDomains
  - → GET https://catalogue.usc.edu/content.php?catoid=18
    - user-agent: Playwright/1.57.0-beta-1764944708000 (x64; rocky 9.7) python/3.12
    - accept: */*
    - accept-encoding: gzip,deflate,br
    - cookie: acalog_theme=1; PHPSESSID=36b13b6abf57d5a523a1ac30f51c683a
  - ← 302 Found
    - date: Tue, 19 May 2026 00:59:06 GMT
    - content-type: text/html; charset=UTF-8
    - content-length: 0
    - connection: keep-alive
    - content-security-policy: default-src 'self' https: data: blob:; script-src 'self' https: 'unsafe-inline' 'unsafe-eval'; style-src 'self' https: 'unsafe-inline'; img-src 'self' https: data:; font-src 'self' https: data:; object-src 'none'; base-uri 'self'; frame-ancestors 'self';
    - x-cache-hit: 1
    - last-modified: Tue, 19 May 2026 00:56:41 GMT
    - expires: Thu, 19 Nov 1981 08:52:00 GMT
    - cache-control: no-store, no-cache, must-revalidate
    - pragma: no-cache
    - set-cookie: PHPSESSID=36b13b6abf57d5a523a1ac30f51c683a; path=/; secure; HttpOnly
    - location: /index.php?catoid=18
    - x-frame-options: SAMEORIGIN
    - x-content-type-options: nosniff
    - server: director
    - strict-transport-security: max-age=31536000; includeSubDomains
  - → GET https://catalogue.usc.edu/index.php?catoid=18
    - user-agent: Playwright/1.57.0-beta-1764944708000 (x64; rocky 9.7) python/3.12
    - accept: */*
    - accept-encoding: gzip,deflate,br
    - cookie: acalog_theme=1; PHPSESSID=36b13b6abf57d5a523a1ac30f51c683a
  - ← 200 OK
    - date: Tue, 19 May 2026 00:59:09 GMT
    - content-type: text/html; charset=UTF-8
    - content-length: 7347
    - connection: keep-alive
    - content-security-policy: default-src 'self' https: data: blob:; script-src 'self' https: 'unsafe-inline' 'unsafe-eval'; style-src 'self' https: 'unsafe-inline'; img-src 'self' https: data:; font-src 'self' https: data:; object-src 'none'; base-uri 'self'; frame-ancestors 'self';
    - x-cache-hit: 1
    - last-modified: Tue, 19 May 2026 00:56:41 GMT
    - expires: Thu, 19 Nov 1981 08:52:00 GMT
    - cache-control: no-store, no-cache, must-revalidate
    - pragma: no-cache
    - set-cookie: PHPSESSID=36b13b6abf57d5a523a1ac30f51c683a; path=/; secure; HttpOnly,ADRUM_BT=R%3A0%7Cg%3Ac95d3d16-5f8e-4dfb-bd87-1839d0505840161%7Cn%3Adigarc_881d5e4b-64f1-425e-8ceb-5e44d2b69b37%7Cd%3A242; expires=Tue, 19-May-2026 00:59:39 GMT; Max-Age=30; path=/; secure
    - vary: Accept-Encoding
    - content-encoding: gzip
    - x-frame-options: SAMEORIGIN
    - x-content-type-options: nosniff
    - server: director
    - strict-transport-security: max-age=31536000; includeSubDomains

[no-content] No extracted text for https://catalogue.usc.edu/preview_program.php?catoid=18&poid=26386.
[playwright.request-second-pass error] APIRequestContext.get: Timeout 30000ms exceeded.
Call log:
  - → GET https://catalogue.usc.edu/preview_program.php?catoid=18&poid=26376
    - user-agent: Playwright/1.57.0-beta-1764944708000 (x64; rocky 9.7) python/3.12
    - accept: */*
    - accept-encoding: gzip,deflate,br
  - ← 302 Found
    - date: Tue, 19 May 2026 00:59:01 GMT
    - content-type: text/html; charset=UTF-8
    - content-length: 0
    - connection: keep-alive
    - content-security-policy: default-src 'self' https: data: blob:; script-src 'self' https: 'unsafe-inline' 'unsafe-eval'; style-src 'self' https: 'unsafe-inline'; img-src 'self' https: data:; font-src 'self' https: data:; object-src 'none'; base-uri 'self'; frame-ancestors 'self';
    - set-cookie: acalog_theme=1; expires=Mon, 19-Sep-3025 01:00:01 GMT; Max-Age=31536000060; path=/; secure,PHPSESSID=e63c51d43a1188c52140ac5744f4ef4b; path=/; secure; HttpOnly,PHPSESSID=e63c51d43a1188c52140ac5744f4ef4b; path=/; secure; HttpOnly
    - x-cache-hit: 1
    - last-modified: Tue, 19 May 2026 00:56:41 GMT
    - expires: Thu, 19 Nov 1981 08:52:00 GMT
    - cache-control: no-store, no-cache, must-revalidate
    - pragma: no-cache
    - location: content.php?catoid=18
    - x-frame-options: SAMEORIGIN
    - x-content-type-options: nosniff
    - server: director
    - strict-transport-security: max-age=31536000; includeSubDomains
  - → GET https://catalogue.usc.edu/content.php?catoid=18
    - user-agent: Playwright/1.57.0-beta-1764944708000 (x64; rocky 9.7) python/3.12
    - accept: */*
    - accept-encoding: gzip,deflate,br
    - cookie: acalog_theme=1; PHPSESSID=e63c51d43a1188c52140ac5744f4ef4b
  - ← 302 Found
    - date: Tue, 19 May 2026 00:59:06 GMT
    - content-type: text/html; charset=UTF-8
    - content-length: 0
    - connection: keep-alive
    - content-security-policy: default-src 'self' https: data: blob:; script-src 'self' https: 'unsafe-inline' 'unsafe-eval'; style-src 'self' https: 'unsafe-inline'; img-src 'self' https: data:; font-src 'self' https: data:; object-src 'none'; base-uri 'self'; frame-ancestors 'self';
    - x-cache-hit: 1
    - last-modified: Tue, 19 May 2026 00:56:41 GMT
    - expires: Thu, 19 Nov 1981 08:52:00 GMT
    - cache-control: no-store, no-cache, must-revalidate
    - pragma: no-cache
    - set-cookie: PHPSESSID=e63c51d43a1188c52140ac5744f4ef4b; path=/; secure; HttpOnly
    - location: /index.php?catoid=18
    - x-frame-options: SAMEORIGIN
    - x-content-type-options: nosniff
    - server: director
    - strict-transport-security: max-age=31536000; includeSubDomains
  - → GET https://catalogue.usc.edu/index.php?catoid=18
    - user-agent: Playwright/1.57.0-beta-1764944708000 (x64; rocky 9.7) python/3.12
    - accept: */*
    - accept-encoding: gzip,deflate,br
    - cookie: acalog_theme=1; PHPSESSID=e63c51d43a1188c52140ac5744f4ef4b
  - ← 200 OK
    - date: Tue, 19 May 2026 00:59:09 GMT
    - content-type: text/html; charset=UTF-8
    - content-length: 7347
    - connection: keep-alive
    - content-security-policy: default-src 'self' https: data: blob:; script-src 'self' https: 'unsafe-inline' 'unsafe-eval'; style-src 'self' https: 'unsafe-inline'; img-src 'self' https: data:; font-src 'self' https: data:; object-src 'none'; base-uri 'self'; frame-ancestors 'self';
    - x-cache-hit: 1
    - last-modified: Tue, 19 May 2026 00:56:41 GMT
    - expires: Thu, 19 Nov 1981 08:52:00 GMT
    - cache-control: no-store, no-cache, must-revalidate
    - pragma: no-cache
    - set-cookie: PHPSESSID=e63c51d43a1188c52140ac5744f4ef4b; path=/; secure; HttpOnly,ADRUM_BT=R%3A0%7Cg%3Ad9da5644-2179-4b90-943d-76c164ffb678155%7Cn%3Adigarc_881d5e4b-64f1-425e-8ceb-5e44d2b69b37%7Cd%3A217; expires=Tue, 19-May-2026 00:59:39 GMT; Max-Age=30; path=/; secure
    - vary: Accept-Encoding
    - content-encoding: gzip
    - x-frame-options: SAMEORIGIN
    - x-content-type-options: nosniff
    - server: director
    - strict-transport-security: max-age=31536000; includeSubDomains

[no-content] No extracted text for https://catalogue.usc.edu/preview_program.php?catoid=18&poid=26376.
[playwright.request-second-pass error] APIRequestContext.get: Timeout 30000ms exceeded.
Call log:
  - → GET https://catalogue.usc.edu/preview_program.php?catoid=18&poid=26369
    - user-agent: Playwright/1.57.0-beta-1764944708000 (x64; rocky 9.7) python/3.12
    - accept: */*
    - accept-encoding: gzip,deflate,br
  - ← 302 Found
    - date: Tue, 19 May 2026 00:58:59 GMT
    - content-type: text/html; charset=UTF-8
    - content-length: 0
    - connection: keep-alive
    - content-security-policy: default-src 'self' https: data: blob:; script-src 'self' https: 'unsafe-inline' 'unsafe-eval'; style-src 'self' https: 'unsafe-inline'; img-src 'self' https: data:; font-src 'self' https: data:; object-src 'none'; base-uri 'self'; frame-ancestors 'self';
    - set-cookie: acalog_theme=1; expires=Mon, 19-Sep-3025 00:59:59 GMT; Max-Age=31536000060; path=/; secure,PHPSESSID=256b0c03ae9913f52cce384c23df8592; path=/; secure; HttpOnly,PHPSESSID=256b0c03ae9913f52cce384c23df8592; path=/; secure; HttpOnly
    - x-cache-hit: 1
    - last-modified: Tue, 19 May 2026 00:56:41 GMT
    - expires: Thu, 19 Nov 1981 08:52:00 GMT
    - cache-control: no-store, no-cache, must-revalidate
    - pragma: no-cache
    - location: content.php?catoid=18
    - x-frame-options: SAMEORIGIN
    - x-content-type-options: nosniff
    - server: director
    - strict-transport-security: max-age=31536000; includeSubDomains
  - → GET https://catalogue.usc.edu/content.php?catoid=18
    - user-agent: Playwright/1.57.0-beta-1764944708000 (x64; rocky 9.7) python/3.12
    - accept: */*
    - accept-encoding: gzip,deflate,br
    - cookie: acalog_theme=1; PHPSESSID=256b0c03ae9913f52cce384c23df8592
  - ← 302 Found
    - date: Tue, 19 May 2026 00:59:05 GMT
    - content-type: text/html; charset=UTF-8
    - content-length: 0
    - connection: keep-alive
    - content-security-policy: default-src 'self' https: data: blob:; script-src 'self' https: 'unsafe-inline' 'unsafe-eval'; style-src 'self' https: 'unsafe-inline'; img-src 'self' https: data:; font-src 'self' https: data:; object-src 'none'; base-uri 'self'; frame-ancestors 'self';
    - x-cache-hit: 1
    - last-modified: Tue, 19 May 2026 00:56:41 GMT
    - expires: Thu, 19 Nov 1981 08:52:00 GMT
    - cache-control: no-store, no-cache, must-revalidate
    - pragma: no-cache
    - set-cookie: PHPSESSID=256b0c03ae9913f52cce384c23df8592; path=/; secure; HttpOnly
    - location: /index.php?catoid=18
    - x-frame-options: SAMEORIGIN
    - x-content-type-options: nosniff
    - server: director
    - strict-transport-security: max-age=31536000; includeSubDomains
  - → GET https://catalogue.usc.edu/index.php?catoid=18
    - user-agent: Playwright/1.57.0-beta-1764944708000 (x64; rocky 9.7) python/3.12
    - accept: */*
    - accept-encoding: gzip,deflate,br
    - cookie: acalog_theme=1; PHPSESSID=256b0c03ae9913f52cce384c23df8592
  - ← 200 OK
    - date: Tue, 19 May 2026 00:59:10 GMT
    - content-type: text/html; charset=UTF-8
    - content-length: 7347
    - connection: keep-alive
    - content-security-policy: default-src 'self' https: data: blob:; script-src 'self' https: 'unsafe-inline' 'unsafe-eval'; style-src 'self' https: 'unsafe-inline'; img-src 'self' https: data:; font-src 'self' https: data:; object-src 'none'; base-uri 'self'; frame-ancestors 'self';
    - x-cache-hit: 1
    - last-modified: Tue, 19 May 2026 00:56:41 GMT
    - expires: Thu, 19 Nov 1981 08:52:00 GMT
    - cache-control: no-store, no-cache, must-revalidate
    - pragma: no-cache
    - set-cookie: PHPSESSID=256b0c03ae9913f52cce384c23df8592; path=/; secure; HttpOnly,ADRUM_BT=R%3A0%7Cg%3A46a11c19-d51e-4f0f-b9cf-9dda12113ff5136%7Cn%3Adigarc_881d5e4b-64f1-425e-8ceb-5e44d2b69b37%7Cd%3A204; expires=Tue, 19-May-2026 00:59:40 GMT; Max-Age=30; path=/; secure
    - vary: Accept-Encoding
    - content-encoding: gzip
    - x-frame-options: SAMEORIGIN
    - x-content-type-options: nosniff
    - server: director
    - strict-transport-security: max-age=31536000; includeSubDomains

[no-content] No extracted text for https://catalogue.usc.edu/preview_program.php?catoid=18&poid=26369.
[playwright.request-second-pass error] APIRequestContext.get: Timeout 30000ms exceeded.
Call log:
  - → GET https://catalogue.usc.edu/preview_program.php?catoid=18&poid=26356
    - user-agent: Playwright/1.57.0-beta-1764944708000 (x64; rocky 9.7) python/3.12
    - accept: */*
    - accept-encoding: gzip,deflate,br
  - ← 302 Found
    - date: Tue, 19 May 2026 00:58:59 GMT
    - content-type: text/html; charset=UTF-8
    - content-length: 0
    - connection: keep-alive
    - content-security-policy: default-src 'self' https: data: blob:; script-src 'self' https: 'unsafe-inline' 'unsafe-eval'; style-src 'self' https: 'unsafe-inline'; img-src 'self' https: data:; font-src 'self' https: data:; object-src 'none'; base-uri 'self'; frame-ancestors 'self';
    - set-cookie: acalog_theme=1; expires=Mon, 19-Sep-3025 00:59:59 GMT; Max-Age=31536000060; path=/; secure,PHPSESSID=a95af14665630da85a0ee4c7fd1dff19; path=/; secure; HttpOnly,PHPSESSID=a95af14665630da85a0ee4c7fd1dff19; path=/; secure; HttpOnly
    - x-cache-hit: 1
    - last-modified: Tue, 19 May 2026 00:56:41 GMT
    - expires: Thu, 19 Nov 1981 08:52:00 GMT
    - cache-control: no-store, no-cache, must-revalidate
    - pragma: no-cache
    - location: content.php?catoid=18
    - x-frame-options: SAMEORIGIN
    - x-content-type-options: nosniff
    - server: director
    - strict-transport-security: max-age=31536000; includeSubDomains
  - → GET https://catalogue.usc.edu/content.php?catoid=18
    - user-agent: Playwright/1.57.0-beta-1764944708000 (x64; rocky 9.7) python/3.12
    - accept: */*
    - accept-encoding: gzip,deflate,br
    - cookie: acalog_theme=1; PHPSESSID=a95af14665630da85a0ee4c7fd1dff19
  - ← 302 Found
    - date: Tue, 19 May 2026 00:59:05 GMT
    - content-type: text/html; charset=UTF-8
    - content-length: 0
    - connection: keep-alive
    - content-security-policy: default-src 'self' https: data: blob:; script-src 'self' https: 'unsafe-inline' 'unsafe-eval'; style-src 'self' https: 'unsafe-inline'; img-src 'self' https: data:; font-src 'self' https: data:; object-src 'none'; base-uri 'self'; frame-ancestors 'self';
    - x-cache-hit: 1
    - last-modified: Tue, 19 May 2026 00:56:41 GMT
    - expires: Thu, 19 Nov 1981 08:52:00 GMT
    - cache-control: no-store, no-cache, must-revalidate
    - pragma: no-cache
    - set-cookie: PHPSESSID=a95af14665630da85a0ee4c7fd1dff19; path=/; secure; HttpOnly
    - location: /index.php?catoid=18
    - x-frame-options: SAMEORIGIN
    - x-content-type-options: nosniff
    - server: director
    - strict-transport-security: max-age=31536000; includeSubDomains
  - → GET https://catalogue.usc.edu/index.php?catoid=18
    - user-agent: Playwright/1.57.0-beta-1764944708000 (x64; rocky 9.7) python/3.12
    - accept: */*
    - accept-encoding: gzip,deflate,br
    - cookie: acalog_theme=1; PHPSESSID=a95af14665630da85a0ee4c7fd1dff19
  - ← 200 OK
    - date: Tue, 19 May 2026 00:59:10 GMT
    - content-type: text/html; charset=UTF-8
    - content-length: 7347
    - connection: keep-alive
    - content-security-policy: default-src 'self' https: data: blob:; script-src 'self' https: 'unsafe-inline' 'unsafe-eval'; style-src 'self' https: 'unsafe-inline'; img-src 'self' https: data:; font-src 'self' https: data:; object-src 'none'; base-uri 'self'; frame-ancestors 'self';
    - x-cache-hit: 1
    - last-modified: Tue, 19 May 2026 00:56:41 GMT
    - expires: Thu, 19 Nov 1981 08:52:00 GMT
    - cache-control: no-store, no-cache, must-revalidate
    - pragma: no-cache
    - set-cookie: PHPSESSID=a95af14665630da85a0ee4c7fd1dff19; path=/; secure; HttpOnly,ADRUM_BT=R%3A0%7Cg%3A3d11a2a5-298c-4806-ba53-f9c252a978da51%7Cn%3Adigarc_881d5e4b-64f1-425e-8ceb-5e44d2b69b37%7Cd%3A286; expires=Tue, 19-May-2026 00:59:40 GMT; Max-Age=30; path=/; secure
    - vary: Accept-Encoding
    - content-encoding: gzip
    - x-frame-options: SAMEORIGIN
    - x-content-type-options: nosniff
    - server: director
    - strict-transport-security: max-age=31536000; includeSubDomains

[no-content] No extracted text for https://catalogue.usc.edu/preview_program.php?catoid=18&poid=26356.
[playwright.request-second-pass error] APIRequestContext.get: Timeout 30000ms exceeded.
Call log:
  - → GET https://catalogue.usc.edu/preview_program.php?catoid=18&poid=26352
    - user-agent: Playwright/1.57.0-beta-1764944708000 (x64; rocky 9.7) python/3.12
    - accept: */*
    - accept-encoding: gzip,deflate,br
  - ← 302 Found
    - date: Tue, 19 May 2026 00:59:00 GMT
    - content-type: text/html; charset=UTF-8
    - content-length: 0
    - connection: keep-alive
    - content-security-policy: default-src 'self' https: data: blob:; script-src 'self' https: 'unsafe-inline' 'unsafe-eval'; style-src 'self' https: 'unsafe-inline'; img-src 'self' https: data:; font-src 'self' https: data:; object-src 'none'; base-uri 'self'; frame-ancestors 'self';
    - set-cookie: acalog_theme=1; expires=Mon, 19-Sep-3025 01:00:00 GMT; Max-Age=31536000060; path=/; secure,PHPSESSID=f762f658b9bf1d0ea854a9ff2160d1e2; path=/; secure; HttpOnly,PHPSESSID=f762f658b9bf1d0ea854a9ff2160d1e2; path=/; secure; HttpOnly
    - x-cache-hit: 1
    - last-modified: Tue, 19 May 2026 00:56:41 GMT
    - expires: Thu, 19 Nov 1981 08:52:00 GMT
    - cache-control: no-store, no-cache, must-revalidate
    - pragma: no-cache
    - location: content.php?catoid=18
    - x-frame-options: SAMEORIGIN
    - x-content-type-options: nosniff
    - server: director
    - strict-transport-security: max-age=31536000; includeSubDomains
  - → GET https://catalogue.usc.edu/content.php?catoid=18
    - user-agent: Playwright/1.57.0-beta-1764944708000 (x64; rocky 9.7) python/3.12
    - accept: */*
    - accept-encoding: gzip,deflate,br
    - cookie: acalog_theme=1; PHPSESSID=f762f658b9bf1d0ea854a9ff2160d1e2
  - ← 302 Found
    - date: Tue, 19 May 2026 00:59:05 GMT
    - content-type: text/html; charset=UTF-8
    - content-length: 0
    - connection: keep-alive
    - content-security-policy: default-src 'self' https: data: blob:; script-src 'self' https: 'unsafe-inline' 'unsafe-eval'; style-src 'self' https: 'unsafe-inline'; img-src 'self' https: data:; font-src 'self' https: data:; object-src 'none'; base-uri 'self'; frame-ancestors 'self';
    - x-cache-hit: 1
    - last-modified: Tue, 19 May 2026 00:56:41 GMT
    - expires: Thu, 19 Nov 1981 08:52:00 GMT
    - cache-control: no-store, no-cache, must-revalidate
    - pragma: no-cache
    - set-cookie: PHPSESSID=f762f658b9bf1d0ea854a9ff2160d1e2; path=/; secure; HttpOnly
    - location: /index.php?catoid=18
    - x-frame-options: SAMEORIGIN
    - x-content-type-options: nosniff
    - server: director
    - strict-transport-security: max-age=31536000; includeSubDomains
  - → GET https://catalogue.usc.edu/index.php?catoid=18
    - user-agent: Playwright/1.57.0-beta-1764944708000 (x64; rocky 9.7) python/3.12
    - accept: */*
    - accept-encoding: gzip,deflate,br
    - cookie: acalog_theme=1; PHPSESSID=f762f658b9bf1d0ea854a9ff2160d1e2
  - ← 200 OK
    - date: Tue, 19 May 2026 00:59:10 GMT
    - content-type: text/html; charset=UTF-8
    - content-length: 7347
    - connection: keep-alive
    - content-security-policy: default-src 'self' https: data: blob:; script-src 'self' https: 'unsafe-inline' 'unsafe-eval'; style-src 'self' https: 'unsafe-inline'; img-src 'self' https: data:; font-src 'self' https: data:; object-src 'none'; base-uri 'self'; frame-ancestors 'self';
    - x-cache-hit: 1
    - last-modified: Tue, 19 May 2026 00:56:41 GMT
    - expires: Thu, 19 Nov 1981 08:52:00 GMT
    - cache-control: no-store, no-cache, must-revalidate
    - pragma: no-cache
    - set-cookie: PHPSESSID=f762f658b9bf1d0ea854a9ff2160d1e2; path=/; secure; HttpOnly,ADRUM_BT=R%3A0%7Cg%3Ac95d3d16-5f8e-4dfb-bd87-1839d0505840163%7Cn%3Adigarc_881d5e4b-64f1-425e-8ceb-5e44d2b69b37%7Cd%3A318; expires=Tue, 19-May-2026 00:59:40 GMT; Max-Age=30; path=/; secure
    - vary: Accept-Encoding
    - content-encoding: gzip
    - x-frame-options: SAMEORIGIN
    - x-content-type-options: nosniff
    - server: director
    - strict-transport-security: max-age=31536000; includeSubDomains

[no-content] No extracted text for https://catalogue.usc.edu/preview_program.php?catoid=18&poid=26352.
[playwright.request-second-pass error] APIRequestContext.get: Timeout 30000ms exceeded.
Call log:
  - → GET https://catalog.sjsu.edu/preview_program.php?catoid=13&poid=6401
    - user-agent: Playwright/1.57.0-beta-1764944708000 (x64; rocky 9.7) python/3.12
    - accept: */*
    - accept-encoding: gzip,deflate,br
  - ← 302 Found
    - date: Tue, 19 May 2026 00:58:59 GMT
    - content-type: text/html; charset=UTF-8
    - content-length: 0
    - connection: keep-alive
    - set-cookie: AWSALB=8f9uOCWwry/b9vpx7qBzjCoQqheJ8a/YbvFhSbl3kMp8A/xZ7ua+yZwpOJ5y/KAUxjlcz0pPSoREO9tqifXlE5eq+F4SmYPmX2oTJSZOfbrRZyf1w2BRr7Cv/aXq; Expires=Tue, 26 May 2026 00:58:59 GMT; Path=/; secure,AWSALBCORS=8f9uOCWwry/b9vpx7qBzjCoQqheJ8a/YbvFhSbl3kMp8A/xZ7ua+yZwpOJ5y/KAUxjlcz0pPSoREO9tqifXlE5eq+F4SmYPmX2oTJSZOfbrRZyf1w2BRr7Cv/aXq; Expires=Tue, 26 May 2026 00:58:59 GMT; Path=/; secure; SameSite=None,acalog_theme=1; expires=Mon, 19-Sep-3025 00:59:59 GMT; Max-Age=31536000060; path=/; secure,PHPSESSID=24f1c93061a7b6267fb39a3d4fdeba99; path=/; secure; HttpOnly,PHPSESSID=24f1c93061a7b6267fb39a3d4fdeba99; path=/; secure; HttpOnly
    - expires: Thu, 19 Nov 1981 08:52:00 GMT
    - cache-control: no-store, no-cache, must-revalidate
    - pragma: no-cache
    - location: content.php?catoid=13
    - x-frame-options: SAMEORIGIN
    - x-content-type-options: nosniff
    - server: director
    - strict-transport-security: max-age=31536000; includeSubDomains
  - → GET https://catalog.sjsu.edu/content.php?catoid=13
    - user-agent: Playwright/1.57.0-beta-1764944708000 (x64; rocky 9.7) python/3.12
    - accept: */*
    - accept-encoding: gzip,deflate,br
    - cookie: AWSALB=8f9uOCWwry/b9vpx7qBzjCoQqheJ8a/YbvFhSbl3kMp8A/xZ7ua+yZwpOJ5y/KAUxjlcz0pPSoREO9tqifXlE5eq+F4SmYPmX2oTJSZOfbrRZyf1w2BRr7Cv/aXq; AWSALBCORS=8f9uOCWwry/b9vpx7qBzjCoQqheJ8a/YbvFhSbl3kMp8A/xZ7ua+yZwpOJ5y/KAUxjlcz0pPSoREO9tqifXlE5eq+F4SmYPmX2oTJSZOfbrRZyf1w2BRr7Cv/aXq; acalog_theme=1; PHPSESSID=24f1c93061a7b6267fb39a3d4fdeba99
  - ← 302 Found
    - date: Tue, 19 May 2026 00:59:05 GMT
    - content-type: text/html; charset=UTF-8
    - content-length: 0
    - connection: keep-alive
    - set-cookie: AWSALB=Ha/fVRwn6cBXgkUeXRO9JDgXtgPDLm4UaDjCqzgc/5S0OPilXCB8aI19Tw+ZeEmfhdZqyrLkx/rKFAC4oVi3qU0QCFV1iajdn7qjkLN65lJkGwQ/LPe/vQvNCS/Z; Expires=Tue, 26 May 2026 00:59:05 GMT; Path=/; secure,AWSALBCORS=Ha/fVRwn6cBXgkUeXRO9JDgXtgPDLm4UaDjCqzgc/5S0OPilXCB8aI19Tw+ZeEmfhdZqyrLkx/rKFAC4oVi3qU0QCFV1iajdn7qjkLN65lJkGwQ/LPe/vQvNCS/Z; Expires=Tue, 26 May 2026 00:59:05 GMT; Path=/; secure; SameSite=None,PHPSESSID=24f1c93061a7b6267fb39a3d4fdeba99; path=/; secure; HttpOnly
    - x-cache-hit: 1
    - last-modified: Tue, 19 May 2026 00:09:09 GMT
    - expires: Thu, 19 Nov 1981 08:52:00 GMT
    - cache-control: no-store, no-cache, must-revalidate
    - pragma: no-cache
    - location: /index.php?catoid=13
    - x-frame-options: SAMEORIGIN
    - x-content-type-options: nosniff
    - server: director
    - strict-transport-security: max-age=31536000; includeSubDomains
  - → GET https://catalog.sjsu.edu/index.php?catoid=13
    - user-agent: Playwright/1.57.0-beta-1764944708000 (x64; rocky 9.7) python/3.12
    - accept: */*
    - accept-encoding: gzip,deflate,br
    - cookie: AWSALB=Ha/fVRwn6cBXgkUeXRO9JDgXtgPDLm4UaDjCqzgc/5S0OPilXCB8aI19Tw+ZeEmfhdZqyrLkx/rKFAC4oVi3qU0QCFV1iajdn7qjkLN65lJkGwQ/LPe/vQvNCS/Z; AWSALBCORS=Ha/fVRwn6cBXgkUeXRO9JDgXtgPDLm4UaDjCqzgc/5S0OPilXCB8aI19Tw+ZeEmfhdZqyrLkx/rKFAC4oVi3qU0QCFV1iajdn7qjkLN65lJkGwQ/LPe/vQvNCS/Z; acalog_theme=1; PHPSESSID=24f1c93061a7b6267fb39a3d4fdeba99
  - ← 200 OK
    - date: Tue, 19 May 2026 00:59:10 GMT
    - content-type: text/html; charset=UTF-8
    - content-length: 10051
    - connection: keep-alive
    - set-cookie: AWSALB=fcgesBJJgR2ZP8tUcoi9CPF1rpGzC/MYPGizcTNRLRY20XI6eRBBTaJZOAI6SiSz4r9lfxEAGBDCHJZ8ti6BvyJ7wWoe5m8wmd1az0npddXpCLHxTnpqcXRi2OQK; Expires=Tue, 26 May 2026 00:59:10 GMT; Path=/; secure,AWSALBCORS=fcgesBJJgR2ZP8tUcoi9CPF1rpGzC/MYPGizcTNRLRY20XI6eRBBTaJZOAI6SiSz4r9lfxEAGBDCHJZ8ti6BvyJ7wWoe5m8wmd1az0npddXpCLHxTnpqcXRi2OQK; Expires=Tue, 26 May 2026 00:59:10 GMT; Path=/; secure; SameSite=None,PHPSESSID=24f1c93061a7b6267fb39a3d4fdeba99; path=/; secure; HttpOnly,ADRUM_BT=R%3A0%7Cg%3A9edcc03b-7271-4bea-ac32-95b88740dfbf1044%7Cn%3Adigarc_881d5e4b-64f1-425e-8ceb-5e44d2b69b37%7Ci%3A580111%7Cd%3A202%7Ce%3A215; expires=Tue, 19-May-2026 00:59:40 GMT; Max-Age=30; path=/; secure
    - x-cache-hit: 1
    - last-modified: Tue, 19 May 2026 00:09:09 GMT
    - expires: Thu, 19 Nov 1981 08:52:00 GMT
    - cache-control: no-store, no-cache, must-revalidate
    - pragma: no-cache
    - vary: Accept-Encoding
    - content-encoding: gzip
    - x-frame-options: SAMEORIGIN
    - x-content-type-options: nosniff
    - server: director
    - strict-transport-security: max-age=31536000; includeSubDomains

[no-content] No extracted text for https://catalog.sjsu.edu/preview_program.php?catoid=13&poid=6401.
[playwright.request-second-pass error] APIRequestContext.get: Timeout 30000ms exceeded.
Call log:
  - → GET https://catalog.sjsu.edu/preview_program.php?catoid=13&poid=6421
    - user-agent: Playwright/1.57.0-beta-1764944708000 (x64; rocky 9.7) python/3.12
    - accept: */*
    - accept-encoding: gzip,deflate,br
  - ← 302 Found
    - date: Tue, 19 May 2026 00:59:01 GMT
    - content-type: text/html; charset=UTF-8
    - content-length: 0
    - connection: keep-alive
    - set-cookie: AWSALB=Hwvn3H+enAcUahuNsf1HWkLE8xg3gLWiDI6w6wa4bkJiHgP/nc17JcX1yd9hiWGjeDVYhulWz0CJu1EEAVC5edywT2B1YdL6YNfvMZBQca7xXgOQgNaj72okRIWj; Expires=Tue, 26 May 2026 00:59:01 GMT; Path=/; secure,AWSALBCORS=Hwvn3H+enAcUahuNsf1HWkLE8xg3gLWiDI6w6wa4bkJiHgP/nc17JcX1yd9hiWGjeDVYhulWz0CJu1EEAVC5edywT2B1YdL6YNfvMZBQca7xXgOQgNaj72okRIWj; Expires=Tue, 26 May 2026 00:59:01 GMT; Path=/; secure; SameSite=None,acalog_theme=1; expires=Mon, 19-Sep-3025 01:00:01 GMT; Max-Age=31536000060; path=/; secure,PHPSESSID=f56edc50e84f4dc22514a8b7a17b6b6b; path=/; secure; HttpOnly,PHPSESSID=f56edc50e84f4dc22514a8b7a17b6b6b; path=/; secure; HttpOnly
    - content-security-policy: default-src 'self' https: data: blob:; script-src 'self' https: 'unsafe-inline' 'unsafe-eval'; style-src 'self' https: 'unsafe-inline'; img-src 'self' https: data:; font-src 'self' https: data:; object-src 'none'; base-uri 'self'; frame-ancestors 'self';
    - expires: Thu, 19 Nov 1981 08:52:00 GMT
    - cache-control: no-store, no-cache, must-revalidate
    - pragma: no-cache
    - location: content.php?catoid=13
    - x-frame-options: SAMEORIGIN
    - x-content-type-options: nosniff
    - server: director
    - strict-transport-security: max-age=31536000; includeSubDomains
  - → GET https://catalog.sjsu.edu/content.php?catoid=13
    - user-agent: Playwright/1.57.0-beta-1764944708000 (x64; rocky 9.7) python/3.12
    - accept: */*
    - accept-encoding: gzip,deflate,br
    - cookie: AWSALB=Hwvn3H+enAcUahuNsf1HWkLE8xg3gLWiDI6w6wa4bkJiHgP/nc17JcX1yd9hiWGjeDVYhulWz0CJu1EEAVC5edywT2B1YdL6YNfvMZBQca7xXgOQgNaj72okRIWj; AWSALBCORS=Hwvn3H+enAcUahuNsf1HWkLE8xg3gLWiDI6w6wa4bkJiHgP/nc17JcX1yd9hiWGjeDVYhulWz0CJu1EEAVC5edywT2B1YdL6YNfvMZBQca7xXgOQgNaj72okRIWj; acalog_theme=1; PHPSESSID=f56edc50e84f4dc22514a8b7a17b6b6b
  - ← 302 Found
    - date: Tue, 19 May 2026 00:59:07 GMT
    - content-type: text/html; charset=UTF-8
    - content-length: 0
    - connection: keep-alive
    - set-cookie: AWSALB=2gRmMS1Sr2kX3se1dGV1jWi+XgRuJBLId2zLCga2mYqrKn7ir9j2acqTjLKhioZu50HhdR3L7+M2+pwo9gSYzsioOoOw6ttTRZRR6wv2i3O9eanHH8uUeBYMwaIA; Expires=Tue, 26 May 2026 00:59:06 GMT; Path=/; secure,AWSALBCORS=2gRmMS1Sr2kX3se1dGV1jWi+XgRuJBLId2zLCga2mYqrKn7ir9j2acqTjLKhioZu50HhdR3L7+M2+pwo9gSYzsioOoOw6ttTRZRR6wv2i3O9eanHH8uUeBYMwaIA; Expires=Tue, 26 May 2026 00:59:06 GMT; Path=/; secure; SameSite=None,PHPSESSID=f56edc50e84f4dc22514a8b7a17b6b6b; path=/; secure; HttpOnly
    - content-security-policy: default-src 'self' https: data: blob:; script-src 'self' https: 'unsafe-inline' 'unsafe-eval'; style-src 'self' https: 'unsafe-inline'; img-src 'self' https: data:; font-src 'self' https: data:; object-src 'none'; base-uri 'self'; frame-ancestors 'self';
    - x-cache-hit: 1
    - last-modified: Tue, 19 May 2026 00:09:09 GMT
    - expires: Thu, 19 Nov 1981 08:52:00 GMT
    - cache-control: no-store, no-cache, must-revalidate
    - pragma: no-cache
    - location: /index.php?catoid=13
    - x-frame-options: SAMEORIGIN
    - x-content-type-options: nosniff
    - server: director
    - strict-transport-security: max-age=31536000; includeSubDomains
  - → GET https://catalog.sjsu.edu/index.php?catoid=13
    - user-agent: Playwright/1.57.0-beta-1764944708000 (x64; rocky 9.7) python/3.12
    - accept: */*
    - accept-encoding: gzip,deflate,br
    - cookie: AWSALB=2gRmMS1Sr2kX3se1dGV1jWi+XgRuJBLId2zLCga2mYqrKn7ir9j2acqTjLKhioZu50HhdR3L7+M2+pwo9gSYzsioOoOw6ttTRZRR6wv2i3O9eanHH8uUeBYMwaIA; AWSALBCORS=2gRmMS1Sr2kX3se1dGV1jWi+XgRuJBLId2zLCga2mYqrKn7ir9j2acqTjLKhioZu50HhdR3L7+M2+pwo9gSYzsioOoOw6ttTRZRR6wv2i3O9eanHH8uUeBYMwaIA; acalog_theme=1; PHPSESSID=f56edc50e84f4dc22514a8b7a17b6b6b
  - ← 200 OK
    - date: Tue, 19 May 2026 00:59:11 GMT
    - content-type: text/html; charset=UTF-8
    - content-length: 10051
    - connection: keep-alive
    - set-cookie: AWSALB=3blh5ry+jKaZhJ+PG7ZTOeADvdF2Mdmxq6iBbRqUUCcgNaFQQxAwF55soKbMQQZN/nmkjs5ZyIV1R3A6wTnySpIi18XGJtnEoGkMG5fdrcdpzxgCtwBeH9r+613L; Expires=Tue, 26 May 2026 00:59:11 GMT; Path=/; secure,AWSALBCORS=3blh5ry+jKaZhJ+PG7ZTOeADvdF2Mdmxq6iBbRqUUCcgNaFQQxAwF55soKbMQQZN/nmkjs5ZyIV1R3A6wTnySpIi18XGJtnEoGkMG5fdrcdpzxgCtwBeH9r+613L; Expires=Tue, 26 May 2026 00:59:11 GMT; Path=/; secure; SameSite=None,PHPSESSID=f56edc50e84f4dc22514a8b7a17b6b6b; path=/; secure; HttpOnly,ADRUM_BT=R%3A0%7Cg%3Aaf31dd60-6e29-4bfe-b740-32a5dda3bf87511%7Cn%3Adigarc_881d5e4b-64f1-425e-8ceb-5e44d2b69b37%7Ci%3A580111%7Cd%3A276%7Ce%3A249; expires=Tue, 19-May-2026 00:59:41 GMT; Max-Age=30; path=/; secure
    - content-security-policy: default-src 'self' https: data: blob:; script-src 'self' https: 'unsafe-inline' 'unsafe-eval'; style-src 'self' https: 'unsafe-inline'; img-src 'self' https: data:; font-src 'self' https: data:; object-src 'none'; base-uri 'self'; frame-ancestors 'self';
    - x-cache-hit: 1
    - last-modified: Tue, 19 May 2026 00:09:09 GMT
    - expires: Thu, 19 Nov 1981 08:52:00 GMT
    - cache-control: no-store, no-cache, must-revalidate
    - pragma: no-cache
    - vary: Accept-Encoding
    - content-encoding: gzip
    - x-frame-options: SAMEORIGIN
    - x-content-type-options: nosniff
    - server: director
    - strict-transport-security: max-age=31536000; includeSubDomains

[no-content] No extracted text for https://catalog.sjsu.edu/preview_program.php?catoid=13&poid=6421.
[playwright.request-second-pass error] APIRequestContext.get: Timeout 30000ms exceeded.
Call log:
  - → GET https://catalog.sjsu.edu/preview_program.php?catoid=13&poid=6423
    - user-agent: Playwright/1.57.0-beta-1764944708000 (x64; rocky 9.7) python/3.12
    - accept: */*
    - accept-encoding: gzip,deflate,br
  - ← 302 Found
    - date: Tue, 19 May 2026 00:59:00 GMT
    - content-type: text/html; charset=UTF-8
    - content-length: 0
    - connection: keep-alive
    - set-cookie: AWSALB=oMEFL/t/jun+jK2Dyxfk5F8grv0WF1ksk+cDpRPPMnKHiM48p/vHBm/QQSbQLVr8PQBRrAHfrl7g/w9MGNEqMFrFiqyANdyRp2axTpEngTzzqGZCEZrJO76N2xwk; Expires=Tue, 26 May 2026 00:59:00 GMT; Path=/; secure,AWSALBCORS=oMEFL/t/jun+jK2Dyxfk5F8grv0WF1ksk+cDpRPPMnKHiM48p/vHBm/QQSbQLVr8PQBRrAHfrl7g/w9MGNEqMFrFiqyANdyRp2axTpEngTzzqGZCEZrJO76N2xwk; Expires=Tue, 26 May 2026 00:59:00 GMT; Path=/; secure; SameSite=None,acalog_theme=1; expires=Mon, 19-Sep-3025 01:00:00 GMT; Max-Age=31536000060; path=/; secure,PHPSESSID=f6a7757975f81836c3f5cf371c349e75; path=/; secure; HttpOnly,PHPSESSID=f6a7757975f81836c3f5cf371c349e75; path=/; secure; HttpOnly
    - expires: Thu, 19 Nov 1981 08:52:00 GMT
    - cache-control: no-store, no-cache, must-revalidate
    - pragma: no-cache
    - location: content.php?catoid=13
    - x-frame-options: SAMEORIGIN
    - x-content-type-options: nosniff
    - server: director
    - strict-transport-security: max-age=31536000; includeSubDomains
  - → GET https://catalog.sjsu.edu/content.php?catoid=13
    - user-agent: Playwright/1.57.0-beta-1764944708000 (x64; rocky 9.7) python/3.12
    - accept: */*
    - accept-encoding: gzip,deflate,br
    - cookie: AWSALB=oMEFL/t/jun+jK2Dyxfk5F8grv0WF1ksk+cDpRPPMnKHiM48p/vHBm/QQSbQLVr8PQBRrAHfrl7g/w9MGNEqMFrFiqyANdyRp2axTpEngTzzqGZCEZrJO76N2xwk; AWSALBCORS=oMEFL/t/jun+jK2Dyxfk5F8grv0WF1ksk+cDpRPPMnKHiM48p/vHBm/QQSbQLVr8PQBRrAHfrl7g/w9MGNEqMFrFiqyANdyRp2axTpEngTzzqGZCEZrJO76N2xwk; acalog_theme=1; PHPSESSID=f6a7757975f81836c3f5cf371c349e75
  - ← 302 Found
    - date: Tue, 19 May 2026 00:59:05 GMT
    - content-type: text/html; charset=UTF-8
    - content-length: 0
    - connection: keep-alive
    - set-cookie: AWSALB=r6Uakab6S/cq6OSHYK6dK0wzfS0Q8qAIWg8N02oxd62+KcQPBKssGU+ishAW+x9qCvVhduH3XFN2ZeymtZoX8HiDHN9jdcGHVyDfkf1ficlgL4ahT8Y2gEsgs4ua; Expires=Tue, 26 May 2026 00:59:05 GMT; Path=/; secure,AWSALBCORS=r6Uakab6S/cq6OSHYK6dK0wzfS0Q8qAIWg8N02oxd62+KcQPBKssGU+ishAW+x9qCvVhduH3XFN2ZeymtZoX8HiDHN9jdcGHVyDfkf1ficlgL4ahT8Y2gEsgs4ua; Expires=Tue, 26 May 2026 00:59:05 GMT; Path=/; secure; SameSite=None,PHPSESSID=f6a7757975f81836c3f5cf371c349e75; path=/; secure; HttpOnly
    - x-cache-hit: 1
    - last-modified: Tue, 19 May 2026 00:09:09 GMT
    - expires: Thu, 19 Nov 1981 08:52:00 GMT
    - cache-control: no-store, no-cache, must-revalidate
    - pragma: no-cache
    - location: /index.php?catoid=13
    - x-frame-options: SAMEORIGIN
    - x-content-type-options: nosniff
    - server: director
    - strict-transport-security: max-age=31536000; includeSubDomains
  - → GET https://catalog.sjsu.edu/index.php?catoid=13
    - user-agent: Playwright/1.57.0-beta-1764944708000 (x64; rocky 9.7) python/3.12
    - accept: */*
    - accept-encoding: gzip,deflate,br
    - cookie: AWSALB=r6Uakab6S/cq6OSHYK6dK0wzfS0Q8qAIWg8N02oxd62+KcQPBKssGU+ishAW+x9qCvVhduH3XFN2ZeymtZoX8HiDHN9jdcGHVyDfkf1ficlgL4ahT8Y2gEsgs4ua; AWSALBCORS=r6Uakab6S/cq6OSHYK6dK0wzfS0Q8qAIWg8N02oxd62+KcQPBKssGU+ishAW+x9qCvVhduH3XFN2ZeymtZoX8HiDHN9jdcGHVyDfkf1ficlgL4ahT8Y2gEsgs4ua; acalog_theme=1; PHPSESSID=f6a7757975f81836c3f5cf371c349e75
  - ← 200 OK
    - date: Tue, 19 May 2026 00:59:11 GMT
    - content-type: text/html; charset=UTF-8
    - content-length: 10051
    - connection: keep-alive
    - set-cookie: AWSALB=GWENUXtgeM9GBAhVUJOhJbPGYVPZGwn2lLmpR5NGY+w32cA9nczqVSppLCaU7EAAwYtoRn/qYrLEZb89ttu9TER5St6TxXmT2pN0kVt+PVl/6GExYLCZToNiiTyu; Expires=Tue, 26 May 2026 00:59:10 GMT; Path=/; secure,AWSALBCORS=GWENUXtgeM9GBAhVUJOhJbPGYVPZGwn2lLmpR5NGY+w32cA9nczqVSppLCaU7EAAwYtoRn/qYrLEZb89ttu9TER5St6TxXmT2pN0kVt+PVl/6GExYLCZToNiiTyu; Expires=Tue, 26 May 2026 00:59:10 GMT; Path=/; secure; SameSite=None,PHPSESSID=f6a7757975f81836c3f5cf371c349e75; path=/; secure; HttpOnly,ADRUM_BT=R%3A0%7Cg%3A41c81ffc-d703-4f99-9296-96a997b8ccc761%7Cn%3Adigarc_881d5e4b-64f1-425e-8ceb-5e44d2b69b37%7Ci%3A580111%7Cd%3A303%7Ce%3A317; expires=Tue, 19-May-2026 00:59:41 GMT; Max-Age=30; path=/; secure
    - x-cache-hit: 1
    - last-modified: Tue, 19 May 2026 00:09:09 GMT
    - expires: Thu, 19 Nov 1981 08:52:00 GMT
    - cache-control: no-store, no-cache, must-revalidate
    - pragma: no-cache
    - vary: Accept-Encoding
    - content-encoding: gzip
    - x-frame-options: SAMEORIGIN
    - x-content-type-options: nosniff
    - server: director
    - strict-transport-security: max-age=31536000; includeSubDomains

[no-content] No extracted text for https://catalog.sjsu.edu/preview_program.php?catoid=13&poid=6423.
[playwright.request-second-pass error] APIRequestContext.get: Timeout 30000ms exceeded.
Call log:
  - → GET https://catalogue.usc.edu/preview_program.php?catoid=18&poid=26346
    - user-agent: Playwright/1.57.0-beta-1764944708000 (x64; rocky 9.7) python/3.12
    - accept: */*
    - accept-encoding: gzip,deflate,br
  - ← 302 Found
    - date: Tue, 19 May 2026 00:59:00 GMT
    - content-type: text/html; charset=UTF-8
    - content-length: 0
    - connection: keep-alive
    - content-security-policy: default-src 'self' https: data: blob:; script-src 'self' https: 'unsafe-inline' 'unsafe-eval'; style-src 'self' https: 'unsafe-inline'; img-src 'self' https: data:; font-src 'self' https: data:; object-src 'none'; base-uri 'self'; frame-ancestors 'self';
    - set-cookie: acalog_theme=1; expires=Mon, 19-Sep-3025 01:00:00 GMT; Max-Age=31536000060; path=/; secure,PHPSESSID=08917f1a8dc20466a282b3479edb3213; path=/; secure; HttpOnly,PHPSESSID=08917f1a8dc20466a282b3479edb3213; path=/; secure; HttpOnly
    - x-cache-hit: 1
    - last-modified: Tue, 19 May 2026 00:56:41 GMT
    - expires: Thu, 19 Nov 1981 08:52:00 GMT
    - cache-control: no-store, no-cache, must-revalidate
    - pragma: no-cache
    - location: content.php?catoid=18
    - x-frame-options: SAMEORIGIN
    - x-content-type-options: nosniff
    - server: director
    - strict-transport-security: max-age=31536000; includeSubDomains
  - → GET https://catalogue.usc.edu/content.php?catoid=18
    - user-agent: Playwright/1.57.0-beta-1764944708000 (x64; rocky 9.7) python/3.12
    - accept: */*
    - accept-encoding: gzip,deflate,br
    - cookie: acalog_theme=1; PHPSESSID=08917f1a8dc20466a282b3479edb3213
  - ← 302 Found
    - date: Tue, 19 May 2026 00:59:05 GMT
    - content-type: text/html; charset=UTF-8
    - content-length: 0
    - connection: keep-alive
    - content-security-policy: default-src 'self' https: data: blob:; script-src 'self' https: 'unsafe-inline' 'unsafe-eval'; style-src 'self' https: 'unsafe-inline'; img-src 'self' https: data:; font-src 'self' https: data:; object-src 'none'; base-uri 'self'; frame-ancestors 'self';
    - x-cache-hit: 1
    - last-modified: Tue, 19 May 2026 00:56:41 GMT
    - expires: Thu, 19 Nov 1981 08:52:00 GMT
    - cache-control: no-store, no-cache, must-revalidate
    - pragma: no-cache
    - set-cookie: PHPSESSID=08917f1a8dc20466a282b3479edb3213; path=/; secure; HttpOnly
    - location: /index.php?catoid=18
    - x-frame-options: SAMEORIGIN
    - x-content-type-options: nosniff
    - server: director
    - strict-transport-security: max-age=31536000; includeSubDomains
  - → GET https://catalogue.usc.edu/index.php?catoid=18
    - user-agent: Playwright/1.57.0-beta-1764944708000 (x64; rocky 9.7) python/3.12
    - accept: */*
    - accept-encoding: gzip,deflate,br
    - cookie: acalog_theme=1; PHPSESSID=08917f1a8dc20466a282b3479edb3213
  - ← 200 OK
    - date: Tue, 19 May 2026 00:59:09 GMT
    - content-type: text/html; charset=UTF-8
    - content-length: 7347
    - connection: keep-alive
    - content-security-policy: default-src 'self' https: data: blob:; script-src 'self' https: 'unsafe-inline' 'unsafe-eval'; style-src 'self' https: 'unsafe-inline'; img-src 'self' https: data:; font-src 'self' https: data:; object-src 'none'; base-uri 'self'; frame-ancestors 'self';
    - x-cache-hit: 1
    - last-modified: Tue, 19 May 2026 00:56:41 GMT
    - expires: Thu, 19 Nov 1981 08:52:00 GMT
    - cache-control: no-store, no-cache, must-revalidate
    - pragma: no-cache
    - set-cookie: PHPSESSID=08917f1a8dc20466a282b3479edb3213; path=/; secure; HttpOnly,ADRUM_BT=R%3A0%7Cg%3Ac95d3d16-5f8e-4dfb-bd87-1839d0505840159%7Cn%3Adigarc_881d5e4b-64f1-425e-8ceb-5e44d2b69b37%7Cd%3A145; expires=Tue, 19-May-2026 00:59:39 GMT; Max-Age=30; path=/; secure
    - vary: Accept-Encoding
    - content-encoding: gzip
    - x-frame-options: SAMEORIGIN
    - x-content-type-options: nosniff
    - server: director
    - strict-transport-security: max-age=31536000; includeSubDomains

[no-content] No extracted text for https://catalogue.usc.edu/preview_program.php?catoid=18&poid=26346.
[playwright.request-second-pass error] APIRequestContext.get: Timeout 30000ms exceeded.
Call log:
  - → GET https://catalogue.usc.edu/preview_program.php?catoid=18&poid=26316
    - user-agent: Playwright/1.57.0-beta-1764944708000 (x64; rocky 9.7) python/3.12
    - accept: */*
    - accept-encoding: gzip,deflate,br
  - ← 302 Found
    - date: Tue, 19 May 2026 00:59:00 GMT
    - content-type: text/html; charset=UTF-8
    - content-length: 0
    - connection: keep-alive
    - content-security-policy: default-src 'self' https: data: blob:; script-src 'self' https: 'unsafe-inline' 'unsafe-eval'; style-src 'self' https: 'unsafe-inline'; img-src 'self' https: data:; font-src 'self' https: data:; object-src 'none'; base-uri 'self'; frame-ancestors 'self';
    - set-cookie: acalog_theme=1; expires=Mon, 19-Sep-3025 01:00:00 GMT; Max-Age=31536000060; path=/; secure,PHPSESSID=4d1bf3e16b2652f17007e7430c1d34bc; path=/; secure; HttpOnly,PHPSESSID=4d1bf3e16b2652f17007e7430c1d34bc; path=/; secure; HttpOnly
    - x-cache-hit: 1
    - last-modified: Tue, 19 May 2026 00:56:41 GMT
    - expires: Thu, 19 Nov 1981 08:52:00 GMT
    - cache-control: no-store, no-cache, must-revalidate
    - pragma: no-cache
    - location: content.php?catoid=18
    - x-frame-options: SAMEORIGIN
    - x-content-type-options: nosniff
    - server: director
    - strict-transport-security: max-age=31536000; includeSubDomains
  - → GET https://catalogue.usc.edu/content.php?catoid=18
    - user-agent: Playwright/1.57.0-beta-1764944708000 (x64; rocky 9.7) python/3.12
    - accept: */*
    - accept-encoding: gzip,deflate,br
    - cookie: acalog_theme=1; PHPSESSID=4d1bf3e16b2652f17007e7430c1d34bc
  - ← 302 Found
    - date: Tue, 19 May 2026 00:59:05 GMT
    - content-type: text/html; charset=UTF-8
    - content-length: 0
    - connection: keep-alive
    - content-security-policy: default-src 'self' https: data: blob:; script-src 'self' https: 'unsafe-inline' 'unsafe-eval'; style-src 'self' https: 'unsafe-inline'; img-src 'self' https: data:; font-src 'self' https: data:; object-src 'none'; base-uri 'self'; frame-ancestors 'self';
    - x-cache-hit: 1
    - last-modified: Tue, 19 May 2026 00:56:41 GMT
    - expires: Thu, 19 Nov 1981 08:52:00 GMT
    - cache-control: no-store, no-cache, must-revalidate
    - pragma: no-cache
    - set-cookie: PHPSESSID=4d1bf3e16b2652f17007e7430c1d34bc; path=/; secure; HttpOnly
    - location: /index.php?catoid=18
    - x-frame-options: SAMEORIGIN
    - x-content-type-options: nosniff
    - server: director
    - strict-transport-security: max-age=31536000; includeSubDomains
  - → GET https://catalogue.usc.edu/index.php?catoid=18
    - user-agent: Playwright/1.57.0-beta-1764944708000 (x64; rocky 9.7) python/3.12
    - accept: */*
    - accept-encoding: gzip,deflate,br
    - cookie: acalog_theme=1; PHPSESSID=4d1bf3e16b2652f17007e7430c1d34bc
  - ← 200 OK
    - date: Tue, 19 May 2026 00:59:11 GMT
    - content-type: text/html; charset=UTF-8
    - content-length: 7347
    - connection: keep-alive
    - content-security-policy: default-src 'self' https: data: blob:; script-src 'self' https: 'unsafe-inline' 'unsafe-eval'; style-src 'self' https: 'unsafe-inline'; img-src 'self' https: data:; font-src 'self' https: data:; object-src 'none'; base-uri 'self'; frame-ancestors 'self';
    - x-cache-hit: 1
    - last-modified: Tue, 19 May 2026 00:56:41 GMT
    - expires: Thu, 19 Nov 1981 08:52:00 GMT
    - cache-control: no-store, no-cache, must-revalidate
    - pragma: no-cache
    - set-cookie: PHPSESSID=4d1bf3e16b2652f17007e7430c1d34bc; path=/; secure; HttpOnly,ADRUM_BT=R%3A0%7Cg%3A194228f8-0165-4aa8-9d84-3607ccec1a0772%7Cn%3Adigarc_881d5e4b-64f1-425e-8ceb-5e44d2b69b37%7Cd%3A256; expires=Tue, 19-May-2026 00:59:41 GMT; Max-Age=30; path=/; secure
    - vary: Accept-Encoding
    - content-encoding: gzip
    - x-frame-options: SAMEORIGIN
    - x-content-type-options: nosniff
    - server: director
    - strict-transport-security: max-age=31536000; includeSubDomains

[no-content] No extracted text for https://catalogue.usc.edu/preview_program.php?catoid=18&poid=26316.
[playwright.request-second-pass error] APIRequestContext.get: Timeout 30000ms exceeded.
Call log:
  - → GET https://catalogue.usc.edu/preview_program.php?catoid=18&poid=26327
    - user-agent: Playwright/1.57.0-beta-1764944708000 (x64; rocky 9.7) python/3.12
    - accept: */*
    - accept-encoding: gzip,deflate,br
  - ← 302 Found
    - date: Tue, 19 May 2026 00:59:02 GMT
    - content-type: text/html; charset=UTF-8
    - content-length: 0
    - connection: keep-alive
    - content-security-policy: default-src 'self' https: data: blob:; script-src 'self' https: 'unsafe-inline' 'unsafe-eval'; style-src 'self' https: 'unsafe-inline'; img-src 'self' https: data:; font-src 'self' https: data:; object-src 'none'; base-uri 'self'; frame-ancestors 'self';
    - set-cookie: acalog_theme=1; expires=Mon, 19-Sep-3025 01:00:01 GMT; Max-Age=31536000060; path=/; secure,PHPSESSID=0288ee47fd335d8499124dd46e1586db; path=/; secure; HttpOnly,PHPSESSID=0288ee47fd335d8499124dd46e1586db; path=/; secure; HttpOnly
    - x-cache-hit: 1
    - last-modified: Tue, 19 May 2026 00:56:41 GMT
    - expires: Thu, 19 Nov 1981 08:52:00 GMT
    - cache-control: no-store, no-cache, must-revalidate
    - pragma: no-cache
    - location: content.php?catoid=18
    - x-frame-options: SAMEORIGIN
    - x-content-type-options: nosniff
    - server: director
    - strict-transport-security: max-age=31536000; includeSubDomains
  - → GET https://catalogue.usc.edu/content.php?catoid=18
    - user-agent: Playwright/1.57.0-beta-1764944708000 (x64; rocky 9.7) python/3.12
    - accept: */*
    - accept-encoding: gzip,deflate,br
    - cookie: acalog_theme=1; PHPSESSID=0288ee47fd335d8499124dd46e1586db
  - ← 302 Found
    - date: Tue, 19 May 2026 00:59:07 GMT
    - content-type: text/html; charset=UTF-8
    - content-length: 0
    - connection: keep-alive
    - content-security-policy: default-src 'self' https: data: blob:; script-src 'self' https: 'unsafe-inline' 'unsafe-eval'; style-src 'self' https: 'unsafe-inline'; img-src 'self' https: data:; font-src 'self' https: data:; object-src 'none'; base-uri 'self'; frame-ancestors 'self';
    - x-cache-hit: 1
    - last-modified: Tue, 19 May 2026 00:56:41 GMT
    - expires: Thu, 19 Nov 1981 08:52:00 GMT
    - cache-control: no-store, no-cache, must-revalidate
    - pragma: no-cache
    - set-cookie: PHPSESSID=0288ee47fd335d8499124dd46e1586db; path=/; secure; HttpOnly
    - location: /index.php?catoid=18
    - x-frame-options: SAMEORIGIN
    - x-content-type-options: nosniff
    - server: director
    - strict-transport-security: max-age=31536000; includeSubDomains
  - → GET https://catalogue.usc.edu/index.php?catoid=18
    - user-agent: Playwright/1.57.0-beta-1764944708000 (x64; rocky 9.7) python/3.12
    - accept: */*
    - accept-encoding: gzip,deflate,br
    - cookie: acalog_theme=1; PHPSESSID=0288ee47fd335d8499124dd46e1586db
  - ← 200 OK
    - date: Tue, 19 May 2026 00:59:10 GMT
    - content-type: text/html; charset=UTF-8
    - content-length: 7347
    - connection: keep-alive
    - content-security-policy: default-src 'self' https: data: blob:; script-src 'self' https: 'unsafe-inline' 'unsafe-eval'; style-src 'self' https: 'unsafe-inline'; img-src 'self' https: data:; font-src 'self' https: data:; object-src 'none'; base-uri 'self'; frame-ancestors 'self';
    - x-cache-hit: 1
    - last-modified: Tue, 19 May 2026 00:56:41 GMT
    - expires: Thu, 19 Nov 1981 08:52:00 GMT
    - cache-control: no-store, no-cache, must-revalidate
    - pragma: no-cache
    - set-cookie: PHPSESSID=0288ee47fd335d8499124dd46e1586db; path=/; secure; HttpOnly,ADRUM_BT=R%3A0%7Cg%3A05c00d49-72f7-4992-8afc-92d749eaf442151%7Cn%3Adigarc_881d5e4b-64f1-425e-8ceb-5e44d2b69b37%7Cd%3A270; expires=Tue, 19-May-2026 00:59:40 GMT; Max-Age=30; path=/; secure
    - vary: Accept-Encoding
    - content-encoding: gzip
    - x-frame-options: SAMEORIGIN
    - x-content-type-options: nosniff
    - server: director
    - strict-transport-security: max-age=31536000; includeSubDomains

[no-content] No extracted text for https://catalogue.usc.edu/preview_program.php?catoid=18&poid=26327.
[playwright.request-second-pass error] APIRequestContext.get: Timeout 30000ms exceeded.
Call log:
  - → GET https://catalog.sjsu.edu/preview_program.php?catoid=13&poid=6386
    - user-agent: Playwright/1.57.0-beta-1764944708000 (x64; rocky 9.7) python/3.12
    - accept: */*
    - accept-encoding: gzip,deflate,br
  - ← 302 Found
    - date: Tue, 19 May 2026 00:59:02 GMT
    - content-type: text/html; charset=UTF-8
    - content-length: 0
    - connection: keep-alive
    - set-cookie: AWSALB=2RdvHOpO5hlph/xpK+r1OtKh8tCX0J/VT7YTNczhTmRwCpbBd6sRb/p391Qvbk7sFxnuRZvB5YPlnVUGGJ66IYgJ37b05FGhMMKbMeUdYO33ZmIxSuBAe9C0i27Z; Expires=Tue, 26 May 2026 00:59:02 GMT; Path=/; secure,AWSALBCORS=2RdvHOpO5hlph/xpK+r1OtKh8tCX0J/VT7YTNczhTmRwCpbBd6sRb/p391Qvbk7sFxnuRZvB5YPlnVUGGJ66IYgJ37b05FGhMMKbMeUdYO33ZmIxSuBAe9C0i27Z; Expires=Tue, 26 May 2026 00:59:02 GMT; Path=/; secure; SameSite=None,acalog_theme=1; expires=Mon, 19-Sep-3025 01:00:02 GMT; Max-Age=31536000060; path=/; secure,PHPSESSID=ccde3f0fb3d58e56a1f50d41d9c8dca3; path=/; secure; HttpOnly,PHPSESSID=ccde3f0fb3d58e56a1f50d41d9c8dca3; path=/; secure; HttpOnly
    - expires: Thu, 19 Nov 1981 08:52:00 GMT
    - cache-control: no-store, no-cache, must-revalidate
    - pragma: no-cache
    - location: content.php?catoid=13
    - x-frame-options: SAMEORIGIN
    - x-content-type-options: nosniff
    - server: director
    - strict-transport-security: max-age=31536000; includeSubDomains
  - → GET https://catalog.sjsu.edu/content.php?catoid=13
    - user-agent: Playwright/1.57.0-beta-1764944708000 (x64; rocky 9.7) python/3.12
    - accept: */*
    - accept-encoding: gzip,deflate,br
    - cookie: AWSALB=2RdvHOpO5hlph/xpK+r1OtKh8tCX0J/VT7YTNczhTmRwCpbBd6sRb/p391Qvbk7sFxnuRZvB5YPlnVUGGJ66IYgJ37b05FGhMMKbMeUdYO33ZmIxSuBAe9C0i27Z; AWSALBCORS=2RdvHOpO5hlph/xpK+r1OtKh8tCX0J/VT7YTNczhTmRwCpbBd6sRb/p391Qvbk7sFxnuRZvB5YPlnVUGGJ66IYgJ37b05FGhMMKbMeUdYO33ZmIxSuBAe9C0i27Z; acalog_theme=1; PHPSESSID=ccde3f0fb3d58e56a1f50d41d9c8dca3
  - ← 302 Found
    - date: Tue, 19 May 2026 00:59:06 GMT
    - content-type: text/html; charset=UTF-8
    - content-length: 0
    - connection: keep-alive
    - set-cookie: AWSALB=JInwl3xI6Qeh9jPB8XxBR15wz7i0oVwfdu5UWk7fwVIHejCyRFS8YXN/8gK+NUSlHbIDvOnjfs7MxtHqeMAByzCprH5ztosQWW5nTUgxnBhNxO6nv9diTqc0CqQF; Expires=Tue, 26 May 2026 00:59:06 GMT; Path=/; secure,AWSALBCORS=JInwl3xI6Qeh9jPB8XxBR15wz7i0oVwfdu5UWk7fwVIHejCyRFS8YXN/8gK+NUSlHbIDvOnjfs7MxtHqeMAByzCprH5ztosQWW5nTUgxnBhNxO6nv9diTqc0CqQF; Expires=Tue, 26 May 2026 00:59:06 GMT; Path=/; secure; SameSite=None,PHPSESSID=ccde3f0fb3d58e56a1f50d41d9c8dca3; path=/; secure; HttpOnly
    - x-cache-hit: 1
    - last-modified: Tue, 19 May 2026 00:09:09 GMT
    - expires: Thu, 19 Nov 1981 08:52:00 GMT
    - cache-control: no-store, no-cache, must-revalidate
    - pragma: no-cache
    - location: /index.php?catoid=13
    - x-frame-options: SAMEORIGIN
    - x-content-type-options: nosniff
    - server: director
    - strict-transport-security: max-age=31536000; includeSubDomains
  - → GET https://catalog.sjsu.edu/index.php?catoid=13
    - user-agent: Playwright/1.57.0-beta-1764944708000 (x64; rocky 9.7) python/3.12
    - accept: */*
    - accept-encoding: gzip,deflate,br
    - cookie: AWSALB=JInwl3xI6Qeh9jPB8XxBR15wz7i0oVwfdu5UWk7fwVIHejCyRFS8YXN/8gK+NUSlHbIDvOnjfs7MxtHqeMAByzCprH5ztosQWW5nTUgxnBhNxO6nv9diTqc0CqQF; AWSALBCORS=JInwl3xI6Qeh9jPB8XxBR15wz7i0oVwfdu5UWk7fwVIHejCyRFS8YXN/8gK+NUSlHbIDvOnjfs7MxtHqeMAByzCprH5ztosQWW5nTUgxnBhNxO6nv9diTqc0CqQF; acalog_theme=1; PHPSESSID=ccde3f0fb3d58e56a1f50d41d9c8dca3
  - ← 200 OK
    - date: Tue, 19 May 2026 00:59:10 GMT
    - content-type: text/html; charset=UTF-8
    - content-length: 10051
    - connection: keep-alive
    - set-cookie: AWSALB=kOKQRmm5F5fV4Ujc1C+qpcCxE8mmueasOvMCwxv1KmRthcw09xLByM+s8O07dEGcF32bXFdUVC/Shox5e+GDHqx94T/satial+9bQzlXEvg5MSYKLChkU//L24ml; Expires=Tue, 26 May 2026 00:59:09 GMT; Path=/; secure,AWSALBCORS=kOKQRmm5F5fV4Ujc1C+qpcCxE8mmueasOvMCwxv1KmRthcw09xLByM+s8O07dEGcF32bXFdUVC/Shox5e+GDHqx94T/satial+9bQzlXEvg5MSYKLChkU//L24ml; Expires=Tue, 26 May 2026 00:59:09 GMT; Path=/; secure; SameSite=None,PHPSESSID=ccde3f0fb3d58e56a1f50d41d9c8dca3; path=/; secure; HttpOnly,ADRUM_BT=R%3A0%7Cg%3Af0fb25b6-8c24-40da-a2f2-34ee1d3516cc558%7Cn%3Adigarc_881d5e4b-64f1-425e-8ceb-5e44d2b69b37%7Ci%3A580111%7Cd%3A366%7Ce%3A317; expires=Tue, 19-May-2026 00:59:40 GMT; Max-Age=30; path=/; secure
    - x-cache-hit: 1
    - last-modified: Tue, 19 May 2026 00:09:09 GMT
    - expires: Thu, 19 Nov 1981 08:52:00 GMT
    - cache-control: no-store, no-cache, must-revalidate
    - pragma: no-cache
    - vary: Accept-Encoding
    - content-encoding: gzip
    - x-frame-options: SAMEORIGIN
    - x-content-type-options: nosniff
    - server: director
    - strict-transport-security: max-age=31536000; includeSubDomains

[no-content] No extracted text for https://catalog.sjsu.edu/preview_program.php?catoid=13&poid=6386.
[playwright.request-second-pass error] APIRequestContext.get: Timeout 30000ms exceeded.
Call log:
  - → GET https://catalog.sjsu.edu/preview_program.php?catoid=13&poid=6398
    - user-agent: Playwright/1.57.0-beta-1764944708000 (x64; rocky 9.7) python/3.12
    - accept: */*
    - accept-encoding: gzip,deflate,br
  - ← 302 Found
    - date: Tue, 19 May 2026 00:59:01 GMT
    - content-type: text/html; charset=UTF-8
    - content-length: 0
    - connection: keep-alive
    - set-cookie: AWSALB=8so7SOr52pwPJiw2O4q7r0Z0agGLDSXKzejDQkKI4/ZEFBBbFfyL96DUws4a9IgF8IBfrvO2aWgFLzXvUztDw5klAV6ct88lsJLUsphvZm4XH91deEDGTJk57TFG; Expires=Tue, 26 May 2026 00:59:01 GMT; Path=/; secure,AWSALBCORS=8so7SOr52pwPJiw2O4q7r0Z0agGLDSXKzejDQkKI4/ZEFBBbFfyL96DUws4a9IgF8IBfrvO2aWgFLzXvUztDw5klAV6ct88lsJLUsphvZm4XH91deEDGTJk57TFG; Expires=Tue, 26 May 2026 00:59:01 GMT; Path=/; secure; SameSite=None,acalog_theme=1; expires=Mon, 19-Sep-3025 01:00:01 GMT; Max-Age=31536000060; path=/; secure,PHPSESSID=9c37feb1df87e3e021ece12a49b88de1; path=/; secure; HttpOnly,PHPSESSID=9c37feb1df87e3e021ece12a49b88de1; path=/; secure; HttpOnly
    - expires: Thu, 19 Nov 1981 08:52:00 GMT
    - cache-control: no-store, no-cache, must-revalidate
    - pragma: no-cache
    - location: content.php?catoid=13
    - x-frame-options: SAMEORIGIN
    - x-content-type-options: nosniff
    - server: director
    - strict-transport-security: max-age=31536000; includeSubDomains
  - → GET https://catalog.sjsu.edu/content.php?catoid=13
    - user-agent: Playwright/1.57.0-beta-1764944708000 (x64; rocky 9.7) python/3.12
    - accept: */*
    - accept-encoding: gzip,deflate,br
    - cookie: AWSALB=8so7SOr52pwPJiw2O4q7r0Z0agGLDSXKzejDQkKI4/ZEFBBbFfyL96DUws4a9IgF8IBfrvO2aWgFLzXvUztDw5klAV6ct88lsJLUsphvZm4XH91deEDGTJk57TFG; AWSALBCORS=8so7SOr52pwPJiw2O4q7r0Z0agGLDSXKzejDQkKI4/ZEFBBbFfyL96DUws4a9IgF8IBfrvO2aWgFLzXvUztDw5klAV6ct88lsJLUsphvZm4XH91deEDGTJk57TFG; acalog_theme=1; PHPSESSID=9c37feb1df87e3e021ece12a49b88de1
  - ← 302 Found
    - date: Tue, 19 May 2026 00:59:06 GMT
    - content-type: text/html; charset=UTF-8
    - content-length: 0
    - connection: keep-alive
    - set-cookie: AWSALB=P0k1aP+y3T25RMpVW5r2sl6360b2Rgaczf+9MtxXPFseIr+irKSuDqSHPgCx2s83Uqlnppt1KGihegmhdU/09TUNVjRuforCuD96WCQ4z5B/rYPKT9TtC4WuYMMa; Expires=Tue, 26 May 2026 00:59:06 GMT; Path=/; secure,AWSALBCORS=P0k1aP+y3T25RMpVW5r2sl6360b2Rgaczf+9MtxXPFseIr+irKSuDqSHPgCx2s83Uqlnppt1KGihegmhdU/09TUNVjRuforCuD96WCQ4z5B/rYPKT9TtC4WuYMMa; Expires=Tue, 26 May 2026 00:59:06 GMT; Path=/; secure; SameSite=None,PHPSESSID=9c37feb1df87e3e021ece12a49b88de1; path=/; secure; HttpOnly
    - x-cache-hit: 1
    - last-modified: Tue, 19 May 2026 00:09:09 GMT
    - expires: Thu, 19 Nov 1981 08:52:00 GMT
    - cache-control: no-store, no-cache, must-revalidate
    - pragma: no-cache
    - location: /index.php?catoid=13
    - x-frame-options: SAMEORIGIN
    - x-content-type-options: nosniff
    - server: director
    - strict-transport-security: max-age=31536000; includeSubDomains
  - → GET https://catalog.sjsu.edu/index.php?catoid=13
    - user-agent: Playwright/1.57.0-beta-1764944708000 (x64; rocky 9.7) python/3.12
    - accept: */*
    - accept-encoding: gzip,deflate,br
    - cookie: AWSALB=P0k1aP+y3T25RMpVW5r2sl6360b2Rgaczf+9MtxXPFseIr+irKSuDqSHPgCx2s83Uqlnppt1KGihegmhdU/09TUNVjRuforCuD96WCQ4z5B/rYPKT9TtC4WuYMMa; AWSALBCORS=P0k1aP+y3T25RMpVW5r2sl6360b2Rgaczf+9MtxXPFseIr+irKSuDqSHPgCx2s83Uqlnppt1KGihegmhdU/09TUNVjRuforCuD96WCQ4z5B/rYPKT9TtC4WuYMMa; acalog_theme=1; PHPSESSID=9c37feb1df87e3e021ece12a49b88de1
  - ← 200 OK
    - date: Tue, 19 May 2026 00:59:10 GMT
    - content-type: text/html; charset=UTF-8
    - content-length: 10051
    - connection: keep-alive
    - set-cookie: AWSALB=y+3GUmUzH1UKC9b+T/zzANbKUa40kehYRdESE5O5ALzzy8GNSMrvSDsjFR7NtLbJfNn89Ip921GO55EPFPcs9/TRn9Py4pivbXVmnqrOzJJJUo7IL9HY5yfiqpSL; Expires=Tue, 26 May 2026 00:59:09 GMT; Path=/; secure,AWSALBCORS=y+3GUmUzH1UKC9b+T/zzANbKUa40kehYRdESE5O5ALzzy8GNSMrvSDsjFR7NtLbJfNn89Ip921GO55EPFPcs9/TRn9Py4pivbXVmnqrOzJJJUo7IL9HY5yfiqpSL; Expires=Tue, 26 May 2026 00:59:09 GMT; Path=/; secure; SameSite=None,PHPSESSID=9c37feb1df87e3e021ece12a49b88de1; path=/; secure; HttpOnly,ADRUM_BT=R%3A0%7Cg%3A73afbe06-a6f4-4738-bfc2-2f6b51619de7155%7Cn%3Adigarc_881d5e4b-64f1-425e-8ceb-5e44d2b69b37%7Ci%3A580111%7Cd%3A369%7Ce%3A344; expires=Tue, 19-May-2026 00:59:40 GMT; Max-Age=30; path=/; secure
    - x-cache-hit: 1
    - last-modified: Tue, 19 May 2026 00:09:09 GMT
    - expires: Thu, 19 Nov 1981 08:52:00 GMT
    - cache-control: no-store, no-cache, must-revalidate
    - pragma: no-cache
    - vary: Accept-Encoding
    - content-encoding: gzip
    - x-frame-options: SAMEORIGIN
    - x-content-type-options: nosniff
    - server: director
    - strict-transport-security: max-age=31536000; includeSubDomains

[no-content] No extracted text for https://catalog.sjsu.edu/preview_program.php?catoid=13&poid=6398.
[playwright.request-second-pass error] APIRequestContext.get: Timeout 30000ms exceeded.
Call log:
  - → GET https://catalog.sjsu.edu/preview_program.php?catoid=13&poid=6395
    - user-agent: Playwright/1.57.0-beta-1764944708000 (x64; rocky 9.7) python/3.12
    - accept: */*
    - accept-encoding: gzip,deflate,br
  - ← 302 Found
    - date: Tue, 19 May 2026 00:59:01 GMT
    - content-type: text/html; charset=UTF-8
    - content-length: 0
    - connection: keep-alive
    - set-cookie: AWSALB=e+ivcM2QDEzpf3Q8WhGHYQkxXY1ElrdC/xX+6wtGoTcit1NPSroh6fuFwMrZtQ9kotv18I8nbl/w1Mesa8ubNDKil5EfUeIegK0ZNUI/MxeOhigGOgbakbSHRV92; Expires=Tue, 26 May 2026 00:59:01 GMT; Path=/; secure,AWSALBCORS=e+ivcM2QDEzpf3Q8WhGHYQkxXY1ElrdC/xX+6wtGoTcit1NPSroh6fuFwMrZtQ9kotv18I8nbl/w1Mesa8ubNDKil5EfUeIegK0ZNUI/MxeOhigGOgbakbSHRV92; Expires=Tue, 26 May 2026 00:59:01 GMT; Path=/; secure; SameSite=None,acalog_theme=1; expires=Mon, 19-Sep-3025 01:00:01 GMT; Max-Age=31536000060; path=/; secure,PHPSESSID=11f614d12d7548649f0c9b64bb34a452; path=/; secure; HttpOnly,PHPSESSID=11f614d12d7548649f0c9b64bb34a452; path=/; secure; HttpOnly
    - expires: Thu, 19 Nov 1981 08:52:00 GMT
    - cache-control: no-store, no-cache, must-revalidate
    - pragma: no-cache
    - location: content.php?catoid=13
    - x-frame-options: SAMEORIGIN
    - x-content-type-options: nosniff
    - server: director
    - strict-transport-security: max-age=31536000; includeSubDomains
  - → GET https://catalog.sjsu.edu/content.php?catoid=13
    - user-agent: Playwright/1.57.0-beta-1764944708000 (x64; rocky 9.7) python/3.12
    - accept: */*
    - accept-encoding: gzip,deflate,br
    - cookie: AWSALB=e+ivcM2QDEzpf3Q8WhGHYQkxXY1ElrdC/xX+6wtGoTcit1NPSroh6fuFwMrZtQ9kotv18I8nbl/w1Mesa8ubNDKil5EfUeIegK0ZNUI/MxeOhigGOgbakbSHRV92; AWSALBCORS=e+ivcM2QDEzpf3Q8WhGHYQkxXY1ElrdC/xX+6wtGoTcit1NPSroh6fuFwMrZtQ9kotv18I8nbl/w1Mesa8ubNDKil5EfUeIegK0ZNUI/MxeOhigGOgbakbSHRV92; acalog_theme=1; PHPSESSID=11f614d12d7548649f0c9b64bb34a452
  - ← 302 Found
    - date: Tue, 19 May 2026 00:59:06 GMT
    - content-type: text/html; charset=UTF-8
    - content-length: 0
    - connection: keep-alive
    - set-cookie: AWSALB=jNJSVdYrcbMzkEx2yMWvSBwt6xRV0yIpegkXc7V+ogDAIrZMtJVhIvJkARTyCQFD4SMsB8jGBsRN3Og+gfypV1LGE6DeVlxs3kSAWoHD3Cqd6shbFu2C248E0y4s; Expires=Tue, 26 May 2026 00:59:06 GMT; Path=/; secure,AWSALBCORS=jNJSVdYrcbMzkEx2yMWvSBwt6xRV0yIpegkXc7V+ogDAIrZMtJVhIvJkARTyCQFD4SMsB8jGBsRN3Og+gfypV1LGE6DeVlxs3kSAWoHD3Cqd6shbFu2C248E0y4s; Expires=Tue, 26 May 2026 00:59:06 GMT; Path=/; secure; SameSite=None,PHPSESSID=11f614d12d7548649f0c9b64bb34a452; path=/; secure; HttpOnly
    - x-cache-hit: 1
    - last-modified: Tue, 19 May 2026 00:09:09 GMT
    - expires: Thu, 19 Nov 1981 08:52:00 GMT
    - cache-control: no-store, no-cache, must-revalidate
    - pragma: no-cache
    - location: /index.php?catoid=13
    - x-frame-options: SAMEORIGIN
    - x-content-type-options: nosniff
    - server: director
    - strict-transport-security: max-age=31536000; includeSubDomains
  - → GET https://catalog.sjsu.edu/index.php?catoid=13
    - user-agent: Playwright/1.57.0-beta-1764944708000 (x64; rocky 9.7) python/3.12
    - accept: */*
    - accept-encoding: gzip,deflate,br
    - cookie: AWSALB=jNJSVdYrcbMzkEx2yMWvSBwt6xRV0yIpegkXc7V+ogDAIrZMtJVhIvJkARTyCQFD4SMsB8jGBsRN3Og+gfypV1LGE6DeVlxs3kSAWoHD3Cqd6shbFu2C248E0y4s; AWSALBCORS=jNJSVdYrcbMzkEx2yMWvSBwt6xRV0yIpegkXc7V+ogDAIrZMtJVhIvJkARTyCQFD4SMsB8jGBsRN3Og+gfypV1LGE6DeVlxs3kSAWoHD3Cqd6shbFu2C248E0y4s; acalog_theme=1; PHPSESSID=11f614d12d7548649f0c9b64bb34a452
  - ← 200 OK
    - date: Tue, 19 May 2026 00:59:11 GMT
    - content-type: text/html; charset=UTF-8
    - content-length: 10051
    - connection: keep-alive
    - set-cookie: AWSALB=PSDqz8xq4+lfeQzhUrqHUrmwa8OFJC2+Mju13HoQ9UGz59FgEppfMqNqQRPGyF/mHdpuAee2Z1p3U5qjuiPdSx4X1aC/ph8TLMSzzDCOAq/zTpsUrWNxcSCAj11F; Expires=Tue, 26 May 2026 00:59:11 GMT; Path=/; secure,AWSALBCORS=PSDqz8xq4+lfeQzhUrqHUrmwa8OFJC2+Mju13HoQ9UGz59FgEppfMqNqQRPGyF/mHdpuAee2Z1p3U5qjuiPdSx4X1aC/ph8TLMSzzDCOAq/zTpsUrWNxcSCAj11F; Expires=Tue, 26 May 2026 00:59:11 GMT; Path=/; secure; SameSite=None,PHPSESSID=11f614d12d7548649f0c9b64bb34a452; path=/; secure; HttpOnly,ADRUM_BT=R%3A0%7Cg%3A81fed96e-955e-4751-a402-2c2487eec686603%7Cn%3Adigarc_881d5e4b-64f1-425e-8ceb-5e44d2b69b37%7Ci%3A580111%7Cd%3A397%7Ce%3A344; expires=Tue, 19-May-2026 00:59:41 GMT; Max-Age=30; path=/; secure
    - x-cache-hit: 1
    - last-modified: Tue, 19 May 2026 00:09:09 GMT
    - expires: Thu, 19 Nov 1981 08:52:00 GMT
    - cache-control: no-store, no-cache, must-revalidate
    - pragma: no-cache
    - vary: Accept-Encoding
    - content-encoding: gzip
    - x-frame-options: SAMEORIGIN
    - x-content-type-options: nosniff
    - server: director
    - strict-transport-security: max-age=31536000; includeSubDomains

[no-content] No extracted text for https://catalog.sjsu.edu/preview_program.php?catoid=13&poid=6395.
[playwright.request-second-pass error] APIRequestContext.get: Timeout 30000ms exceeded.
Call log:
  - → GET https://catalog.sjsu.edu/preview_program.php?catoid=13&poid=6394
    - user-agent: Playwright/1.57.0-beta-1764944708000 (x64; rocky 9.7) python/3.12
    - accept: */*
    - accept-encoding: gzip,deflate,br
  - ← 302 Found
    - date: Tue, 19 May 2026 00:59:01 GMT
    - content-type: text/html; charset=UTF-8
    - content-length: 0
    - connection: keep-alive
    - set-cookie: AWSALB=9JcqZ1dVJlQiPAKE3J2oQ6O8aDyCWGsXRK9/Y0LmyzH9qtdVaUx18KtAYKcetSAoUpZIlHa6zs+YCsFnXpSnRUFdjEMJZn6+DelFKIQ9jIB7797sAHG3iUOYIL8T; Expires=Tue, 26 May 2026 00:59:01 GMT; Path=/; secure,AWSALBCORS=9JcqZ1dVJlQiPAKE3J2oQ6O8aDyCWGsXRK9/Y0LmyzH9qtdVaUx18KtAYKcetSAoUpZIlHa6zs+YCsFnXpSnRUFdjEMJZn6+DelFKIQ9jIB7797sAHG3iUOYIL8T; Expires=Tue, 26 May 2026 00:59:01 GMT; Path=/; secure; SameSite=None,acalog_theme=1; expires=Mon, 19-Sep-3025 01:00:01 GMT; Max-Age=31536000060; path=/; secure,PHPSESSID=234fea7b871b1354884eaa3dd9f6ec61; path=/; secure; HttpOnly,PHPSESSID=234fea7b871b1354884eaa3dd9f6ec61; path=/; secure; HttpOnly
    - expires: Thu, 19 Nov 1981 08:52:00 GMT
    - cache-control: no-store, no-cache, must-revalidate
    - pragma: no-cache
    - location: content.php?catoid=13
    - x-frame-options: SAMEORIGIN
    - x-content-type-options: nosniff
    - server: director
    - strict-transport-security: max-age=31536000; includeSubDomains
  - → GET https://catalog.sjsu.edu/content.php?catoid=13
    - user-agent: Playwright/1.57.0-beta-1764944708000 (x64; rocky 9.7) python/3.12
    - accept: */*
    - accept-encoding: gzip,deflate,br
    - cookie: AWSALB=9JcqZ1dVJlQiPAKE3J2oQ6O8aDyCWGsXRK9/Y0LmyzH9qtdVaUx18KtAYKcetSAoUpZIlHa6zs+YCsFnXpSnRUFdjEMJZn6+DelFKIQ9jIB7797sAHG3iUOYIL8T; AWSALBCORS=9JcqZ1dVJlQiPAKE3J2oQ6O8aDyCWGsXRK9/Y0LmyzH9qtdVaUx18KtAYKcetSAoUpZIlHa6zs+YCsFnXpSnRUFdjEMJZn6+DelFKIQ9jIB7797sAHG3iUOYIL8T; acalog_theme=1; PHPSESSID=234fea7b871b1354884eaa3dd9f6ec61
  - ← 302 Found
    - date: Tue, 19 May 2026 00:59:05 GMT
    - content-type: text/html; charset=UTF-8
    - content-length: 0
    - connection: keep-alive
    - set-cookie: AWSALB=sD90X5FId5rZy1D0MA98S1zW4A3ZSRDd3n7aL3RN4vWtpP+NMIU4QW5Ws9x0jofY7rZpJKtSGe0tDfMOfeAcBKATyINJfgcxSCSZ/Fy73+4vQKG6Jt+Hxwzq72+U; Expires=Tue, 26 May 2026 00:59:05 GMT; Path=/; secure,AWSALBCORS=sD90X5FId5rZy1D0MA98S1zW4A3ZSRDd3n7aL3RN4vWtpP+NMIU4QW5Ws9x0jofY7rZpJKtSGe0tDfMOfeAcBKATyINJfgcxSCSZ/Fy73+4vQKG6Jt+Hxwzq72+U; Expires=Tue, 26 May 2026 00:59:05 GMT; Path=/; secure; SameSite=None,PHPSESSID=234fea7b871b1354884eaa3dd9f6ec61; path=/; secure; HttpOnly
    - x-cache-hit: 1
    - last-modified: Tue, 19 May 2026 00:09:09 GMT
    - expires: Thu, 19 Nov 1981 08:52:00 GMT
    - cache-control: no-store, no-cache, must-revalidate
    - pragma: no-cache
    - location: /index.php?catoid=13
    - x-frame-options: SAMEORIGIN
    - x-content-type-options: nosniff
    - server: director
    - strict-transport-security: max-age=31536000; includeSubDomains
  - → GET https://catalog.sjsu.edu/index.php?catoid=13
    - user-agent: Playwright/1.57.0-beta-1764944708000 (x64; rocky 9.7) python/3.12
    - accept: */*
    - accept-encoding: gzip,deflate,br
    - cookie: AWSALB=sD90X5FId5rZy1D0MA98S1zW4A3ZSRDd3n7aL3RN4vWtpP+NMIU4QW5Ws9x0jofY7rZpJKtSGe0tDfMOfeAcBKATyINJfgcxSCSZ/Fy73+4vQKG6Jt+Hxwzq72+U; AWSALBCORS=sD90X5FId5rZy1D0MA98S1zW4A3ZSRDd3n7aL3RN4vWtpP+NMIU4QW5Ws9x0jofY7rZpJKtSGe0tDfMOfeAcBKATyINJfgcxSCSZ/Fy73+4vQKG6Jt+Hxwzq72+U; acalog_theme=1; PHPSESSID=234fea7b871b1354884eaa3dd9f6ec61
  - ← 200 OK
    - date: Tue, 19 May 2026 00:59:11 GMT
    - content-type: text/html; charset=UTF-8
    - content-length: 10051
    - connection: keep-alive
    - set-cookie: AWSALB=ABGX8QDYIlaMI7UATTnFJLFbQB2cLCcHSLqBsLfC2e3tZAHbkSt2MRuYbbKhTUPlGTHxTffCzOaFYafwy6bevYpSHpORGp2PHUse4byULVoYFmfn7/s2hOkXgThb; Expires=Tue, 26 May 2026 00:59:10 GMT; Path=/; secure,AWSALBCORS=ABGX8QDYIlaMI7UATTnFJLFbQB2cLCcHSLqBsLfC2e3tZAHbkSt2MRuYbbKhTUPlGTHxTffCzOaFYafwy6bevYpSHpORGp2PHUse4byULVoYFmfn7/s2hOkXgThb; Expires=Tue, 26 May 2026 00:59:10 GMT; Path=/; secure; SameSite=None,PHPSESSID=234fea7b871b1354884eaa3dd9f6ec61; path=/; secure; HttpOnly,ADRUM_BT=R%3A0%7Cg%3Aed495122-1157-43e5-82b1-2bcf2c31768a861%7Cn%3Adigarc_881d5e4b-64f1-425e-8ceb-5e44d2b69b37%7Ci%3A580111%7Cd%3A346%7Ce%3A344; expires=Tue, 19-May-2026 00:59:41 GMT; Max-Age=30; path=/; secure
    - x-cache-hit: 1
    - last-modified: Tue, 19 May 2026 00:09:09 GMT
    - expires: Thu, 19 Nov 1981 08:52:00 GMT
    - cache-control: no-store, no-cache, must-revalidate
    - pragma: no-cache
    - vary: Accept-Encoding
    - content-encoding: gzip
    - x-frame-options: SAMEORIGIN
    - x-content-type-options: nosniff
    - server: director
    - strict-transport-security: max-age=31536000; includeSubDomains

[no-content] No extracted text for https://catalog.sjsu.edu/preview_program.php?catoid=13&poid=6394.
[playwright.request-second-pass error] APIRequestContext.get: Timeout 30000ms exceeded.
Call log:
  - → GET https://catalog.sjsu.edu/preview_program.php?catoid=13&poid=6391
    - user-agent: Playwright/1.57.0-beta-1764944708000 (x64; rocky 9.7) python/3.12
    - accept: */*
    - accept-encoding: gzip,deflate,br
  - ← 302 Found
    - date: Tue, 19 May 2026 00:59:01 GMT
    - content-type: text/html; charset=UTF-8
    - content-length: 0
    - connection: keep-alive
    - set-cookie: AWSALB=8+zzpb6/dnd7Kzmc7lfdGLYvUfFxe6pAg4xVChh97AjCoZfKjMlrB0m198Rwt7YuS2d9QLxyzrjug1UPdvHUnOnXIBs2r+/a21NDQdfZUJOT8qwSjjS79rjFeLSP; Expires=Tue, 26 May 2026 00:59:01 GMT; Path=/; secure,AWSALBCORS=8+zzpb6/dnd7Kzmc7lfdGLYvUfFxe6pAg4xVChh97AjCoZfKjMlrB0m198Rwt7YuS2d9QLxyzrjug1UPdvHUnOnXIBs2r+/a21NDQdfZUJOT8qwSjjS79rjFeLSP; Expires=Tue, 26 May 2026 00:59:01 GMT; Path=/; secure; SameSite=None,acalog_theme=1; expires=Mon, 19-Sep-3025 01:00:01 GMT; Max-Age=31536000060; path=/; secure,PHPSESSID=3e4e86dea069cbac6816e678823bbb8f; path=/; secure; HttpOnly,PHPSESSID=3e4e86dea069cbac6816e678823bbb8f; path=/; secure; HttpOnly
    - expires: Thu, 19 Nov 1981 08:52:00 GMT
    - cache-control: no-store, no-cache, must-revalidate
    - pragma: no-cache
    - location: content.php?catoid=13
    - x-frame-options: SAMEORIGIN
    - x-content-type-options: nosniff
    - server: director
    - strict-transport-security: max-age=31536000; includeSubDomains
  - → GET https://catalog.sjsu.edu/content.php?catoid=13
    - user-agent: Playwright/1.57.0-beta-1764944708000 (x64; rocky 9.7) python/3.12
    - accept: */*
    - accept-encoding: gzip,deflate,br
    - cookie: AWSALB=8+zzpb6/dnd7Kzmc7lfdGLYvUfFxe6pAg4xVChh97AjCoZfKjMlrB0m198Rwt7YuS2d9QLxyzrjug1UPdvHUnOnXIBs2r+/a21NDQdfZUJOT8qwSjjS79rjFeLSP; AWSALBCORS=8+zzpb6/dnd7Kzmc7lfdGLYvUfFxe6pAg4xVChh97AjCoZfKjMlrB0m198Rwt7YuS2d9QLxyzrjug1UPdvHUnOnXIBs2r+/a21NDQdfZUJOT8qwSjjS79rjFeLSP; acalog_theme=1; PHPSESSID=3e4e86dea069cbac6816e678823bbb8f
  - ← 302 Found
    - date: Tue, 19 May 2026 00:59:06 GMT
    - content-type: text/html; charset=UTF-8
    - content-length: 0
    - connection: keep-alive
    - set-cookie: AWSALB=FH3PNXWD3wl7IdH+7WH9/wDTkfHhKW4Ms1VFiqEi391C8ApRw3BixfQ47W//chdYLWSuyVXzelbYkMXEVEtpzA4AdpXSo8Srdo6K9qYOu1gG0A/3bWpCgzDzhTgR; Expires=Tue, 26 May 2026 00:59:06 GMT; Path=/; secure,AWSALBCORS=FH3PNXWD3wl7IdH+7WH9/wDTkfHhKW4Ms1VFiqEi391C8ApRw3BixfQ47W//chdYLWSuyVXzelbYkMXEVEtpzA4AdpXSo8Srdo6K9qYOu1gG0A/3bWpCgzDzhTgR; Expires=Tue, 26 May 2026 00:59:06 GMT; Path=/; secure; SameSite=None,PHPSESSID=3e4e86dea069cbac6816e678823bbb8f; path=/; secure; HttpOnly
    - x-cache-hit: 1
    - last-modified: Tue, 19 May 2026 00:09:09 GMT
    - expires: Thu, 19 Nov 1981 08:52:00 GMT
    - cache-control: no-store, no-cache, must-revalidate
    - pragma: no-cache
    - location: /index.php?catoid=13
    - x-frame-options: SAMEORIGIN
    - x-content-type-options: nosniff
    - server: director
    - strict-transport-security: max-age=31536000; includeSubDomains
  - → GET https://catalog.sjsu.edu/index.php?catoid=13
    - user-agent: Playwright/1.57.0-beta-1764944708000 (x64; rocky 9.7) python/3.12
    - accept: */*
    - accept-encoding: gzip,deflate,br
    - cookie: AWSALB=FH3PNXWD3wl7IdH+7WH9/wDTkfHhKW4Ms1VFiqEi391C8ApRw3BixfQ47W//chdYLWSuyVXzelbYkMXEVEtpzA4AdpXSo8Srdo6K9qYOu1gG0A/3bWpCgzDzhTgR; AWSALBCORS=FH3PNXWD3wl7IdH+7WH9/wDTkfHhKW4Ms1VFiqEi391C8ApRw3BixfQ47W//chdYLWSuyVXzelbYkMXEVEtpzA4AdpXSo8Srdo6K9qYOu1gG0A/3bWpCgzDzhTgR; acalog_theme=1; PHPSESSID=3e4e86dea069cbac6816e678823bbb8f
  - ← 200 OK
    - date: Tue, 19 May 2026 00:59:11 GMT
    - content-type: text/html; charset=UTF-8
    - content-length: 10051
    - connection: keep-alive
    - set-cookie: AWSALB=hf3P9oK16BCD30EFda1boaet1LTbh82jfd3SF1EaZH+MLt64rNKDFBDH8i4WNCAfq6Y67bEiSF2wAfucW2JfLf/6+l3XK9J4c/R1dQAs1xYvCK/aC9USkUA+I47O; Expires=Tue, 26 May 2026 00:59:11 GMT; Path=/; secure,AWSALBCORS=hf3P9oK16BCD30EFda1boaet1LTbh82jfd3SF1EaZH+MLt64rNKDFBDH8i4WNCAfq6Y67bEiSF2wAfucW2JfLf/6+l3XK9J4c/R1dQAs1xYvCK/aC9USkUA+I47O; Expires=Tue, 26 May 2026 00:59:11 GMT; Path=/; secure; SameSite=None,PHPSESSID=3e4e86dea069cbac6816e678823bbb8f; path=/; secure; HttpOnly,ADRUM_BT=R%3A0%7Cg%3A903efdc4-4522-4985-bb85-440cb275f3c11081%7Cn%3Adigarc_881d5e4b-64f1-425e-8ceb-5e44d2b69b37%7Ci%3A580111%7Cd%3A314%7Ce%3A242; expires=Tue, 19-May-2026 00:59:41 GMT; Max-Age=30; path=/; secure
    - x-cache-hit: 1
    - last-modified: Tue, 19 May 2026 00:09:09 GMT
    - expires: Thu, 19 Nov 1981 08:52:00 GMT
    - cache-control: no-store, no-cache, must-revalidate
    - pragma: no-cache
    - vary: Accept-Encoding
    - content-encoding: gzip
    - x-frame-options: SAMEORIGIN
    - x-content-type-options: nosniff
    - server: director
    - strict-transport-security: max-age=31536000; includeSubDomains

[no-content] No extracted text for https://catalog.sjsu.edu/preview_program.php?catoid=13&poid=6391.
[playwright.request-second-pass error] APIRequestContext.get: Timeout 30000ms exceeded.
Call log:
  - → GET https://catalog.sjsu.edu/preview_program.php?catoid=13&poid=6390
    - user-agent: Playwright/1.57.0-beta-1764944708000 (x64; rocky 9.7) python/3.12
    - accept: */*
    - accept-encoding: gzip,deflate,br
  - ← 302 Found
    - date: Tue, 19 May 2026 00:59:01 GMT
    - content-type: text/html; charset=UTF-8
    - content-length: 0
    - connection: keep-alive
    - set-cookie: AWSALB=VOtULlubW0bk1dIk6AjgRvg53RiMbbjT/i1p99xh25ntkotwTQslNHb3hVm3YFBIMgq+w7zuqhTJKf5WtPPDsLhAO92Hmod45vwuHIAvB4VHJUwqoXUNX40wQ06L; Expires=Tue, 26 May 2026 00:59:01 GMT; Path=/; secure,AWSALBCORS=VOtULlubW0bk1dIk6AjgRvg53RiMbbjT/i1p99xh25ntkotwTQslNHb3hVm3YFBIMgq+w7zuqhTJKf5WtPPDsLhAO92Hmod45vwuHIAvB4VHJUwqoXUNX40wQ06L; Expires=Tue, 26 May 2026 00:59:01 GMT; Path=/; secure; SameSite=None,acalog_theme=1; expires=Mon, 19-Sep-3025 01:00:01 GMT; Max-Age=31536000060; path=/; secure,PHPSESSID=48e5bc98b84edf1a4f3991657f5ebb1b; path=/; secure; HttpOnly,PHPSESSID=48e5bc98b84edf1a4f3991657f5ebb1b; path=/; secure; HttpOnly
    - expires: Thu, 19 Nov 1981 08:52:00 GMT
    - cache-control: no-store, no-cache, must-revalidate
    - pragma: no-cache
    - location: content.php?catoid=13
    - x-frame-options: SAMEORIGIN
    - x-content-type-options: nosniff
    - server: director
    - strict-transport-security: max-age=31536000; includeSubDomains
  - → GET https://catalog.sjsu.edu/content.php?catoid=13
    - user-agent: Playwright/1.57.0-beta-1764944708000 (x64; rocky 9.7) python/3.12
    - accept: */*
    - accept-encoding: gzip,deflate,br
    - cookie: AWSALB=VOtULlubW0bk1dIk6AjgRvg53RiMbbjT/i1p99xh25ntkotwTQslNHb3hVm3YFBIMgq+w7zuqhTJKf5WtPPDsLhAO92Hmod45vwuHIAvB4VHJUwqoXUNX40wQ06L; AWSALBCORS=VOtULlubW0bk1dIk6AjgRvg53RiMbbjT/i1p99xh25ntkotwTQslNHb3hVm3YFBIMgq+w7zuqhTJKf5WtPPDsLhAO92Hmod45vwuHIAvB4VHJUwqoXUNX40wQ06L; acalog_theme=1; PHPSESSID=48e5bc98b84edf1a4f3991657f5ebb1b
  - ← 302 Found
    - date: Tue, 19 May 2026 00:59:07 GMT
    - content-type: text/html; charset=UTF-8
    - content-length: 0
    - connection: keep-alive
    - set-cookie: AWSALB=2gCaVAt68gQbz+IdfsOcRY4U8Y0KveZ+3/fanq8npIUpe4N9irDWF87afQPi3sKvRrLbgvKaNuzrcdXmyJcavRdtd4RLafT6duRJYDNziwcdHD7+pvZON10MGKIj; Expires=Tue, 26 May 2026 00:59:07 GMT; Path=/; secure,AWSALBCORS=2gCaVAt68gQbz+IdfsOcRY4U8Y0KveZ+3/fanq8npIUpe4N9irDWF87afQPi3sKvRrLbgvKaNuzrcdXmyJcavRdtd4RLafT6duRJYDNziwcdHD7+pvZON10MGKIj; Expires=Tue, 26 May 2026 00:59:07 GMT; Path=/; secure; SameSite=None,PHPSESSID=48e5bc98b84edf1a4f3991657f5ebb1b; path=/; secure; HttpOnly
    - x-cache-hit: 1
    - last-modified: Tue, 19 May 2026 00:09:09 GMT
    - expires: Thu, 19 Nov 1981 08:52:00 GMT
    - cache-control: no-store, no-cache, must-revalidate
    - pragma: no-cache
    - location: /index.php?catoid=13
    - x-frame-options: SAMEORIGIN
    - x-content-type-options: nosniff
    - server: director
    - strict-transport-security: max-age=31536000; includeSubDomains
  - → GET https://catalog.sjsu.edu/index.php?catoid=13
    - user-agent: Playwright/1.57.0-beta-1764944708000 (x64; rocky 9.7) python/3.12
    - accept: */*
    - accept-encoding: gzip,deflate,br
    - cookie: AWSALB=2gCaVAt68gQbz+IdfsOcRY4U8Y0KveZ+3/fanq8npIUpe4N9irDWF87afQPi3sKvRrLbgvKaNuzrcdXmyJcavRdtd4RLafT6duRJYDNziwcdHD7+pvZON10MGKIj; AWSALBCORS=2gCaVAt68gQbz+IdfsOcRY4U8Y0KveZ+3/fanq8npIUpe4N9irDWF87afQPi3sKvRrLbgvKaNuzrcdXmyJcavRdtd4RLafT6duRJYDNziwcdHD7+pvZON10MGKIj; acalog_theme=1; PHPSESSID=48e5bc98b84edf1a4f3991657f5ebb1b
  - ← 200 OK
    - date: Tue, 19 May 2026 00:59:11 GMT
    - content-type: text/html; charset=UTF-8
    - content-length: 10051
    - connection: keep-alive
    - set-cookie: AWSALB=5X9KSeTgv3O+Bw324aQtbe21gliwVny1m9l67jRK+hAOvpafgMtxSaTAMvy+0EWXrT3YBezYmSn9ibNK8rOzzv1v2rXi60RSCGyo607Vztbnk2WyeKgjOBVo3G/N; Expires=Tue, 26 May 2026 00:59:11 GMT; Path=/; secure,AWSALBCORS=5X9KSeTgv3O+Bw324aQtbe21gliwVny1m9l67jRK+hAOvpafgMtxSaTAMvy+0EWXrT3YBezYmSn9ibNK8rOzzv1v2rXi60RSCGyo607Vztbnk2WyeKgjOBVo3G/N; Expires=Tue, 26 May 2026 00:59:11 GMT; Path=/; secure; SameSite=None,PHPSESSID=48e5bc98b84edf1a4f3991657f5ebb1b; path=/; secure; HttpOnly,ADRUM_BT=R%3A0%7Cg%3A2117a115-bd8c-4137-bdbc-58f712d4f817223%7Cn%3Adigarc_881d5e4b-64f1-425e-8ceb-5e44d2b69b37%7Ci%3A580111%7Cd%3A409%7Ce%3A344; expires=Tue, 19-May-2026 00:59:41 GMT; Max-Age=30; path=/; secure
    - x-cache-hit: 1
    - last-modified: Tue, 19 May 2026 00:09:09 GMT
    - expires: Thu, 19 Nov 1981 08:52:00 GMT
    - cache-control: no-store, no-cache, must-revalidate
    - pragma: no-cache
    - vary: Accept-Encoding
    - content-encoding: gzip
    - x-frame-options: SAMEORIGIN
    - x-content-type-options: nosniff
    - server: director
    - strict-transport-security: max-age=31536000; includeSubDomains

[no-content] No extracted text for https://catalog.sjsu.edu/preview_program.php?catoid=13&poid=6390.
[playwright] Hydration condition met for https://getschooled.com/article/5398-best-scholarship-websites/
[playwright] Hydration condition met for https://admissions.ucr.edu
[playwright] Hydration condition met for https://jedfoundation.org/resource/tips-for-first-generation-college-students/
[playwright] Hydration condition met for https://www.ucdavis.edu/admissions/undergraduate/transfer/requirements
[playwright] Hydration condition met for https://admission.ucla.edu/apply/transfer
[playwright] Hydration condition met for https://admission.ucla.edu/apply/freshman
[playwright] Hydration condition met for https://www.math.ucla.edu/ugrad/majors/math
[playwright] Hydration condition met for https://studentaid.gov/manage-loans/repayment/repaying-101
[playwright] Hydration condition met for https://www.math.ucla.edu/ugrad/majors/mathcomp
[playwright] Hydration condition met for https://www.ucdavis.edu/admissions/undergraduate/freshman/requirements
[playwright] Hydration condition met for https://registrar.berkeley.edu/tuition-fees-residency/tuition-fees
[playwright] Hydration condition met for https://www.coalitionforcollegeaccess.org/mycoalition-counselor-all/researching-colleges
[playwright] Hydration condition met for https://c2c.ca.gov/data-stories/pathways-to-college-in-california/
[playwright] Hydration condition met for https://admissions.berkeley.edu/dates-deadlines
[playwright] Hydration condition met for https://admissions.berkeley.edu/apply
[playwright] Hydration condition met for https://catalog.sjsu.edu/preview_program.php?catoid=13&poid=6355
[playwright] Hydration condition met for https://asianam.ucla.edu/undergraduate/major
[playwright] Hydration condition met for https://catalog.sjsu.edu/preview_program.php?catoid=13&poid=6356
[playwright] Hydration condition met for https://www.math.ucla.edu/ugrad/majors/mathteach
[playwright] Hydration condition met for https://admissions.uci.edu/contact.php
[playwright] Hydration condition met for https://admissions.berkeley.edu/contact-us
[playwright] Hydration condition met for https://catalog.sjsu.edu/preview_program.php?catoid=13&poid=6352
[saved] outputs_aiohttp/seaver.pepperdine.edu_admission.txt (chars: 3949)
[blocked] Extracted text for https://epic.edu/admissions still appears blocked/interstitial; skipping save.
[blocked] Extracted text for https://www.csac.ca.gov/cal-grant still appears blocked/interstitial; skipping save.
[blocked] Extracted text for https://www.csac.ca.gov/student-forms still appears blocked/interstitial; skipping save.
[playwright] Hydration condition met for https://jedfoundation.org
[playwright] Hydration condition met for https://catalog.sjsu.edu/preview_program.php?catoid=13&poid=6353
[playwright] Hydration condition met for https://admissions.berkeley.edu
[saved] outputs_aiohttp/bigfuture.collegeboard.org_pay-for-college_get-help-paying-for-college_scholarships-grants-institutional-aid_understanding-your-financial-aid-award-offers.txt (chars: 5214)
[saved] outputs_aiohttp/bigfuture.collegeboard.org_pay-for-college_get-help-paying-for-college_scholarships-grants-institutional-aid_the-basics-on-grants-and-scholarships.txt (chars: 4396)
[saved] outputs_aiohttp/bigfuture.collegeboard.org_pay-for-college_get-help-paying-for-college_how-to-prepare-to-apply-financial-aid.txt (chars: 4058)
[playwright] Hydration condition met for https://admissions.uci.edu
[playwright] Hydration condition met for https://making-waves.org/seven-tips-for-first-gen-college-students-from-first-gen-college-grad/
[saved] outputs_aiohttp/bigfuture.collegeboard.org_pay-for-college_get-help-paying-for-college_college-loans_what-are-private-student-loans.txt (chars: 4957)
[playwright] Hydration condition met for https://publichealth.uci.edu/undergraduate/bs-public-health-sciences
[saved] outputs_aiohttp/bigfuture.collegeboard.org_pay-for-college_get-help-paying-for-college_college-loans_what-are-federal-student-loans.txt (chars: 6552)
[playwright] Hydration condition met for https://publichealth.uci.edu/undergraduate/ba-public-health-policy
[saved] outputs_aiohttp/www.ndnu.edu_admissions_undergraduate.txt (chars: 6397)
[playwright] Hydration condition met for https://getschooled.com/article/5600-how-to-effectively-find-scholarships/
[saved] outputs_aiohttp/csumb.edu_catalog_programs_undergraduate_sustainable-hospitality-management-bs.txt (chars: 320)
[saved] outputs_aiohttp/csumb.edu_catalog_programs_undergraduate_liberal-studies-ba.txt (chars: 320)
[saved] outputs_aiohttp/csumb.edu_catalog_programs_undergraduate_music-ba.txt (chars: 320)
[saved] outputs_aiohttp/csumb.edu_catalog_programs_undergraduate_statistics-bs.txt (chars: 320)
[saved] outputs_aiohttp/csumb.edu_catalog_programs_undergraduate_spanish-language-and-hispanic-cultures-ba.txt (chars: 320)
[saved] outputs_aiohttp/csumb.edu_catalog_programs_undergraduate_visual-and-public-art-ba.txt (chars: 320)
[saved] outputs_aiohttp/csumb.edu_catalog_programs_undergraduate_social-and-behavioral-sciences-ba.txt (chars: 320)
[saved] outputs_aiohttp/csumb.edu_catalog_programs_undergraduate_psychology-ba.txt (chars: 320)
[saved] outputs_aiohttp/csumb.edu_catalog_programs_undergraduate_nursing-bsn.txt (chars: 320)
[no-content] No extracted text for https://studentaid.gov/understand-aid/types/grants/pell.
[saved] outputs_aiohttp/www.cpp.edu_ceis_early-childhood-studies_index.shtml.txt (chars: 2904)
[saved] outputs_aiohttp/www.cpp.edu_agri_plant-science_index.shtml.txt (chars: 2520)
[saved] outputs_aiohttp/www.cpp.edu_ceis_liberal-studies_index.shtml.txt (chars: 734)
[saved] outputs_aiohttp/www.cpp.edu_env_architecture_index.shtml.txt (chars: 1802)
[saved] outputs_aiohttp/www.cpp.edu_agri_animal-science_index.shtml.txt (chars: 1797)
[saved] outputs_aiohttp/journalism.calpoly.edu.txt (chars: 2979)
[saved] outputs_aiohttp/animalscience.calpoly.edu.txt (chars: 2221)
[saved] outputs_aiohttp/statistics.calpoly.edu.txt (chars: 1407)
[saved] outputs_aiohttp/physics.calpoly.edu.txt (chars: 1012)
[playwright wait_for_function] Timed out (8000ms) - page may be unresponsive or slow.
[saved] outputs_aiohttp/catalog.ucsd.edu_curric_JWSP-ug.html.txt (chars: 10039)
[saved] outputs_aiohttp/liberalstudies.calpoly.edu.txt (chars: 15)
[saved] outputs_aiohttp/www.csusm.edu_finaid_index.html.txt (chars: 591)
[saved] outputs_aiohttp/www.csusm.edu_sfs_tuition_index.html.txt (chars: 346)
[saved] outputs_aiohttp/www.csusm.edu_vpa_programs_ba.html.txt (chars: 488)
[saved] outputs_aiohttp/catalog.sjsu.edu_preview_program.php.txt (chars: 13)
[saved] outputs_aiohttp/catalog.ucsd.edu_curric_COMM-ug.html.txt (chars: 15749)
[saved] outputs_aiohttp/catalog.csustan.edu_preview_program.php.txt (chars: 13)
[saved] outputs_aiohttp/catalog.csustan.edu_preview_program.php.txt (chars: 13)
[saved] outputs_aiohttp/catalog.csustan.edu_preview_program.php.txt (chars: 13)
[saved] outputs_aiohttp/catalog.csustan.edu_preview_program.php.txt (chars: 13)
[saved] outputs_aiohttp/catalog.csustan.edu_preview_program.php.txt (chars: 13)
[saved] outputs_aiohttp/catalog.sjsu.edu_preview_program.php.txt (chars: 13)
[saved] outputs_aiohttp/catalog.sjsu.edu_preview_program.php.txt (chars: 13)
[saved] outputs_aiohttp/catalog.sjsu.edu_preview_program.php.txt (chars: 13)
[saved] outputs_aiohttp/catalog.sjsu.edu_preview_program.php.txt (chars: 13)
[saved] outputs_aiohttp/architecture.calpoly.edu.txt (chars: 847)
[saved] outputs_aiohttp/catalogue.usc.edu_preview_program.php.txt (chars: 13)
[saved] outputs_aiohttp/catalogue.usc.edu_preview_program.php.txt (chars: 13)
[saved] outputs_aiohttp/catalog.ucmerced.edu_preview_program.php.txt (chars: 13)
[saved] outputs_aiohttp/catalog.sjsu.edu_preview_program.php.txt (chars: 13)
[saved] outputs_aiohttp/catalog.sjsu.edu_preview_program.php.txt (chars: 13)
[saved] outputs_aiohttp/catalog.ucmerced.edu_preview_program.php.txt (chars: 13)
[saved] outputs_aiohttp/catalogue.usc.edu_preview_program.php.txt (chars: 13)
[saved] outputs_aiohttp/catalog.sjsu.edu_preview_program.php.txt (chars: 13)
[saved] outputs_aiohttp/catalogue.usc.edu_preview_program.php.txt (chars: 13)
[saved] outputs_aiohttp/catalog.ucmerced.edu_preview_program.php.txt (chars: 13)
[saved] outputs_aiohttp/catalog.sjsu.edu_preview_program.php.txt (chars: 13)
[saved] outputs_aiohttp/catalog.ucmerced.edu_preview_program.php.txt (chars: 13)
[saved] outputs_aiohttp/catalog.sjsu.edu_preview_program.php.txt (chars: 13)
[saved] outputs_aiohttp/catalog.ucmerced.edu_preview_program.php.txt (chars: 13)
[saved] outputs_aiohttp/catalogue.usc.edu_preview_program.php.txt (chars: 13)
[saved] outputs_aiohttp/catalog.ucmerced.edu_preview_program.php.txt (chars: 13)
[saved] outputs_aiohttp/catalog.ucmerced.edu_preview_program.php.txt (chars: 13)
[no-content] No extracted text for https://studentaid.gov/h/understand-aid/how-aid-works.
[no-content] No extracted text for https://studentaid.gov/understand-aid/types/loans/subsidized-unsubsidized.
[saved] outputs_aiohttp/www.csueastbay.edu_kin_programs_bs-kinesiology.html.txt (chars: 1629)
[saved] outputs_aiohttp/catalog.ucsd.edu_curric_SOC-ug.html.txt (chars: 21101)
[saved] outputs_aiohttp/catalog.ucsd.edu_curric_GLBH-ug.html.txt (chars: 39273)
[saved] outputs_aiohttp/catalog.ucsd.edu_curric_ECE-ug.html.txt (chars: 48048)
[saved] outputs_aiohttp/catalog.ucsd.edu_curric_MAE-ug.html.txt (chars: 35026)
[saved] outputs_aiohttp/marine.calpoly.edu.txt (chars: 1066)
[playwright] Hydration condition met for https://catalog.sjsu.edu/preview_program.php?catoid=13&poid=6354
[saved] outputs_aiohttp/catalog.ucsd.edu_curric_LIT-ug.html.txt (chars: 43601)
[saved] outputs_aiohttp/catalog.ucsd.edu_curric_PSYC-ug.html.txt (chars: 32714)
[saved] outputs_aiohttp/catalog.ucsd.edu_curric_ECON-ug.html.txt (chars: 33370)
[saved] outputs_aiohttp/catalog.ucsd.edu_curric_BENG-ug.html.txt (chars: 29190)
[saved] outputs_aiohttp/ee.calpoly.edu.txt (chars: 133)
[saved] outputs_aiohttp/catalog.sjsu.edu_preview_program.php.txt (chars: 13)
[saved] outputs_aiohttp/catalog.ucmerced.edu_preview_program.php.txt (chars: 13)
[saved] outputs_aiohttp/catalog.sjsu.edu_preview_program.php.txt (chars: 13)
[saved] outputs_aiohttp/catalog.csustan.edu_preview_program.php.txt (chars: 13)
[saved] outputs_aiohttp/catalog.csustan.edu_preview_program.php.txt (chars: 13)
[saved] outputs_aiohttp/catalog.csustan.edu_preview_program.php.txt (chars: 13)
[saved] outputs_aiohttp/catalog.sjsu.edu_preview_program.php.txt (chars: 13)
[saved] outputs_aiohttp/catalog.ucmerced.edu_preview_program.php.txt (chars: 13)
[saved] outputs_aiohttp/catalogue.usc.edu_preview_program.php.txt (chars: 13)
[saved] outputs_aiohttp/www.csulb.edu_student-records_tuition-and-fees.txt (chars: 20320)
[saved] outputs_aiohttp/catalog.fullerton.edu_preview_program.php.txt (chars: 3657)
[saved] outputs_aiohttp/catalog.fullerton.edu_preview_program.php.txt (chars: 4052)
[saved] outputs_aiohttp/catalog.fullerton.edu_preview_program.php.txt (chars: 3341)
[saved] outputs_aiohttp/catalog.fullerton.edu_preview_program.php.txt (chars: 3144)
[saved] outputs_aiohttp/catalog.fullerton.edu_preview_program.php.txt (chars: 3514)
[saved] outputs_aiohttp/catalog.fullerton.edu_preview_program.php.txt (chars: 2642)
[saved] outputs_aiohttp/catalog.fullerton.edu_preview_program.php.txt (chars: 2074)
[saved] outputs_aiohttp/csumb.edu_catalog_programs_undergraduate_marine-science-bs.txt (chars: 320)
[saved] outputs_aiohttp/csumb.edu_catalog_programs_undergraduate_mathematics-bs.txt (chars: 320)
[saved] outputs_aiohttp/csumb.edu_catalog_programs_undergraduate_human-development-and-family-science-ba.txt (chars: 320)
[saved] outputs_aiohttp/csumb.edu_catalog_programs_undergraduate_kinesiology-bs.txt (chars: 320)
[saved] outputs_aiohttp/csumb.edu_catalog_programs_undergraduate_humanities-communication-ba.txt (chars: 320)
[saved] outputs_aiohttp/www.westmont.edu_computer-science.txt (chars: 3584)
[saved] outputs_aiohttp/www.ndnu.edu_academics_undergraduate-programs_sociology.txt (chars: 6397)
[saved] outputs_aiohttp/csumb.edu_catalog_programs_undergraduate_global-studies-ba.txt (chars: 320)
[saved] outputs_aiohttp/csumb.edu_catalog_programs_undergraduate_environmental-science-technology-policy-bs.txt (chars: 320)
[saved] outputs_aiohttp/www.otis.edu_environmental-design.txt (chars: 3989)
[playwright] Hydration condition met for https://www.scu.edu/admission/undergraduate
[playwright] Hydration condition met for https://studentaid.gov/understand-aid/types/scholarships
[playwright] Hydration condition met for https://www.westmont.edu/admissions-aid
[playwright] Hydration condition met for https://finaid.org/beyond/
[playwright] Hydration condition met for https://studentaid.gov/manage-loans/forgiveness-cancellation
[playwright] Hydration condition met for https://www.scu.edu/cas/individual-studies
[playwright] Hydration condition met for https://finaid.org
[playwright] Hydration condition met for https://www.ucdavis.edu/admissions/undergraduate
[playwright] Hydration condition met for https://www.scu.edu/financialaid
[playwright] Hydration condition met for https://financialaid.sonoma.edu
[playwright] Hydration condition met for https://geology.sonoma.edu
[playwright] Hydration condition met for https://www.ucdavis.edu/admissions/undergraduate/apply
[saved] outputs_aiohttp/www.otis.edu_toy-design.txt (chars: 7254)
[saved] outputs_aiohttp/www.csulb.edu_admissions_contact-admissions.txt (chars: 2700)
[saved] outputs_aiohttp/catalog.fullerton.edu_preview_program.php.txt (chars: 4366)
[saved] outputs_aiohttp/financialaid.lmu.edu.txt (chars: 782)
[saved] outputs_aiohttp/classics.stanford.edu_academics_undergraduate-program.txt (chars: 1666)
[saved] outputs_aiohttp/psychology.stanford.edu_academics_undergraduate-program.txt (chars: 1660)
[saved] outputs_aiohttp/csumb.edu_catalog_programs_undergraduate_computer-science-bs.txt (chars: 320)
[saved] outputs_aiohttp/csumb.edu_catalog_programs_undergraduate_collaborative-health-and-human-services-ba.txt (chars: 320)
[saved] outputs_aiohttp/csumb.edu_catalog_programs_undergraduate_communication-design-ba.txt (chars: 320)
[saved] outputs_aiohttp/csumb.edu_catalog_programs_undergraduate_cinematic-arts-and-technology-ba.txt (chars: 320)
[saved] outputs_aiohttp/csumb.edu_catalog_programs_undergraduate_biology-bs.txt (chars: 320)
[saved] outputs_aiohttp/csumb.edu_catalog_programs_undergraduate_business-administration-bs.txt (chars: 320)
[saved] outputs_aiohttp/csumb.edu_catalog_programs_undergraduate_agricultural-plant-and-soil-sciences-bs.txt (chars: 320)
[saved] outputs_aiohttp/www.neurosci.ucla.edu_undergraduate_major.txt (chars: 6618)
[playwright] Hydration condition met for https://gep.sonoma.edu
[playwright] Hydration condition met for https://www.fullerton.edu/financialaid
[playwright] Hydration condition met for https://cs.sonoma.edu
[playwright] Hydration condition met for https://catalog.ucr.edu/preview_program.php?catoid=23&poid=10813
[saved] outputs_aiohttp/www.otis.edu_illustration.txt (chars: 7532)
[saved] outputs_aiohttp/www.otis.edu_fashion-design.txt (chars: 6382)
[saved] outputs_aiohttp/www.otis.edu_animation.txt (chars: 5384)
[saved] outputs_aiohttp/www.otis.edu_graphic-design.txt (chars: 6924)
[saved] outputs_aiohttp/www.otis.edu_fine-arts.txt (chars: 6841)
[saved] outputs_aiohttp/www.otis.edu_product-design.txt (chars: 8442)
[saved] outputs_aiohttp/www.csueastbay.edu_financialaid.txt (chars: 1720)
[saved] outputs_aiohttp/www.westmont.edu_data-analytics.txt (chars: 3068)
[saved] outputs_aiohttp/www.westmont.edu_political-science.txt (chars: 7260)
[saved] outputs_aiohttp/www.westmont.edu_history.txt (chars: 6054)
[saved] outputs_aiohttp/www.westmont.edu_social-science.txt (chars: 4187)
[saved] outputs_aiohttp/www.westmont.edu_philosophy.txt (chars: 3203)
[saved] outputs_aiohttp/www.westmont.edu_communication-studies.txt (chars: 5524)
[saved] outputs_aiohttp/www.westmont.edu_liberal-studies.txt (chars: 6873)
[saved] outputs_aiohttp/www.westmont.edu_modern-languages.txt (chars: 4452)
[saved] outputs_aiohttp/catalog.fullerton.edu_preview_program.php.txt (chars: 2778)
[saved] outputs_aiohttp/catalog.fullerton.edu_preview_program.php.txt (chars: 1733)
[saved] outputs_aiohttp/cfa.lmu.edu_programs_music.txt (chars: 2612)
[saved] outputs_aiohttp/studentaid.gov_articles_scholarship-tips.txt (chars: 4495)
[saved] outputs_aiohttp/www.ndnu.edu_admissions_financial-aid.txt (chars: 1273)
[saved] outputs_aiohttp/www.chapman.edu_admission_undergraduate_apply_first-year-freshman.aspx.txt (chars: 4325)
[saved] outputs_aiohttp/admissions.ucsd.edu_faq.txt (chars: 40155)
[saved] outputs_aiohttp/socgen.ucla.edu_undergraduate_major.txt (chars: 2254)
[saved] outputs_aiohttp/www.csub.edu_theatre.txt (chars: 2306)
[saved] outputs_aiohttp/www.csub.edu_sociology.txt (chars: 1850)
[saved] outputs_aiohttp/www.csub.edu_psychology.txt (chars: 1355)
[saved] outputs_aiohttp/www.csub.edu_prelaw.txt (chars: 866)
[saved] outputs_aiohttp/www.csub.edu_polisci.txt (chars: 3273)
[saved] outputs_aiohttp/www.csub.edu_geology.txt (chars: 1340)
[saved] outputs_aiohttp/www.csub.edu_criminaljustice.txt (chars: 3278)
[playwright] Hydration condition met for https://math.sonoma.edu
[saved] outputs_aiohttp/www.csub.edu_comm.txt (chars: 1627)
[playwright] Hydration condition met for https://psychology.sonoma.edu
[saved] outputs_aiohttp/www.csub.edu_chemistry.txt (chars: 2247)
[saved] outputs_aiohttp/www.csub.edu_biology.txt (chars: 1698)
[saved] outputs_aiohttp/www.csub.edu_music.txt (chars: 841)
[saved] outputs_aiohttp/www.csub.edu_nursing.txt (chars: 3157)
[saved] outputs_aiohttp/catalog.sjsu.edu_preview_program.php.txt (chars: 13)
[saved] outputs_aiohttp/catalog.csustan.edu_preview_program.php.txt (chars: 13)
[saved] outputs_aiohttp/www.taft.edu_contact.txt (chars: 2365)
[saved] outputs_aiohttp/www.westmont.edu_mathematics.txt (chars: 11601)
[saved] outputs_aiohttp/www.westmont.edu_biology.txt (chars: 6241)
[saved] outputs_aiohttp/www.westmont.edu_religious-studies.txt (chars: 5929)
[saved] outputs_aiohttp/www.westmont.edu_english.txt (chars: 8804)
[saved] outputs_aiohttp/www.westmont.edu_chemistry.txt (chars: 7040)
[saved] outputs_aiohttp/catalog.fullerton.edu_preview_program.php.txt (chars: 570)
[saved] outputs_aiohttp/catalog.fullerton.edu_preview_program.php.txt (chars: 737)
[saved] outputs_aiohttp/catalog.fullerton.edu_preview_program.php.txt (chars: 1470)
[saved] outputs_aiohttp/catalog.fullerton.edu_preview_program.php.txt (chars: 781)
[saved] outputs_aiohttp/catalog.fullerton.edu_preview_program.php.txt (chars: 3492)
[saved] outputs_aiohttp/catalog.fullerton.edu_preview_program.php.txt (chars: 2952)
[saved] outputs_aiohttp/catalog.fullerton.edu_preview_program.php.txt (chars: 6498)
[saved] outputs_aiohttp/catalog.fullerton.edu_preview_program.php.txt (chars: 3414)
[saved] outputs_aiohttp/catalog.fullerton.edu_preview_program.php.txt (chars: 6534)
[saved] outputs_aiohttp/catalog.fullerton.edu_preview_program.php.txt (chars: 2967)
[saved] outputs_aiohttp/catalog.fullerton.edu_preview_program.php.txt (chars: 579)
[saved] outputs_aiohttp/www.ndnu.edu_academics_undergraduate-programs_psychology.txt (chars: 6397)
[saved] outputs_aiohttp/www.ndnu.edu_academics_undergraduate-programs_liberal-studies.txt (chars: 6397)
[saved] outputs_aiohttp/www.ndnu.edu_academics_undergraduate-programs_kinesiology.txt (chars: 6397)
[saved] outputs_aiohttp/www.ndnu.edu_academics_undergraduate-programs_interdisciplinary-studies.txt (chars: 6397)
[saved] outputs_aiohttp/www.ndnu.edu_academics_undergraduate-programs_history.txt (chars: 6397)
[saved] outputs_aiohttp/www.ndnu.edu_academics_undergraduate-programs_human-services.txt (chars: 6397)
[saved] outputs_aiohttp/www.ndnu.edu_academics_undergraduate-programs_english.txt (chars: 6397)
[saved] outputs_aiohttp/www.ndnu.edu_academics_undergraduate-programs_communication.txt (chars: 6397)
[saved] outputs_aiohttp/www.ndnu.edu_academics_undergraduate-programs_business-administration.txt (chars: 6397)
[saved] outputs_aiohttp/www.ndnu.edu_academics_undergraduate-programs_biology.txt (chars: 6397)
[saved] outputs_aiohttp/www.ndnu.edu_academics_undergraduate-programs_art.txt (chars: 6397)
[saved] outputs_aiohttp/www.ndnu.edu_admissions_contact-admissions.txt (chars: 6397)
[saved] outputs_aiohttp/www.ndnu.edu_admissions_tuition-fees.txt (chars: 6397)
[saved] outputs_aiohttp/www.ndnu.edu_admissions_undergraduate_deadlines.txt (chars: 6397)
[saved] outputs_aiohttp/www.ndnu.edu_admissions_undergraduate_requirements.txt (chars: 6397)
[playwright] Hydration condition met for https://kinesiology.sonoma.edu
[playwright] Hydration condition met for https://music.calpoly.edu
[saved] outputs_aiohttp/www.ndnu.edu_admissions_undergraduate_apply.txt (chars: 6397)
[playwright] Hydration condition met for https://cfa.lmu.edu/programs/dance
[saved] outputs_aiohttp/www.ndnu.edu_academics_undergraduate-programs_biochemistry.txt (chars: 6397)
[saved] outputs_aiohttp/seaver.pepperdine.edu_admission_financial-aid.txt (chars: 470)
[saved] outputs_aiohttp/www.csueastbay.edu_modernlanguages_programs_ba-spanish.html.txt (chars: 651)
[saved] outputs_aiohttp/studentaffairs.fresnostate.edu_financialaid.txt (chars: 11813)
[saved] outputs_aiohttp/www.csub.edu_history.txt (chars: 5458)
[saved] outputs_aiohttp/www.csub.edu_english.txt (chars: 1475)
[saved] outputs_aiohttp/www.csub.edu_math.txt (chars: 2601)
[saved] outputs_aiohttp/www.whittier.edu_academics_biology.txt (chars: 892)
[saved] outputs_aiohttp/www.westmont.edu_environmental-studies.txt (chars: 9319)
[saved] outputs_aiohttp/www.westmont.edu_art.txt (chars: 7080)
[saved] outputs_aiohttp/catalog.fullerton.edu_preview_program.php.txt (chars: 5389)
[saved] outputs_aiohttp/catalog.fullerton.edu_preview_program.php.txt (chars: 3385)
[saved] outputs_aiohttp/catalog.fullerton.edu_preview_program.php.txt (chars: 4669)
[saved] outputs_aiohttp/catalog.ucr.edu_preview_program.php.txt (chars: 1008)
[saved] outputs_aiohttp/catalog.fullerton.edu_preview_program.php.txt (chars: 2364)
[saved] outputs_aiohttp/catalog.fullerton.edu_preview_program.php.txt (chars: 3676)
[saved] outputs_aiohttp/catalog.fullerton.edu_preview_program.php.txt (chars: 1036)
[saved] outputs_aiohttp/catalog.fullerton.edu_preview_program.php.txt (chars: 810)
[saved] outputs_aiohttp/catalog.fullerton.edu_preview_program.php.txt (chars: 4499)
[saved] outputs_aiohttp/bellarmine.lmu.edu_philosophy.txt (chars: 474)
[saved] outputs_aiohttp/www.csueastbay.edu_sociology_programs_ba-sociology.html.txt (chars: 2009)
[saved] outputs_aiohttp/www.csueastbay.edu_politicalscience_programs_ba-political-science.html.txt (chars: 2461)
[saved] outputs_aiohttp/www.csueastbay.edu_international_programs_ba-international-studies.html.txt (chars: 1281)
[saved] outputs_aiohttp/www.csueastbay.edu_accounting_undergraduate-programs_bs-accounting.html.txt (chars: 2389)
[saved] outputs_aiohttp/www.csueastbay.edu_finance_programs_bs-finance.html.txt (chars: 2389)
[saved] outputs_aiohttp/www.westmont.edu_education.txt (chars: 17717)
[saved] outputs_aiohttp/www.westmont.edu_theatre-arts.txt (chars: 13831)
[saved] outputs_aiohttp/admissions.sdsu.edu_contact.txt (chars: 1670)
[saved] outputs_aiohttp/catalog.fullerton.edu_preview_program.php.txt (chars: 4247)
[saved] outputs_aiohttp/catalog.fullerton.edu_preview_program.php.txt (chars: 4877)
[saved] outputs_aiohttp/catalog.fullerton.edu_preview_program.php.txt (chars: 4506)
[saved] outputs_aiohttp/catalog.fullerton.edu_preview_program.php.txt (chars: 3928)
[saved] outputs_aiohttp/catalog.fullerton.edu_preview_program.php.txt (chars: 5137)
[saved] outputs_aiohttp/catalog.fullerton.edu_preview_program.php.txt (chars: 1284)
[saved] outputs_aiohttp/catalog.fullerton.edu_preview_program.php.txt (chars: 3465)
[saved] outputs_aiohttp/catalog.fullerton.edu_preview_program.php.txt (chars: 2238)
[playwright] Hydration condition met for https://admissions.sdsu.edu
[saved] outputs_aiohttp/bellarmine.lmu.edu_theologicalstudies.txt (chars: 828)
[playwright] Hydration condition met for https://philosophy.sonoma.edu
[playwright] Hydration condition met for https://english.sonoma.edu
[playwright] Hydration condition met for https://sociology.sonoma.edu
[playwright] Hydration condition met for https://admissions.ucr.edu/cost
[playwright] Hydration condition met for https://www.cdrewu.edu/admissions/undergraduate-admissions/admission-requirements
[playwright] Hydration condition met for https://catalog.fullerton.edu/preview_program.php?catoid=80&poid=38415
[playwright] Hydration condition met for https://www.whittier.edu/admission
[playwright] Hydration condition met for https://www.otis.edu/tuition-fees
[playwright] Hydration condition met for https://www.pacific.edu/admission/undergraduate
[playwright] Hydration condition met for https://catalog.fullerton.edu/preview_program.php?catoid=80&poid=38416
[playwright] Hydration condition met for https://catalog.fullerton.edu/preview_program.php?catoid=80&poid=38414
[playwright] Hydration condition met for https://music.sonoma.edu
[playwright] Hydration condition met for https://biology.sonoma.edu
[playwright] Hydration condition met for https://www.scuhs.edu/admissions/financial-aid
[playwright] Hydration condition met for https://admissions.sonoma.edu
[playwright] Hydration condition met for https://bellarmine.lmu.edu/afam
[playwright] Hydration condition met for https://www.csulb.edu/admissions
[playwright] Hydration condition met for https://www.fresno.edu/admissions/undergraduate
[playwright] Hydration condition met for https://www.calstatela.edu/admissions
[playwright] Hydration condition met for https://www.westmont.edu/admissions-aid/first-year-students
[playwright] Hydration condition met for https://catalog.fullerton.edu/preview_program.php?catoid=80&poid=38417
[playwright] Hydration condition met for https://financialaid.usc.edu
[playwright] Hydration condition met for https://admission.lmu.edu
[playwright] Hydration condition met for https://sdcc.edu/admissions/undergraduate-admissions
[playwright] Waiting for content hydration on https://www.bestcolleges.com/resources/students-with-disabilities-financial-aid/...
[playwright] Waiting for content hydration on https://www.bestcolleges.com/resources/adult-learner-scholarships/...
[playwright] Waiting for content hydration on https://admission.ucla.edu...
[playwright] Waiting for content hydration on https://www.bestcolleges.com/resources/hispanic-latino-scholarships/...
[playwright] Waiting for content hydration on https://www.bestcolleges.com...
[playwright] Waiting for content hydration on https://www.consumerfinance.gov/paying-for-college/your-financial-path-to-graduation/how-we-got-these-numbers/...
[playwright] Hydration condition met for https://admissions.ucsd.edu
[playwright] Hydration condition met for https://luskin.ucla.edu/undergraduate-program
[playwright] Hydration condition met for https://calarts.edu/financial-aid
[playwright] Hydration condition met for https://www.pomona.edu/admissions
[playwright] Hydration condition met for https://music.calarts.edu/programs/bfa
[playwright] Waiting for content hydration on https://admission.ucla.edu/apply...
[playwright] Hydration condition met for https://www.pacificoaks.edu/admissions/contact-admissions
[playwright] Hydration condition met for https://qcb.ucla.edu/undergraduate-program/major
[playwright] Hydration condition met for https://www.minerva.edu/contact
[playwright] Hydration condition met for https://catalogue.usc.edu/preview_program.php?catoid=18&poid=26314
[playwright] Hydration condition met for https://www.csusb.edu/admissions
[playwright] Hydration condition met for https://www.callutheran.edu/financial-aid
[playwright] Hydration condition met for https://bellarmine.lmu.edu/economics
[playwright] Hydration condition met for https://www.pacific.edu/admission/undergraduate/contact
[playwright] Hydration condition met for https://www.fresno.edu/tuition
[playwright] Hydration condition met for https://catalogue.usc.edu/preview_program.php?catoid=18&poid=26313
[playwright] Hydration condition met for https://ecs.sonoma.edu
[playwright] Hydration condition met for https://bellarmine.lmu.edu/catholicstudies
[playwright] Hydration condition met for https://catalog.ucr.edu/preview_program.php?catoid=23&poid=10815
[playwright] Hydration condition met for https://www.calstatela.edu/admissions/deadlines
[playwright] Hydration condition met for https://www.westmont.edu/admissions-aid/financial-aid
[playwright] Hydration condition met for https://www.csub.edu/art
[playwright] Hydration condition met for https://www.csub.edu/admissions
[playwright] Hydration condition met for https://www.fresno.edu/admissions/contact
[playwright] Hydration condition met for https://www.nu.edu/admissions/financial-aid
[playwright] Hydration condition met for https://simpsonu.edu/undergraduate/admissions
[playwright] Hydration condition met for https://admissions.fullerton.edu
[playwright] Hydration condition met for https://catalog.fullerton.edu/preview_program.php?catoid=80&poid=38413
[playwright] Hydration condition met for https://simpsonu.edu/undergraduate/admissions/apply.html
[playwright] Hydration condition met for https://amcs.sonoma.edu
[playwright] Hydration condition met for https://www.apu.edu/undergraduate-admissions
[playwright] Hydration condition met for https://admissions.humboldt.edu
[playwright] Hydration condition met for https://theater.calarts.edu/programs/acting-bfa
[playwright] Hydration condition met for https://catalog.fullerton.edu/preview_program.php?catoid=80&poid=38418
[saved] outputs_aiohttp/bellarmine.lmu.edu_psychology.txt (chars: 35)
[playwright] Hydration condition met for https://sdcc.edu/admissions/financial-aid
[playwright] Hydration condition met for https://catalog.ucr.edu/preview_program.php?catoid=23&poid=10814
[saved] outputs_aiohttp/bellarmine.lmu.edu_politicalscience.txt (chars: 727)
[saved] outputs_aiohttp/bellarmine.lmu.edu_urbanstudies.txt (chars: 4523)
[saved] outputs_aiohttp/bellarmine.lmu.edu_environmentalstudies.txt (chars: 3908)
[saved] outputs_aiohttp/bellarmine.lmu.edu_internationalrelations.txt (chars: 2871)
[saved] outputs_aiohttp/admissions.ucsd.edu_contact.txt (chars: 164)
[saved] outputs_aiohttp/admissions.ucsd.edu_apply.txt (chars: 1666)
[saved] outputs_aiohttp/www.whittier.edu_academics_economics.txt (chars: 1592)
[saved] outputs_aiohttp/www.whittier.edu_academics_art.txt (chars: 579)
[saved] outputs_aiohttp/www.westmont.edu_physics.txt (chars: 14353)
[saved] outputs_aiohttp/catalog.fullerton.edu_preview_program.php.txt (chars: 6221)
[saved] outputs_aiohttp/bellarmine.lmu.edu_modernlanguages.txt (chars: 799)
[playwright] Waiting for content hydration on https://www.consumerfinance.gov/complaint/...
[saved] outputs_aiohttp/catalog.fullerton.edu_preview_program.php.txt (chars: 1149)
[saved] outputs_aiohttp/religiousstudies.stanford.edu_academics_undergraduate-program.txt (chars: 1553)
[saved] outputs_aiohttp/seaver.pepperdine.edu_admission_application.txt (chars: 810)
[saved] outputs_aiohttp/economics.sonoma.edu.txt (chars: 1501)
[saved] outputs_aiohttp/fidm.edu_en_majors_merchandise-product-development.txt (chars: 3519)
[saved] outputs_aiohttp/fidm.edu_en_majors_social-media.txt (chars: 3519)
[saved] outputs_aiohttp/fidm.edu_en_majors_merchandise-marketing.txt (chars: 3519)
[saved] outputs_aiohttp/fidm.edu_en_majors_fashion-knitwear-design.txt (chars: 3519)
[saved] outputs_aiohttp/fidm.edu_en_majors_film-tv-costume-design.txt (chars: 3519)
[saved] outputs_aiohttp/fidm.edu_en_majors_digital-marketing.txt (chars: 3519)
[saved] outputs_aiohttp/fidm.edu_en_majors_fashion-design.txt (chars: 3519)
[saved] outputs_aiohttp/fidm.edu_en_majors_interior-design.txt (chars: 3519)
[saved] outputs_aiohttp/fidm.edu_en_admissions_contact_admissions.txt (chars: 3519)
[saved] outputs_aiohttp/fidm.edu_en_majors_beauty-marketing-product-development.txt (chars: 3519)
[saved] outputs_aiohttp/fidm.edu_en_majors_digital-media.txt (chars: 3519)
[saved] outputs_aiohttp/fidm.edu_en_majors_apparel-industry-management.txt (chars: 3519)
[saved] outputs_aiohttp/fidm.edu_en_admissions_admissions_requirements.txt (chars: 3519)
[saved] outputs_aiohttp/fidm.edu_en_admissions_important_dates.txt (chars: 3519)
[saved] outputs_aiohttp/fidm.edu_en_admissions_financial_aid.txt (chars: 3519)
[saved] outputs_aiohttp/fidm.edu_en_admissions.txt (chars: 3519)
[saved] outputs_aiohttp/fidm.edu_en_majors_graphic-design.txt (chars: 3519)
[saved] outputs_aiohttp/fidm.edu_en_admissions_tuition_and_fees.txt (chars: 3519)
[saved] outputs_aiohttp/catalog.fullerton.edu_preview_program.php.txt (chars: 8942)
[saved] outputs_aiohttp/catalog.fullerton.edu_preview_program.php.txt (chars: 10751)
[saved] outputs_aiohttp/catalog.fullerton.edu_preview_program.php.txt (chars: 6211)
[saved] outputs_aiohttp/catalog.fullerton.edu_preview_program.php.txt (chars: 6911)
[saved] outputs_aiohttp/catalog.fullerton.edu_preview_program.php.txt (chars: 6884)
[saved] outputs_aiohttp/www.csuchico.edu_fa.txt (chars: 4069)
[saved] outputs_aiohttp/bellarmine.lmu.edu_humanities.txt (chars: 4282)
[saved] outputs_aiohttp/www.csuci.edu_financialaid.txt (chars: 2194)
[saved] outputs_aiohttp/mse.stanford.edu_academics_undergraduate-program.txt (chars: 2199)
[saved] outputs_aiohttp/bellarmine.lmu.edu_english.txt (chars: 415)
[saved] outputs_aiohttp/bellarmine.lmu.edu_journalism.txt (chars: 1209)
[saved] outputs_aiohttp/catalogue.usc.edu_preview_program.php.txt (chars: 13)
[saved] outputs_aiohttp/sdcc.edu_academics_majors_biblical-studies.txt (chars: 30)
[saved] outputs_aiohttp/sdcc.edu_academics_majors_biological-science.txt (chars: 32)
[saved] outputs_aiohttp/www.biola.edu_spanish-ba.txt (chars: 8376)
[saved] outputs_aiohttp/catalog.fullerton.edu_preview_program.php.txt (chars: 9203)
[saved] outputs_aiohttp/www.deepsprings.edu_admissions.txt (chars: 10)
[saved] outputs_aiohttp/www.hmc.edu_physics_program_major.txt (chars: 1306)
[saved] outputs_aiohttp/www.hmc.edu_mathematics_program_major.txt (chars: 2592)
[saved] outputs_aiohttp/www.hmc.edu_biology_program_major.txt (chars: 8985)
[saved] outputs_aiohttp/bellarmine.lmu.edu_sociology.txt (chars: 855)
[saved] outputs_aiohttp/bellarmine.lmu.edu_history.txt (chars: 1859)
[saved] outputs_aiohttp/bulletin.sfsu.edu_colleges_science-engineering_engineering_bs-computer-engineering.txt (chars: 10488)
[saved] outputs_aiohttp/bulletin.sfsu.edu_colleges_science-engineering_engineering_bs-mechanical-engineering.txt (chars: 9812)
[saved] outputs_aiohttp/bulletin.sfsu.edu_colleges_liberal-creative-arts_classics_ba-classics.txt (chars: 8468)
[saved] outputs_aiohttp/bulletin.sfsu.edu_colleges_science-engineering_physics-astronomy_bs-physics.txt (chars: 11737)
[saved] outputs_aiohttp/bulletin.sfsu.edu_colleges_liberal-creative-arts_history_ba-history.txt (chars: 9167)
[saved] outputs_aiohttp/bulletin.sfsu.edu_colleges_science-engineering_chemistry-biochemistry_bs-chemistry.txt (chars: 7402)
[saved] outputs_aiohttp/bulletin.sfsu.edu_colleges_liberal-creative-arts_cinema_ba-cinema.txt (chars: 14469)
[saved] outputs_aiohttp/bulletin.sfsu.edu_colleges_liberal-creative-arts_international-relations_ba-international-relations.txt (chars: 10636)
[saved] outputs_aiohttp/catalogue.usc.edu_preview_program.php.txt (chars: 13)
[saved] outputs_aiohttp/catalog.ucr.edu_preview_program.php.txt (chars: 1008)
[saved] outputs_aiohttp/nursing.sonoma.edu.txt (chars: 3341)
[saved] outputs_aiohttp/www.cdrewu.edu_academics_college-of-science-and-health_nursing_rn-to-bsn.txt (chars: 550)
[saved] outputs_aiohttp/chemistry.sonoma.edu.txt (chars: 1817)
[saved] outputs_aiohttp/www.biola.edu_theatre-ba.txt (chars: 11796)
[saved] outputs_aiohttp/calbaptist.edu_financial-aid.txt (chars: 393)
[saved] outputs_aiohttp/admissions.ucsb.edu.txt (chars: 2975)
[saved] outputs_aiohttp/bulletin.sfsu.edu_colleges_liberal-creative-arts_women-gender-studies_ba-women-gender-studies.txt (chars: 9752)
[saved] outputs_aiohttp/bulletin.sfsu.edu_colleges_health-social-sciences_urban-studies-planning_ba-urban-studies-planning.txt (chars: 7870)
[saved] outputs_aiohttp/bulletin.sfsu.edu_colleges_liberal-creative-arts_theatre-arts_ba-theatre-arts.txt (chars: 9241)
[saved] outputs_aiohttp/bulletin.sfsu.edu_colleges_liberal-creative-arts_design-industry_bs-visual-communication-design.txt (chars: 12421)
[saved] outputs_aiohttp/bulletin.sfsu.edu_colleges_liberal-creative-arts_political-science_ba-political-science.txt (chars: 10927)
[saved] outputs_aiohttp/bulletin.sfsu.edu_colleges_health-social-sciences_public-health_bs-public-health.txt (chars: 9501)
[saved] outputs_aiohttp/bulletin.sfsu.edu_colleges_liberal-creative-arts_music_ba-music.txt (chars: 9012)
[saved] outputs_aiohttp/bulletin.sfsu.edu_colleges_liberal-creative-arts_liberal-studies_ba-liberal-studies.txt (chars: 12135)
[saved] outputs_aiohttp/bulletin.sfsu.edu_colleges_science-engineering_chemistry-biochemistry_bs-biochemistry.txt (chars: 12207)
[saved] outputs_aiohttp/bulletin.sfsu.edu_colleges_science-engineering_psychology_ba-psychology.txt (chars: 9768)
[saved] outputs_aiohttp/bulletin.sfsu.edu_colleges_liberal-creative-arts_theatre-arts_ba-dance.txt (chars: 6674)
[saved] outputs_aiohttp/bulletin.sfsu.edu_colleges_science-engineering_computer-science_bs-computer-science.txt (chars: 9240)
[saved] outputs_aiohttp/bulletin.sfsu.edu_colleges_ethnic-studies_asian-american-studies_ba-asian-american-studies.txt (chars: 9669)
[saved] outputs_aiohttp/bulletin.sfsu.edu_colleges_ethnic-studies_american-indian-studies_ba-american-indian-studies.txt (chars: 12450)
[saved] outputs_aiohttp/bulletin.sfsu.edu_colleges_liberal-creative-arts_communication-studies_ba-communication-studies.txt (chars: 8659)
[saved] outputs_aiohttp/bulletin.sfsu.edu_colleges_business_economics_ba-economics.txt (chars: 10275)
[saved] outputs_aiohttp/bulletin.sfsu.edu_colleges_science-engineering_engineering_bs-civil-engineering.txt (chars: 9737)
[saved] outputs_aiohttp/bulletin.sfsu.edu_colleges_liberal-creative-arts_journalism_ba-journalism.txt (chars: 9058)
[saved] outputs_aiohttp/catalog.ucr.edu_preview_program.php.txt (chars: 1008)
[saved] outputs_aiohttp/catalog.ucr.edu_preview_program.php.txt (chars: 1008)
[saved] outputs_aiohttp/globalstudies.sonoma.edu.txt (chars: 2443)
[saved] outputs_aiohttp/business.sonoma.edu.txt (chars: 3136)
[saved] outputs_aiohttp/sacd.sdsu.edu_financial-aid.txt (chars: 8262)
[saved] outputs_aiohttp/calbaptist.edu_admissions_undergraduate.txt (chars: 4377)
[saved] outputs_aiohttp/www.csum.edu_ibl.txt (chars: 1880)
[saved] outputs_aiohttp/www.csum.edu_admissions_contact-us.html.txt (chars: 1880)
[saved] outputs_aiohttp/www.csum.edu_costs-aid_financial-aid_index.html.txt (chars: 1880)
[saved] outputs_aiohttp/www.csum.edu_mechanical-engineering.txt (chars: 1880)
[saved] outputs_aiohttp/www.csum.edu_oceanography.txt (chars: 1880)
[saved] outputs_aiohttp/www.csum.edu_met.txt (chars: 1880)
[saved] outputs_aiohttp/www.csum.edu_admissions_undergraduate-admissions_dates-and-deadlines.html.txt (chars: 1880)
[saved] outputs_aiohttp/www.csum.edu_admissions_undergraduate-admissions_how-to-apply.html.txt (chars: 1880)
[saved] outputs_aiohttp/www.csum.edu_costs-aid_tuition-fees.html.txt (chars: 1880)
[saved] outputs_aiohttp/www.csum.edu_gsma.txt (chars: 1880)
[saved] outputs_aiohttp/www.csum.edu_admissions_undergraduate-admissions_requirements.html.txt (chars: 1880)
[saved] outputs_aiohttp/www.csum.edu_fet.txt (chars: 1880)
[saved] outputs_aiohttp/www.csum.edu_mt.txt (chars: 1880)
[saved] outputs_aiohttp/fidm.edu_en_admissions_apply_now.txt (chars: 3519)
[saved] outputs_aiohttp/bulletin.sfsu.edu_colleges_liberal-creative-arts_anthropology_ba-anthropology.txt (chars: 10852)
[saved] outputs_aiohttp/bulletin.sfsu.edu_colleges_health-social-sciences_criminal-justice-studies_ba-criminal-justice-studies.txt (chars: 11147)
[saved] outputs_aiohttp/bulletin.sfsu.edu_colleges_ethnic-studies_latina-latino-studies_ba-latina-latino-studies.txt (chars: 9681)
[saved] outputs_aiohttp/bulletin.sfsu.edu_colleges_business_hospitality-tourism-management_bs-hospitality-tourism-management.txt (chars: 6544)
[saved] outputs_aiohttp/catalogue.usc.edu_preview_program.php.txt (chars: 13)
[saved] outputs_aiohttp/www.cca.edu_admissions_undergraduate.txt (chars: 2691)
[saved] outputs_aiohttp/art.sonoma.edu.txt (chars: 4089)
[saved] outputs_aiohttp/www.usfca.edu_admission_undergraduate_apply.txt (chars: 767)
[saved] outputs_aiohttp/www.csulb.edu_financial-aid.txt (chars: 1752)
[saved] outputs_aiohttp/www.finaid.ucsb.edu.txt (chars: 3960)
[saved] outputs_aiohttp/bellarmine.lmu.edu_liberalstudies.txt (chars: 1027)
[saved] outputs_aiohttp/publicpolicy.stanford.edu_academics_undergraduate-program.txt (chars: 6)
[saved] outputs_aiohttp/www.admissions.caltech.edu.txt (chars: 1267)
[saved] outputs_aiohttp/anthropology.sonoma.edu.txt (chars: 8337)
[saved] outputs_aiohttp/admission.lmu.edu_apply.txt (chars: 2969)
[saved] outputs_aiohttp/www.msmu.edu_undergraduate-bachelor-programs_sociology.txt (chars: 230)
[saved] outputs_aiohttp/www.msmu.edu_undergraduate-bachelor-programs_physical-sciences.txt (chars: 1364)
[saved] outputs_aiohttp/sdcc.edu_academics_majors_business-management.txt (chars: 4090)
[saved] outputs_aiohttp/www.biola.edu_sociology-ba.txt (chars: 7352)
[saved] outputs_aiohttp/www.msmu.edu_undergraduate-bachelor-programs_nursing.txt (chars: 1635)
[saved] outputs_aiohttp/www.msmu.edu_undergraduate-bachelor-programs_social-work.txt (chars: 5217)
[saved] outputs_aiohttp/www.msmu.edu_undergraduate-bachelor-programs_mathematics.txt (chars: 2144)
[saved] outputs_aiohttp/www.msmu.edu_undergraduate-bachelor-programs_music.txt (chars: 3119)
[saved] outputs_aiohttp/catalogue.usc.edu_preview_program.php.txt (chars: 13)
[saved] outputs_aiohttp/catalog.ucr.edu_preview_program.php.txt (chars: 1008)
[saved] outputs_aiohttp/catalog.ucr.edu_preview_program.php.txt (chars: 1008)
[saved] outputs_aiohttp/sdcc.edu_academics_majors_liberal-studies.txt (chars: 29)
[saved] outputs_aiohttp/www.msmu.edu_undergraduate-bachelor-programs_religious-studies.txt (chars: 6785)
[saved] outputs_aiohttp/www.msmu.edu_undergraduate-bachelor-programs_psychology.txt (chars: 7677)
[saved] outputs_aiohttp/www.msmu.edu_undergraduate-bachelor-programs_philosophy.txt (chars: 3442)
[saved] outputs_aiohttp/www.biola.edu_physical-science-bs.txt (chars: 7628)
[saved] outputs_aiohttp/www.msmu.edu_undergraduate-bachelor-programs_english.txt (chars: 1904)
[saved] outputs_aiohttp/www.cca.edu_admissions_contact.txt (chars: 3741)
[saved] outputs_aiohttp/www.csuchico.edu_admissions_contact.shtml.txt (chars: 3422)
[saved] outputs_aiohttp/www.biola.edu_liberal-studies-elementary-education-ba.txt (chars: 9543)
[saved] outputs_aiohttp/sdcc.edu_academics_majors_interdisciplinary-studies.txt (chars: 39)
[saved] outputs_aiohttp/www.biola.edu_physics-bs.txt (chars: 6876)
[saved] outputs_aiohttp/www.biola.edu_psychology-ba.txt (chars: 9072)
[saved] outputs_aiohttp/www.biola.edu_kinesiology-bs.txt (chars: 12096)
[saved] outputs_aiohttp/www.msmu.edu_financial-aid.txt (chars: 2396)
[saved] outputs_aiohttp/www.msmu.edu_undergraduate-bachelor-programs_global-politics.txt (chars: 4017)
[saved] outputs_aiohttp/www.biola.edu_intercultural-studies-ba.txt (chars: 4910)
[saved] outputs_aiohttp/catalogue.usc.edu_preview_program.php.txt (chars: 13)
[saved] outputs_aiohttp/www.oxy.edu_academics_areas-study_black-studies.txt (chars: 1209)
[saved] outputs_aiohttp/history.sonoma.edu.txt (chars: 6781)
[saved] outputs_aiohttp/admissions.sonoma.edu_how-apply.txt (chars: 2936)
[saved] outputs_aiohttp/studentfinancialservices.humboldt.edu_tuition-fees.txt (chars: 2323)
[saved] outputs_aiohttp/admissions.humboldt.edu_contact.txt (chars: 504)
[saved] outputs_aiohttp/sdcc.edu_academics_majors_aviation.txt (chars: 8)
[saved] outputs_aiohttp/sdcc.edu_academics_majors_communication.txt (chars: 13)
[saved] outputs_aiohttp/sdcc.edu_academics_majors_english.txt (chars: 7)
[saved] outputs_aiohttp/www.msmu.edu_undergraduate-bachelor-programs_healthcare-policy.txt (chars: 8720)
[saved] outputs_aiohttp/www.biola.edu_political-science-ba.txt (chars: 8673)
[saved] outputs_aiohttp/www.msmu.edu_admission_undergraduate-admission.txt (chars: 2952)
[saved] outputs_aiohttp/www.msmu.edu_undergraduate-bachelor-programs_biological-sciences.txt (chars: 9970)
[saved] outputs_aiohttp/www.msmu.edu_undergraduate-bachelor-programs_business-administration.txt (chars: 5166)
[saved] outputs_aiohttp/www.msmu.edu_undergraduate-bachelor-programs_criminology.txt (chars: 6467)
[saved] outputs_aiohttp/www.oxy.edu_academics_areas-study_critical-theory-social-justice.txt (chars: 1061)
[saved] outputs_aiohttp/www.admissions.caltech.edu_apply.txt (chars: 1449)
[saved] outputs_aiohttp/www.pomona.edu_academics_departments_molecular-biology.txt (chars: 1230)
[saved] outputs_aiohttp/www.pomona.edu_academics_departments_romance-languages-literatures.txt (chars: 1931)
[saved] outputs_aiohttp/www.pomona.edu_academics_departments_religious-studies.txt (chars: 2057)
[saved] outputs_aiohttp/www.pomona.edu_academics_departments_history.txt (chars: 1673)
[saved] outputs_aiohttp/www.pomona.edu_academics_departments_neuroscience.txt (chars: 2040)
[saved] outputs_aiohttp/www.pomona.edu_academics_departments_public-policy-analysis.txt (chars: 1800)
[saved] outputs_aiohttp/www.pomona.edu_academics_departments_latin-american-studies.txt (chars: 1960)
[saved] outputs_aiohttp/www.pomona.edu_academics_departments_international-relations.txt (chars: 2679)
[saved] outputs_aiohttp/www.pomona.edu_academics_departments_english.txt (chars: 1639)
[saved] outputs_aiohttp/www.pomona.edu_academics_departments_computer-science.txt (chars: 1888)
[saved] outputs_aiohttp/www.pomona.edu_academics_departments_american-studies.txt (chars: 1223)
[saved] outputs_aiohttp/www.pitzer.edu_admission.txt (chars: 3360)
[saved] outputs_aiohttp/www.redlands.edu_study_schools-and-centers_college-of-arts-and-sciences_undergraduate-studies_latin-american-studies.txt (chars: 3343)
[saved] outputs_aiohttp/www.redlands.edu_study_schools-and-centers_college-of-arts-and-sciences_undergraduate-studies_art.txt (chars: 1243)
[saved] outputs_aiohttp/catalog.ucr.edu_preview_program.php.txt (chars: 1008)
[saved] outputs_aiohttp/catalog.ucr.edu_preview_program.php.txt (chars: 1008)
[saved] outputs_aiohttp/catalog.ucr.edu_preview_program.php.txt (chars: 1008)
[saved] outputs_aiohttp/catalog.ucr.edu_preview_program.php.txt (chars: 1008)
[saved] outputs_aiohttp/catalog.ucr.edu_preview_program.php.txt (chars: 1008)
[saved] outputs_aiohttp/catalog.ucr.edu_preview_program.php.txt (chars: 1008)
[saved] outputs_aiohttp/catalog.ucr.edu_preview_program.php.txt (chars: 1008)
[saved] outputs_aiohttp/catalog.ucr.edu_preview_program.php.txt (chars: 1008)
[saved] outputs_aiohttp/catalog.ucr.edu_preview_program.php.txt (chars: 1008)
[saved] outputs_aiohttp/catalog.ucr.edu_preview_program.php.txt (chars: 1008)
[saved] outputs_aiohttp/catalog.ucr.edu_preview_program.php.txt (chars: 1008)
[saved] outputs_aiohttp/catalog.ucr.edu_preview_program.php.txt (chars: 1008)
[saved] outputs_aiohttp/catalog.ucr.edu_preview_program.php.txt (chars: 1008)
[saved] outputs_aiohttp/catalog.ucr.edu_preview_program.php.txt (chars: 1008)
[saved] outputs_aiohttp/catalog.ucr.edu_preview_program.php.txt (chars: 1008)
[saved] outputs_aiohttp/catalog.ucr.edu_preview_program.php.txt (chars: 1008)
[saved] outputs_aiohttp/catalog.ucr.edu_preview_program.php.txt (chars: 1008)
[saved] outputs_aiohttp/catalog.ucr.edu_preview_program.php.txt (chars: 1008)
[saved] outputs_aiohttp/catalog.ucr.edu_preview_program.php.txt (chars: 1008)
[saved] outputs_aiohttp/catalog.ucr.edu_preview_program.php.txt (chars: 1008)
[saved] outputs_aiohttp/catalog.ucr.edu_preview_program.php.txt (chars: 1008)
[saved] outputs_aiohttp/catalog.ucr.edu_preview_program.php.txt (chars: 1008)
[saved] outputs_aiohttp/catalog.ucr.edu_preview_program.php.txt (chars: 1008)
[saved] outputs_aiohttp/catalog.ucr.edu_preview_program.php.txt (chars: 1008)
[saved] outputs_aiohttp/catalog.ucr.edu_preview_program.php.txt (chars: 1008)
[saved] outputs_aiohttp/catalog.ucr.edu_preview_program.php.txt (chars: 1008)
[saved] outputs_aiohttp/catalog.ucr.edu_preview_program.php.txt (chars: 1008)
[saved] outputs_aiohttp/catalog.ucr.edu_preview_program.php.txt (chars: 1008)
[saved] outputs_aiohttp/www.english.ucsb.edu_undergraduate_major.txt (chars: 5838)
[saved] outputs_aiohttp/www.pitzer.edu_academics_field-groups_political-studies.txt (chars: 2388)
[saved] outputs_aiohttp/sdcc.edu_academics_majors_history.txt (chars: 975)
[saved] outputs_aiohttp/www.msmu.edu_undergraduate-bachelor-programs_political-science.txt (chars: 10501)
[saved] outputs_aiohttp/www.biola.edu_music-composition-bm.txt (chars: 8502)
[saved] outputs_aiohttp/www.biola.edu_philosophy-ba.txt (chars: 7685)
[saved] outputs_aiohttp/www.biola.edu_history-ba.txt (chars: 12844)
[saved] outputs_aiohttp/www.biola.edu_music-performance-bm.txt (chars: 7600)
[saved] outputs_aiohttp/www.msmu.edu_admission_undergraduate-admission_apply.txt (chars: 2952)
[saved] outputs_aiohttp/www.msmu.edu_admission_undergraduate-admission_apply.txt (chars: 2952)
[saved] outputs_aiohttp/catalogue.usc.edu_preview_program.php.txt (chars: 13)
[saved] outputs_aiohttp/www.pomona.edu_academics_departments_sociology.txt (chars: 1870)
[saved] outputs_aiohttp/www.pomona.edu_academics_departments_philosophy.txt (chars: 2177)
[saved] outputs_aiohttp/www.pomona.edu_academics_departments_politics.txt (chars: 2325)
[saved] outputs_aiohttp/www.pomona.edu_academics_departments_media-studies.txt (chars: 2091)
[saved] outputs_aiohttp/www.pomona.edu_academics_departments_economics.txt (chars: 1994)
[saved] outputs_aiohttp/www.pomona.edu_academics_departments_geology.txt (chars: 2436)
[saved] outputs_aiohttp/www.pomona.edu_academics_departments_art-history.txt (chars: 2127)
[saved] outputs_aiohttp/www.pomona.edu_academics_departments_classics.txt (chars: 3516)
[saved] outputs_aiohttp/www.pomona.edu_financial-aid.txt (chars: 1571)
[saved] outputs_aiohttp/www.pomona.edu_academics_departments_asian-languages-literatures.txt (chars: 1881)
[saved] outputs_aiohttp/www.pomona.edu_academics_departments_anthropology.txt (chars: 2063)
[saved] outputs_aiohttp/www.pomona.edu_academics_departments_psychology.txt (chars: 2116)
[saved] outputs_aiohttp/www.pomona.edu_academics_departments_mathematics.txt (chars: 2656)
[saved] outputs_aiohttp/www.pomona.edu_academics_departments_physics.txt (chars: 1890)
[saved] outputs_aiohttp/www.redlands.edu_study_schools-and-centers_college-of-arts-and-sciences_undergraduate-studies_computer-science.txt (chars: 1329)
[saved] outputs_aiohttp/catalog.ucr.edu_preview_program.php.txt (chars: 1008)
[saved] outputs_aiohttp/www.redlands.edu_study_schools-and-centers_college-of-arts-and-sciences_undergraduate-studies_economics.txt (chars: 1204)
[saved] outputs_aiohttp/catalog.ucr.edu_preview_program.php.txt (chars: 1008)
[saved] outputs_aiohttp/catalog.ucr.edu_preview_program.php.txt (chars: 1008)
[saved] outputs_aiohttp/catalog.ucr.edu_preview_program.php.txt (chars: 1008)
[saved] outputs_aiohttp/www.redlands.edu_study_schools-and-centers_college-of-arts-and-sciences_undergraduate-studies_french.txt (chars: 1204)
[saved] outputs_aiohttp/catalog.ucr.edu_preview_program.php.txt (chars: 1008)
[saved] outputs_aiohttp/www.biola.edu_music-ba.txt (chars: 6749)
[saved] outputs_aiohttp/www.biola.edu_christian-ministries-ba.txt (chars: 9201)
[saved] outputs_aiohttp/bulletin.sfsu.edu_colleges_science-engineering_engineering_bs-electrical-engineering.txt (chars: 12219)
[saved] outputs_aiohttp/www.oxy.edu_academics_areas-study_chemistry.txt (chars: 1177)
[saved] outputs_aiohttp/www.oxy.edu_academics_areas-study_comparative-studies-literature-culture.txt (chars: 1493)
[saved] outputs_aiohttp/www.oxy.edu_academics_areas-study_computer-science.txt (chars: 1236)
[saved] outputs_aiohttp/www.oxy.edu_academics_areas-study_east-asian-studies.txt (chars: 1408)
[saved] outputs_aiohttp/www.pomona.edu_academics_departments_theatre.txt (chars: 5687)
[saved] outputs_aiohttp/www.pomona.edu_academics_departments_music.txt (chars: 2464)
[saved] outputs_aiohttp/www.pomona.edu_academics_departments_environmental-analysis.txt (chars: 2606)
[saved] outputs_aiohttp/www.pomona.edu_academics_departments_dance.txt (chars: 2924)
[saved] outputs_aiohttp/www.pomona.edu_academics_departments_biology.txt (chars: 2068)
[saved] outputs_aiohttp/www.pomona.edu_academics_departments_chemistry.txt (chars: 2630)
[saved] outputs_aiohttp/lasierra.edu_communication_undergraduate-programs.txt (chars: 3911)
[saved] outputs_aiohttp/www.redlands.edu_admissions-and-aid_undergraduate_apply.txt (chars: 1404)
[saved] outputs_aiohttp/admissions.humboldt.edu_apply.txt (chars: 4422)
[saved] outputs_aiohttp/finaid.humboldt.edu.txt (chars: 2863)
[saved] outputs_aiohttp/www.pitzer.edu_financial-aid.txt (chars: 5382)
[saved] outputs_aiohttp/www.biola.edu_computer-science-bs.txt (chars: 16067)
[saved] outputs_aiohttp/www.msmu.edu_undergraduate-bachelor-programs_journalism-and-new-media.txt (chars: 12214)
[saved] outputs_aiohttp/www.biola.edu_chemistry-bs.txt (chars: 10270)
[saved] outputs_aiohttp/www.biola.edu_communication-sciences-and-disorders-bs.txt (chars: 9655)
[saved] outputs_aiohttp/www.biola.edu_business-administration-bs.txt (chars: 17102)
[saved] outputs_aiohttp/www.oxy.edu_academics_areas-study_diplomacy-world-affairs.txt (chars: 1574)
[saved] outputs_aiohttp/www.oxy.edu_academics_areas-study_cognitive-science.txt (chars: 1289)
[saved] outputs_aiohttp/www.pomona.edu_admissions_apply.txt (chars: 8136)
[saved] outputs_aiohttp/www.uwest.edu_admissions_financial-aid.txt (chars: 1617)
[saved] outputs_aiohttp/www.ggu.edu_admissions_financial-aid.txt (chars: 4840)
[saved] outputs_aiohttp/admissions.sdsu.edu_freshmen_apply.txt (chars: 8535)
[saved] outputs_aiohttp/www.biola.edu_nursing-bs.txt (chars: 11402)
[saved] outputs_aiohttp/www.biola.edu_cinema-and-media-arts-ba.txt (chars: 11559)
[saved] outputs_aiohttp/www.redlands.edu_study_schools-and-centers_college-of-arts-and-sciences_undergraduate-studies_spanish.txt (chars: 5448)
[saved] outputs_aiohttp/www.redlands.edu_study_schools-and-centers_college-of-arts-and-sciences_undergraduate-studies_international-relations.txt (chars: 7117)
[saved] outputs_aiohttp/www.redlands.edu_study_schools-and-centers_college-of-arts-and-sciences_undergraduate-studies_asian-studies.txt (chars: 7219)
[saved] outputs_aiohttp/www.redlands.edu_admissions-and-aid_undergraduate.txt (chars: 2292)
[saved] outputs_aiohttp/www.redlands.edu_study_schools-and-centers_college-of-arts-and-sciences_undergraduate-studies_creative-writing.txt (chars: 3805)
[saved] outputs_aiohttp/www.oxy.edu_academics_areas-study_american-studies.txt (chars: 1292)
[saved] outputs_aiohttp/www.westcliff.edu_contact-us.txt (chars: 454)
[saved] outputs_aiohttp/www.redlands.edu_study_schools-and-centers_college-of-arts-and-sciences_undergraduate-studies_religious-studies.txt (chars: 8318)
[saved] outputs_aiohttp/www.redlands.edu_study_schools-and-centers_college-of-arts-and-sciences_undergraduate-studies_philosophy.txt (chars: 4431)
[saved] outputs_aiohttp/www.csustan.edu_admissions.txt (chars: 651)
[saved] outputs_aiohttp/www.msmu.edu_undergraduate-bachelor-programs_accounting.txt (chars: 29173)
[saved] outputs_aiohttp/www.biola.edu_mathematics-bs.txt (chars: 17275)
[saved] outputs_aiohttp/www.oxy.edu_academics_areas-study_biochemistry.txt (chars: 1409)
[saved] outputs_aiohttp/www.pomona.edu_admissions_contact.txt (chars: 9862)
[saved] outputs_aiohttp/sfcm.edu_departments_conducting.txt (chars: 3666)
[saved] outputs_aiohttp/www.redlands.edu_study_schools-and-centers_college-of-arts-and-sciences_undergraduate-studies_psychology.txt (chars: 6476)
[saved] outputs_aiohttp/www.redlands.edu_study_schools-and-centers_college-of-arts-and-sciences_undergraduate-studies_public-policy.txt (chars: 8949)
[saved] outputs_aiohttp/www.redlands.edu_study_schools-and-centers_college-of-arts-and-sciences_undergraduate-studies_biochemistry-and-molecular-biology.txt (chars: 6127)
[saved] outputs_aiohttp/www.redlands.edu_study_schools-and-centers_college-of-arts-and-sciences_undergraduate-studies_health-medicine-and-society.txt (chars: 7881)
[saved] outputs_aiohttp/www.redlands.edu_study_schools-and-centers_college-of-arts-and-sciences_undergraduate-studies_chemistry.txt (chars: 5144)
[saved] outputs_aiohttp/www.redlands.edu_study_schools-and-centers_college-of-arts-and-sciences_undergraduate-studies_global-business.txt (chars: 6339)
[saved] outputs_aiohttp/www.biola.edu_english-ba.txt (chars: 15681)
[saved] outputs_aiohttp/www.msmu.edu_undergraduate-bachelor-programs_chemistry.txt (chars: 29173)
[saved] outputs_aiohttp/catalogue.usc.edu_preview_program.php.txt (chars: 13)
[saved] outputs_aiohttp/www.oxy.edu_academics_areas-study_art-art-history.txt (chars: 1287)
[saved] outputs_aiohttp/lasierra.edu_art_undergraduate-programs.txt (chars: 5835)
[saved] outputs_aiohttp/www.redlands.edu_study_schools-and-centers_college-of-arts-and-sciences_undergraduate-studies_accounting.txt (chars: 9311)
[saved] outputs_aiohttp/www.redlands.edu_study_schools-and-centers_college-of-arts-and-sciences_undergraduate-studies_history.txt (chars: 5866)
[saved] outputs_aiohttp/www.oxy.edu_academics_areas-study_biology.txt (chars: 1363)
[saved] outputs_aiohttp/www.redlands.edu_study_schools-and-centers_college-of-arts-and-sciences_undergraduate-studies_mathematics.txt (chars: 5657)
[saved] outputs_aiohttp/sfcm.edu_departments_strings.txt (chars: 4168)
[saved] outputs_aiohttp/sfcm.edu_departments_brass.txt (chars: 4539)
[saved] outputs_aiohttp/www.redlands.edu_study_schools-and-centers_college-of-arts-and-sciences_undergraduate-studies_physics.txt (chars: 5339)
[saved] outputs_aiohttp/www.apu.edu_undergraduate-admissions_requirements.txt (chars: 3087)
[saved] outputs_aiohttp/sfcm.edu_departments_guitar.txt (chars: 5500)
[saved] outputs_aiohttp/www.redlands.edu_study_schools-and-centers_college-of-arts-and-sciences_undergraduate-studies_political-science.txt (chars: 7495)
[saved] outputs_aiohttp/www.redlands.edu_study_schools-and-centers_college-of-arts-and-sciences_undergraduate-studies_race-and-ethnic-studies.txt (chars: 5124)
[saved] outputs_aiohttp/sfcm.edu_departments_historical-performance.txt (chars: 5804)
[saved] outputs_aiohttp/www.redlands.edu_study_schools-and-centers_college-of-arts-and-sciences_undergraduate-studies_media-and-visual-culture-studies.txt (chars: 11473)
[saved] outputs_aiohttp/www.redlands.edu_study_schools-and-centers_college-of-arts-and-sciences_undergraduate-studies_biology.txt (chars: 5610)
[saved] outputs_aiohttp/www.redlands.edu_study_schools-and-centers_college-of-arts-and-sciences_undergraduate-studies_environmental-studies.txt (chars: 9852)
[saved] outputs_aiohttp/engineering.calpoly.edu_general-engineering.txt (chars: 80)
[saved] outputs_aiohttp/www.biola.edu_accounting-bs.txt (chars: 7484)
[saved] outputs_aiohttp/www.apu.edu_theology_programs_theology-major.txt (chars: 5137)
[saved] outputs_aiohttp/www.redlands.edu_study_schools-and-centers_college-of-arts-and-sciences_undergraduate-studies_environmental-science.txt (chars: 9764)
[saved] outputs_aiohttp/www.redlands.edu_study_schools-and-centers_college-of-arts-and-sciences_undergraduate-studies_women-gender-and-sexuality-studies.txt (chars: 7005)
[saved] outputs_aiohttp/www.usfca.edu_admission_undergraduate_contact.txt (chars: 619)
[saved] outputs_aiohttp/www.cdrewu.edu_financial-aid.txt (chars: 5622)
[saved] outputs_aiohttp/admissions.ucsc.edu.txt (chars: 3053)
[saved] outputs_aiohttp/www.apu.edu_clas_programs_sociology-major.txt (chars: 4447)
[saved] outputs_aiohttp/www.usfca.edu_admission_undergraduate_apply.txt (chars: 767)
[saved] outputs_aiohttp/www.apu.edu_vpa_programs_public-relations-major.txt (chars: 6819)
[saved] outputs_aiohttp/www.apu.edu_clas_programs_social-science-major.txt (chars: 5436)
[saved] outputs_aiohttp/www.apu.edu_clas_programs_political-science-major.txt (chars: 4607)
[saved] outputs_aiohttp/sfcm.edu_departments_woodwinds.txt (chars: 4039)
[saved] outputs_aiohttp/www.apu.edu_clas_programs_interdisciplinary-studies-major.txt (chars: 5046)
[saved] outputs_aiohttp/www.apu.edu_bas_programs_physics-major.txt (chars: 6484)
[saved] outputs_aiohttp/www.apu.edu_clas_programs_history-major.txt (chars: 4281)
[saved] outputs_aiohttp/www.apu.edu_vpa_programs_cinematic-arts-major.txt (chars: 5437)
[saved] outputs_aiohttp/www.apu.edu_clas_programs_philosophy-major.txt (chars: 4196)
[saved] outputs_aiohttp/schoolofmusic.ucla.edu_undergraduate_performance.txt (chars: 37)
[saved] outputs_aiohttp/www.apu.edu_clas_programs_english-major.txt (chars: 5784)
[saved] outputs_aiohttp/www.apu.edu_vpa_programs_art-major.txt (chars: 6707)
[saved] outputs_aiohttp/www.apu.edu_vpa_programs_animation-visual-effects-major.txt (chars: 8047)
[saved] outputs_aiohttp/www.usfca.edu_admission_undergraduate_first-year.txt (chars: 10104)
[saved] outputs_aiohttp/schoolofmusic.ucla.edu_undergraduate.txt (chars: 60)
[saved] outputs_aiohttp/www.apu.edu_bas_programs_criminal-justice-major.txt (chars: 7303)
[saved] outputs_aiohttp/schoolofmusic.ucla.edu_undergraduate_music-history-industry.txt (chars: 1459)
[saved] outputs_aiohttp/schoolofmusic.ucla.edu_undergraduate_music-education.txt (chars: 4836)
[saved] outputs_aiohttp/filmvideo.calarts.edu_programs_bfa.txt (chars: 4709)
[saved] outputs_aiohttp/www.apu.edu_bas_programs_engineering-major.txt (chars: 12051)
[saved] outputs_aiohttp/www.apu.edu_bas_programs_business-management-major.txt (chars: 10316)
[saved] outputs_aiohttp/www.apu.edu_clas_programs_liberal-studies-major.txt (chars: 9945)
[saved] outputs_aiohttp/www.apu.edu_bas_programs_computer-science-major.txt (chars: 11489)
[saved] outputs_aiohttp/www.cmc.edu_admission_apply.txt (chars: 4461)
[saved] outputs_aiohttp/www.cmc.edu_admission_apply.txt (chars: 4461)
[saved] outputs_aiohttp/www.paloaltou.edu_admissions_undergraduate-admissions_admission-requirements.txt (chars: 7784)
[saved] outputs_aiohttp/www.apu.edu_bas_programs_kinesiology-major.txt (chars: 13031)
[saved] outputs_aiohttp/www.apu.edu_bas_programs_chemistry-major.txt (chars: 13791)
[saved] outputs_aiohttp/catalogue.usc.edu_preview_program.php.txt (chars: 13)
[saved] outputs_aiohttp/www.biola.edu_bible-theology-ministry-ba.txt (chars: 9201)
[saved] outputs_aiohttp/www.apu.edu_bas_programs_biochemistry-major.txt (chars: 12248)
[saved] outputs_aiohttp/www.cmc.edu_admission.txt (chars: 5953)
[saved] outputs_aiohttp/sfcm.edu_departments_roots-jazz-and-american-music.txt (chars: 4552)
[saved] outputs_aiohttp/www.apu.edu_bas_programs_allied-health-major.txt (chars: 15942)
[saved] outputs_aiohttp/schoolofmusic.ucla.edu_undergraduate_composition.txt (chars: 9859)
[saved] outputs_aiohttp/catalogue.usc.edu_preview_program.php.txt (chars: 13)
[saved] outputs_aiohttp/www.csuchico.edu_admissions.txt (chars: 8859)
[saved] outputs_aiohttp/www.westcliff.edu_admissions_financial-aid.txt (chars: 3145)
[saved] outputs_aiohttp/www.biola.edu_music-education-bm.txt (chars: 6359)
[saved] outputs_aiohttp/sfcm.edu_departments_voice.txt (chars: 6563)
[saved] outputs_aiohttp/simpsonu.edu_undergraduate_financial-aid_tuition-fees.html.txt (chars: 2283)
[saved] outputs_aiohttp/simpsonu.edu_undergraduate_admissions_requirements.html.txt (chars: 2283)
[saved] outputs_aiohttp/simpsonu.edu_undergraduate_financial-aid.txt (chars: 2283)
[saved] outputs_aiohttp/sfcm.edu_departments_technology-and-applied-composition.txt (chars: 9631)
[saved] outputs_aiohttp/simpsonu.edu_undergraduate_admissions_contact.html.txt (chars: 2283)
[saved] outputs_aiohttp/www.biola.edu_environmental-science-bs.txt (chars: 10440)
[saved] outputs_aiohttp/simpsonu.edu_undergraduate_admissions_dates.html.txt (chars: 2283)
[saved] outputs_aiohttp/sfcm.edu_departments_composition.txt (chars: 4491)
[saved] outputs_aiohttp/admissions.ucsc.edu_apply.txt (chars: 2647)
[saved] outputs_aiohttp/admissions.ucsc.edu_contact-us.txt (chars: 483)
[saved] outputs_aiohttp/www.paloaltou.edu_admissions_undergraduate-admissions.txt (chars: 41663)
[saved] outputs_aiohttp/www.biola.edu_engineering-physics-bs.txt (chars: 9207)
[saved] outputs_aiohttp/admissions.ucsb.edu_contact-us.txt (chars: 513)
[saved] outputs_aiohttp/www.lcad.edu_undergraduate_illustration.txt (chars: 3460)
[saved] outputs_aiohttp/www.lcad.edu_undergraduate_entertainment-design.txt (chars: 2602)
[saved] outputs_aiohttp/www.lcad.edu_undergraduate_drawing-painting.txt (chars: 2992)
[saved] outputs_aiohttp/www.lcad.edu_undergraduate_animation.txt (chars: 1165)
[saved] outputs_aiohttp/www.lcad.edu_undergraduate_graphic-design-digital-media.txt (chars: 2842)
[saved] outputs_aiohttp/www.lcad.edu_admissions_financial-aid.txt (chars: 24136)
[saved] outputs_aiohttp/www.biola.edu_public-relations-and-strategic-communication-ba.txt (chars: 13465)
[saved] outputs_aiohttp/www.biola.edu_biochemistry-bs.txt (chars: 11775)
[saved] outputs_aiohttp/www.biola.edu_biological-science-bs.txt (chars: 10440)
[saved] outputs_aiohttp/catalogue.usc.edu_preview_program.php.txt (chars: 13)
[saved] outputs_aiohttp/www.biola.edu_journalism-and-integrated-media-ba.txt (chars: 13465)
[saved] outputs_aiohttp/catalogue.usc.edu_preview_program.php.txt (chars: 13)
[saved] outputs_aiohttp/catalogue.usc.edu_preview_program.php.txt (chars: 13)
[saved] outputs_aiohttp/catalogue.usc.edu_preview_program.php.txt (chars: 13)
[saved] outputs_aiohttp/catalogue.usc.edu_preview_program.php.txt (chars: 13)
[saved] outputs_aiohttp/gender.ucla.edu_undergraduate_major.txt (chars: 3233)
[saved] outputs_aiohttp/catalogue.usc.edu_preview_program.php.txt (chars: 13)
[saved] outputs_aiohttp/www.cmc.edu_financial-aid.txt (chars: 2845)
[saved] outputs_aiohttp/www.biola.edu_human-biology-bs.txt (chars: 8535)
[saved] outputs_aiohttp/catalog.csustan.edu_preview_program.php.txt (chars: 13)
[saved] outputs_aiohttp/sdcc.edu_academics_majors_psychology.txt (chars: 24)
[saved] outputs_aiohttp/www.biola.edu_communication-studies-ba.txt (chars: 13465)
[saved] outputs_aiohttp/catalog.sjsu.edu_preview_program.php.txt (chars: 13)
[saved] outputs_aiohttp/catalog.csustan.edu_preview_program.php.txt (chars: 13)
[saved] outputs_aiohttp/sdcc.edu_academics_majors_kinesiology.txt (chars: 11)
[saved] outputs_aiohttp/catalog.csustan.edu_preview_program.php.txt (chars: 13)
[saved] outputs_aiohttp/catalog.csustan.edu_preview_program.php.txt (chars: 13)
[saved] outputs_aiohttp/catalog.sjsu.edu_preview_program.php.txt (chars: 13)
[saved] outputs_aiohttp/catalog.csustan.edu_preview_program.php.txt (chars: 13)
[saved] outputs_aiohttp/catalog.csustan.edu_preview_program.php.txt (chars: 13)
[saved] outputs_aiohttp/catalog.csustan.edu_preview_program.php.txt (chars: 13)
[saved] outputs_aiohttp/catalog.csustan.edu_preview_program.php.txt (chars: 13)
[saved] outputs_aiohttp/complit.ucla.edu_undergraduate_major.txt (chars: 6087)
[saved] outputs_aiohttp/elts.ucla.edu_undergraduate_major.txt (chars: 635)
[saved] outputs_aiohttp/scandinavian.ucla.edu_undergraduate_majors-minors_nordic-studies-major.txt (chars: 825)
[saved] outputs_aiohttp/catalog.sjsu.edu_preview_program.php.txt (chars: 13)
[saved] outputs_aiohttp/catalog.sjsu.edu_preview_program.php.txt (chars: 13)
[saved] outputs_aiohttp/catalog.ucmerced.edu_preview_program.php.txt (chars: 13)
[saved] outputs_aiohttp/catalogue.usc.edu_preview_program.php.txt (chars: 13)
[saved] outputs_aiohttp/french.ucla.edu_undergraduate_majors-minors_french-and-francophone-studies-major.txt (chars: 825)
[saved] outputs_aiohttp/germanic.ucla.edu_undergraduate_majors-minors_german-major.txt (chars: 825)
[saved] outputs_aiohttp/italian.ucla.edu_undergraduate_majors-minors_italian-major.txt (chars: 825)
[saved] outputs_aiohttp/catalogue.usc.edu_preview_program.php.txt (chars: 13)
[saved] outputs_aiohttp/catalog.ucmerced.edu_preview_program.php.txt (chars: 13)
[saved] outputs_aiohttp/catalog.sjsu.edu_preview_program.php.txt (chars: 1337)
[saved] outputs_aiohttp/philosophy.ucla.edu_undergraduate_major.txt (chars: 4796)
[saved] outputs_aiohttp/catalog.ucmerced.edu_preview_program.php.txt (chars: 13)
[saved] outputs_aiohttp/catalog.sjsu.edu_preview_program.php.txt (chars: 1337)
[saved] outputs_aiohttp/catalog.csustan.edu_preview_program.php.txt (chars: 13)
[saved] outputs_aiohttp/catalogue.usc.edu_preview_program.php.txt (chars: 604)
[saved] outputs_aiohttp/catalog.ucmerced.edu_preview_program.php.txt (chars: 13)
[saved] outputs_aiohttp/catalogue.usc.edu_preview_program.php.txt (chars: 604)
[saved] outputs_aiohttp/catalog.csustan.edu_preview_program.php.txt (chars: 13)
[saved] outputs_aiohttp/catalog.fullerton.edu_preview_program.php.txt (chars: 13)
[saved] outputs_aiohttp/catalogue.usc.edu_preview_program.php.txt (chars: 604)
[saved] outputs_aiohttp/catalogue.usc.edu_preview_program.php.txt (chars: 604)
[saved] outputs_aiohttp/catalogue.usc.edu_preview_program.php.txt (chars: 604)
[saved] outputs_aiohttp/catalog.ucmerced.edu_preview_program.php.txt (chars: 92)
[saved] outputs_aiohttp/catalogue.usc.edu_preview_program.php.txt (chars: 604)
[saved] outputs_aiohttp/catalog.sjsu.edu_preview_program.php.txt (chars: 1337)
[saved] outputs_aiohttp/catalogue.usc.edu_preview_program.php.txt (chars: 604)
[saved] outputs_aiohttp/catalog.sjsu.edu_preview_program.php.txt (chars: 1337)
[saved] outputs_aiohttp/catalogue.usc.edu_preview_program.php.txt (chars: 604)
[saved] outputs_aiohttp/catalogue.usc.edu_preview_program.php.txt (chars: 13)
[saved] outputs_aiohttp/catalogue.usc.edu_preview_program.php.txt (chars: 13)
[saved] outputs_aiohttp/catalogue.usc.edu_preview_program.php.txt (chars: 13)
[saved] outputs_aiohttp/catalogue.usc.edu_preview_program.php.txt (chars: 604)
[saved] outputs_aiohttp/catalogue.usc.edu_preview_program.php.txt (chars: 604)
[saved] outputs_aiohttp/catalogue.usc.edu_preview_program.php.txt (chars: 604)
[saved] outputs_aiohttp/catalogue.usc.edu_preview_program.php.txt (chars: 604)
[saved] outputs_aiohttp/catalog.sjsu.edu_preview_program.php.txt (chars: 1337)
[saved] outputs_aiohttp/catalog.ucmerced.edu_preview_program.php.txt (chars: 92)
[saved] outputs_aiohttp/catalog.ucmerced.edu_preview_program.php.txt (chars: 92)
[saved] outputs_aiohttp/catalogue.usc.edu_preview_program.php.txt (chars: 604)
[saved] outputs_aiohttp/catalog.sjsu.edu_preview_program.php.txt (chars: 1337)
[saved] outputs_aiohttp/catalog.csustan.edu_preview_program.php.txt (chars: 3350)
[saved] outputs_aiohttp/catalog.sjsu.edu_preview_program.php.txt (chars: 1337)
[saved] outputs_aiohttp/catalog.sjsu.edu_preview_program.php.txt (chars: 1337)
[saved] outputs_aiohttp/catalog.ucmerced.edu_preview_program.php.txt (chars: 92)
[saved] outputs_aiohttp/catalogue.usc.edu_preview_program.php.txt (chars: 604)
[saved] outputs_aiohttp/catalogue.usc.edu_preview_program.php.txt (chars: 604)
[saved] outputs_aiohttp/catalogue.usc.edu_preview_program.php.txt (chars: 604)
[saved] outputs_aiohttp/catalogue.usc.edu_preview_program.php.txt (chars: 604)
[saved] outputs_aiohttp/catalog.ucmerced.edu_preview_program.php.txt (chars: 92)
[saved] outputs_aiohttp/catalog.ucmerced.edu_preview_program.php.txt (chars: 92)
[saved] outputs_aiohttp/catalogue.usc.edu_preview_program.php.txt (chars: 604)
[saved] outputs_aiohttp/catalog.ucmerced.edu_preview_program.php.txt (chars: 92)
[saved] outputs_aiohttp/catalogue.usc.edu_preview_program.php.txt (chars: 604)
[saved] outputs_aiohttp/catalogue.usc.edu_preview_program.php.txt (chars: 604)
[saved] outputs_aiohttp/catalogue.usc.edu_preview_program.php.txt (chars: 604)
[saved] outputs_aiohttp/catalogue.usc.edu_preview_program.php.txt (chars: 604)
[saved] outputs_aiohttp/catalogue.usc.edu_preview_program.php.txt (chars: 604)
[saved] outputs_aiohttp/catalogue.usc.edu_preview_program.php.txt (chars: 604)
[saved] outputs_aiohttp/catalogue.usc.edu_preview_program.php.txt (chars: 604)
[saved] outputs_aiohttp/catalog.ucmerced.edu_preview_program.php.txt (chars: 92)
[saved] outputs_aiohttp/catalog.sjsu.edu_preview_program.php.txt (chars: 1337)
[saved] outputs_aiohttp/catalog.csustan.edu_preview_program.php.txt (chars: 3350)
[saved] outputs_aiohttp/catalog.sjsu.edu_preview_program.php.txt (chars: 1337)
[saved] outputs_aiohttp/catalog.sjsu.edu_preview_program.php.txt (chars: 1337)
[saved] outputs_aiohttp/catalog.sjsu.edu_preview_program.php.txt (chars: 1337)
[saved] outputs_aiohttp/catalogue.usc.edu_preview_program.php.txt (chars: 604)
[saved] outputs_aiohttp/catalog.csustan.edu_preview_program.php.txt (chars: 3350)
[saved] outputs_aiohttp/catalog.sjsu.edu_preview_program.php.txt (chars: 1337)
[saved] outputs_aiohttp/catalogue.usc.edu_preview_program.php.txt (chars: 604)
[saved] outputs_aiohttp/catalog.sjsu.edu_preview_program.php.txt (chars: 1337)
[saved] outputs_aiohttp/catalog.sjsu.edu_preview_program.php.txt (chars: 1337)
[saved] outputs_aiohttp/catalog.sjsu.edu_preview_program.php.txt (chars: 1337)
[saved] outputs_aiohttp/catalog.sjsu.edu_preview_program.php.txt (chars: 1337)
[saved] outputs_aiohttp/catalog.csustan.edu_preview_program.php.txt (chars: 3350)
[saved] outputs_aiohttp/catalog.ucmerced.edu_preview_program.php.txt (chars: 92)
[saved] outputs_aiohttp/catalog.sjsu.edu_preview_program.php.txt (chars: 1337)
[saved] outputs_aiohttp/catalog.sjsu.edu_preview_program.php.txt (chars: 1337)
[saved] outputs_aiohttp/catalog.sjsu.edu_preview_program.php.txt (chars: 1337)
[saved] outputs_aiohttp/catalogue.usc.edu_preview_program.php.txt (chars: 604)
[saved] outputs_aiohttp/catalog.csustan.edu_preview_program.php.txt (chars: 3350)
[saved] outputs_aiohttp/catalog.ucmerced.edu_preview_program.php.txt (chars: 92)
[saved] outputs_aiohttp/catalog.sjsu.edu_preview_program.php.txt (chars: 1337)
[saved] outputs_aiohttp/catalog.sjsu.edu_preview_program.php.txt (chars: 1337)
[saved] outputs_aiohttp/catalog.sjsu.edu_preview_program.php.txt (chars: 1337)
[saved] outputs_aiohttp/catalogue.usc.edu_preview_program.php.txt (chars: 604)
[saved] outputs_aiohttp/catalog.sjsu.edu_preview_program.php.txt (chars: 1337)
[saved] outputs_aiohttp/catalog.csustan.edu_preview_program.php.txt (chars: 3350)
[saved] outputs_aiohttp/catalog.sjsu.edu_preview_program.php.txt (chars: 1337)
[saved] outputs_aiohttp/catalog.csustan.edu_preview_program.php.txt (chars: 3350)
[saved] outputs_aiohttp/catalog.csustan.edu_preview_program.php.txt (chars: 3350)
[saved] outputs_aiohttp/catalog.csustan.edu_preview_program.php.txt (chars: 3350)
[saved] outputs_aiohttp/catalog.sjsu.edu_preview_program.php.txt (chars: 1337)
[saved] outputs_aiohttp/catalogue.usc.edu_preview_program.php.txt (chars: 604)
[saved] outputs_aiohttp/catalog.sjsu.edu_preview_program.php.txt (chars: 1337)
[saved] outputs_aiohttp/catalogue.usc.edu_preview_program.php.txt (chars: 604)
[saved] outputs_aiohttp/catalogue.usc.edu_preview_program.php.txt (chars: 604)
[saved] outputs_aiohttp/catalog.sjsu.edu_preview_program.php.txt (chars: 1337)
[playwright] Hydration condition met for https://www.bestcolleges.com/resources/students-with-disabilities-financial-aid/
[playwright] Hydration condition met for https://admission.ucla.edu
[playwright] Hydration condition met for https://www.bestcolleges.com/resources/hispanic-latino-scholarships/
[playwright] Hydration condition met for https://www.bestcolleges.com/resources/adult-learner-scholarships/
[playwright] Hydration condition met for https://www.bestcolleges.com
[playwright] Hydration condition met for https://admission.ucla.edu/apply
[playwright] Hydration condition met for https://www.consumerfinance.gov/paying-for-college/your-financial-path-to-graduation/how-we-got-these-numbers/
[playwright] Hydration condition met for https://www.consumerfinance.gov/complaint/
[saved] outputs_aiohttp/www.bestcolleges.com_blog_what-is-a-first-generation-college-student.txt (chars: 10413)
[saved] outputs_aiohttp/admission.ucla.edu_tuition-aid_tuition-fees.txt (chars: 2453)
[saved] outputs_aiohttp/www.consumerfinance.gov_paying-for-college_student-loan-forgiveness.txt (chars: 9944)
[saved] outputs_aiohttp/financialaid.berkeley.edu.txt (chars: 525)
[saved] outputs_aiohttp/www.ucdavis.edu_admissions_undergraduate_contact.txt (chars: 467)
[saved] outputs_aiohttp/getschooled.com_article_5997-how-to-find-an-lgbtq-friendly-college-or-university.txt (chars: 4741)
[saved] outputs_aiohttp/admissions.berkeley.edu_apply.txt (chars: 3623)
[saved] outputs_aiohttp/admission.ucla.edu_apply_freshman.txt (chars: 5911)
[saved] outputs_aiohttp/admission.ucla.edu_apply_transfer.txt (chars: 10069)
[saved] outputs_aiohttp/www.ucdavis.edu_admissions_undergraduate_freshman_requirements.txt (chars: 3222)
[saved] outputs_aiohttp/admissions.berkeley.edu_dates-deadlines.txt (chars: 496)
[saved] outputs_aiohttp/getschooled.com_article_5806-what-to-do-after-high-school.txt (chars: 3992)
[saved] outputs_aiohttp/www.coalitionforcollegeaccess.org_mycoalition-counselor-all_researching-colleges.txt (chars: 4373)
[saved] outputs_aiohttp/finaid.org_beyond.txt (chars: 11847)
[saved] outputs_aiohttp/making-waves.org.txt (chars: 68)
[saved] outputs_aiohttp/getschooled.com_article_5426-building-your-college-list.txt (chars: 4157)
[saved] outputs_aiohttp/www.ucdavis.edu_admissions_undergraduate_apply.txt (chars: 3123)
[saved] outputs_aiohttp/financialaid.sonoma.edu.txt (chars: 1751)
[saved] outputs_aiohttp/www.fullerton.edu_financialaid.txt (chars: 1629)
[saved] outputs_aiohttp/geology.sonoma.edu.txt (chars: 2875)
[saved] outputs_aiohttp/www.ucdavis.edu_admissions_undergraduate.txt (chars: 1400)
[retry] extraction insufficient for https://www.csulb.edu/admissions; trying relaxed body text fallback and playwright.request fallback.
[saved] outputs_aiohttp/www.csulb.edu_admissions.txt (chars: 8939)
[saved] outputs_aiohttp/www.calstatela.edu_admissions.txt (chars: 2003)
[saved] outputs_aiohttp/music.sonoma.edu.txt (chars: 3117)
[retry] extraction insufficient for https://catalog.fullerton.edu/preview_program.php?catoid=80&poid=38417; trying relaxed body text fallback and playwright.request fallback.
[saved] outputs_aiohttp/catalog.fullerton.edu_preview_program.php.txt (chars: 6217)
[retry] extraction insufficient for https://catalog.fullerton.edu/preview_program.php?catoid=80&poid=38414; trying relaxed body text fallback and playwright.request fallback.
[saved] outputs_aiohttp/catalog.fullerton.edu_preview_program.php.txt (chars: 10521)
[saved] outputs_aiohttp/www.westmont.edu_admissions-aid.txt (chars: 4705)
[saved] outputs_aiohttp/cs.sonoma.edu.txt (chars: 2631)
[saved] outputs_aiohttp/www.understood.org_en_articles_after-high-school-different-paths-to-success.txt (chars: 4400)
[saved] outputs_aiohttp/math.sonoma.edu.txt (chars: 1654)
[saved] outputs_aiohttp/philosophy.sonoma.edu.txt (chars: 7538)
[saved] outputs_aiohttp/english.sonoma.edu.txt (chars: 4516)
[saved] outputs_aiohttp/gep.sonoma.edu.txt (chars: 3251)
[saved] outputs_aiohttp/biology.sonoma.edu.txt (chars: 4013)
[saved] outputs_aiohttp/psychology.sonoma.edu.txt (chars: 1351)
[saved] outputs_aiohttp/www.cdrewu.edu_admissions_undergraduate-admissions_admission-requirements.txt (chars: 4815)
[saved] outputs_aiohttp/admissions.ucr.edu_cost.txt (chars: 23210)
[saved] outputs_aiohttp/sdcc.edu_admissions_undergraduate-admissions.txt (chars: 3252)
[saved] outputs_aiohttp/kinesiology.sonoma.edu.txt (chars: 2134)
[saved] outputs_aiohttp/admissions.sonoma.edu.txt (chars: 2925)
[saved] outputs_aiohttp/luskin.ucla.edu_undergraduate-program.txt (chars: 799)
[saved] outputs_aiohttp/qcb.ucla.edu_undergraduate-program_major.txt (chars: 5992)
[saved] outputs_aiohttp/www.pomona.edu_admissions.txt (chars: 1978)
[saved] outputs_aiohttp/financialaid.usc.edu.txt (chars: 1347)
[retry] extraction insufficient for https://www.callutheran.edu/financial-aid; trying relaxed body text fallback and playwright.request fallback.
[saved] outputs_aiohttp/www.callutheran.edu_financial-aid.txt (chars: 5023)
[retry] extraction insufficient for https://catalog.fullerton.edu/preview_program.php?catoid=80&poid=38413; trying relaxed body text fallback and playwright.request fallback.
[saved] outputs_aiohttp/catalog.fullerton.edu_preview_program.php.txt (chars: 4181)
[saved] outputs_aiohttp/getschooled.com_article_5398-best-scholarship-websites.txt (chars: 3830)
[saved] outputs_aiohttp/sdcc.edu_admissions_financial-aid.txt (chars: 1101)
[retry] extraction insufficient for https://www.csub.edu/art; trying relaxed body text fallback and playwright.request fallback.
[saved] outputs_aiohttp/www.csub.edu_art.txt (chars: 5158)
[saved] outputs_aiohttp/www.westmont.edu_admissions-aid_first-year-students.txt (chars: 8982)
[saved] outputs_aiohttp/catalog.ucr.edu_preview_program.php.txt (chars: 1006)
[saved] outputs_aiohttp/registrar.berkeley.edu_tuition-fees-residency_tuition-fees.txt (chars: 22400)
[saved] outputs_aiohttp/getschooled.com_article_5600-how-to-effectively-find-scholarships.txt (chars: 4124)
[saved] outputs_aiohttp/admissions.humboldt.edu.txt (chars: 2277)
[retry] extraction insufficient for https://catalog.fullerton.edu/preview_program.php?catoid=80&poid=38418; trying relaxed body text fallback and playwright.request fallback.
[saved] outputs_aiohttp/catalog.fullerton.edu_preview_program.php.txt (chars: 3972)
[saved] outputs_aiohttp/www.ucdavis.edu_admissions_undergraduate_transfer_requirements.txt (chars: 1807)
[saved] outputs_aiohttp/c2c.ca.gov_data-stories_pathways-to-college-in-california.txt (chars: 13098)
[saved] outputs_aiohttp/music.calarts.edu_programs_bfa.txt (chars: 6198)
[saved] outputs_aiohttp/admissions.berkeley.edu_contact-us.txt (chars: 1074)
[retry] extraction insufficient for https://www.csub.edu/admissions; trying relaxed body text fallback and playwright.request fallback.
[saved] outputs_aiohttp/www.csub.edu_admissions.txt (chars: 6026)
[saved] outputs_aiohttp/amcs.sonoma.edu.txt (chars: 4418)
[saved] outputs_aiohttp/simpsonu.edu_undergraduate_admissions_apply.html.txt (chars: 2283)
[saved] outputs_aiohttp/admissions.berkeley.edu.txt (chars: 757)
[saved] outputs_aiohttp/ecs.sonoma.edu.txt (chars: 2779)
[saved] outputs_aiohttp/making-waves.org_seven-tips-for-first-gen-college-students-from-first-gen-college-grad.txt (chars: 68)
[saved] outputs_aiohttp/publichealth.uci.edu_undergraduate_ba-public-health-policy.txt (chars: 3544)
[saved] outputs_aiohttp/publichealth.uci.edu_undergraduate_bs-public-health-sciences.txt (chars: 3973)
[retry] extraction insufficient for https://www.otis.edu/tuition-fees; trying relaxed body text fallback and playwright.request fallback.
[saved] outputs_aiohttp/catalog.ucr.edu_preview_program.php.txt (chars: 1006)
[saved] outputs_aiohttp/www.calstatela.edu_admissions_deadlines.txt (chars: 190)
[saved] outputs_aiohttp/calarts.edu_financial-aid.txt (chars: 2313)
[saved] outputs_aiohttp/sociology.sonoma.edu.txt (chars: 1164)
[saved] outputs_aiohttp/catalog.ucr.edu_preview_program.php.txt (chars: 1006)
[saved] outputs_aiohttp/www.bestcolleges.com_resources_students-with-disabilities-financial-aid.txt (chars: 7282)
[saved] outputs_aiohttp/www.westmont.edu_admissions-aid_financial-aid.txt (chars: 14033)
[saved] outputs_aiohttp/www.fresno.edu_tuition.txt (chars: 184)
[retry] extraction insufficient for https://catalog.fullerton.edu/preview_program.php?catoid=80&poid=38416; trying relaxed body text fallback and playwright.request fallback.
[saved] outputs_aiohttp/catalog.fullerton.edu_preview_program.php.txt (chars: 6177)
[saved] outputs_aiohttp/theater.calarts.edu_programs_acting-bfa.txt (chars: 5054)
[retry] extraction insufficient for https://www.pacificoaks.edu/admissions/contact-admissions; trying relaxed body text fallback and playwright.request fallback.
[saved] outputs_aiohttp/www.pacificoaks.edu_admissions_contact-admissions.txt (chars: 7272)
[saved] outputs_aiohttp/admission.ucla.edu_apply.txt (chars: 2308)
[retry] extraction insufficient for https://catalog.fullerton.edu/preview_program.php?catoid=80&poid=38415; trying relaxed body text fallback and playwright.request fallback.
[saved] outputs_aiohttp/catalog.fullerton.edu_preview_program.php.txt (chars: 6304)
[saved] outputs_aiohttp/admissions.fullerton.edu.txt (chars: 1629)
[saved] outputs_aiohttp/www.bestcolleges.com_resources_hispanic-latino-scholarships.txt (chars: 15172)
[saved] outputs_aiohttp/simpsonu.edu_undergraduate_admissions.txt (chars: 2283)
[retry] extraction insufficient for https://www.csusb.edu/admissions; trying relaxed body text fallback and playwright.request fallback.
[saved] outputs_aiohttp/www.csusb.edu_admissions.txt (chars: 8667)
[saved] outputs_aiohttp/jedfoundation.org_resource_tips-for-first-generation-college-students.txt (chars: 9475)
[saved] outputs_aiohttp/admission.ucla.edu.txt (chars: 5010)
[saved] outputs_aiohttp/www.bestcolleges.com_resources_adult-learner-scholarships.txt (chars: 13200)
[saved] outputs_aiohttp/jedfoundation.org.txt (chars: 1377)
[saved] outputs_aiohttp/www.scu.edu_admission_undergraduate.txt (chars: 3477)
[saved] outputs_aiohttp/www.scu.edu_financialaid.txt (chars: 3911)
[saved] outputs_aiohttp/www.scu.edu_cas_individual-studies.txt (chars: 1741)
[saved] outputs_aiohttp/www.scuhs.edu_admissions_financial-aid.txt (chars: 8233)
[playwright.request-second-pass] https://www.otis.edu/tuition-fees -> HTTP 200
[saved] outputs_aiohttp/www.otis.edu_tuition-fees.txt (chars: 1744)
[saved] outputs_aiohttp/myfuture.com.txt (chars: 1163)
[saved] outputs_aiohttp/www.ivywise.com_ivywise-knowledgebase_how-to-research-a-college-effectively.txt (chars: 8378)
[saved] outputs_aiohttp/asianam.ucla.edu_undergraduate_major.txt (chars: 1335)
[saved] outputs_aiohttp/www.sjsu.edu_faso.txt (chars: 1721)
[saved] outputs_aiohttp/www.math.ucla.edu_ugrad_majors_mathteach.txt (chars: 118)
[saved] outputs_aiohttp/music.calpoly.edu.txt (chars: 814)
[saved] outputs_aiohttp/www.math.ucla.edu_ugrad_majors_math.txt (chars: 118)
[saved] outputs_aiohttp/www.math.ucla.edu_ugrad_majors_mathcomp.txt (chars: 118)
[saved] outputs_aiohttp/admissions.uci.edu.txt (chars: 1165)
[saved] outputs_aiohttp/catalogue.usc.edu_preview_program.php.txt (chars: 604)
[saved] outputs_aiohttp/admissions.ucsd.edu.txt (chars: 1164)
[saved] outputs_aiohttp/www.whittier.edu_admission.txt (chars: 1905)
[saved] outputs_aiohttp/catalog.sjsu.edu_preview_program.php.txt (chars: 1337)
[saved] outputs_aiohttp/bellarmine.lmu.edu_afam.txt (chars: 772)
[saved] outputs_aiohttp/admissions.ucr.edu.txt (chars: 2804)
[saved] outputs_aiohttp/catalog.sjsu.edu_preview_program.php.txt (chars: 1337)
[saved] outputs_aiohttp/catalogue.usc.edu_preview_program.php.txt (chars: 604)
[saved] outputs_aiohttp/catalog.sjsu.edu_preview_program.php.txt (chars: 1337)
[saved] outputs_aiohttp/catalog.sjsu.edu_preview_program.php.txt (chars: 1337)
[saved] outputs_aiohttp/www.fresno.edu_admissions_contact.txt (chars: 844)
[saved] outputs_aiohttp/cfa.lmu.edu_programs_dance.txt (chars: 3366)
[saved] outputs_aiohttp/admissions.uci.edu_contact.php.txt (chars: 488)
[saved] outputs_aiohttp/catalog.sjsu.edu_preview_program.php.txt (chars: 1337)
[retry] extraction insufficient for https://finaid.org; trying relaxed body text fallback and playwright.request fallback.
[saved] outputs_aiohttp/finaid.org.txt (chars: 3861)
[saved] outputs_aiohttp/www.apu.edu_undergraduate-admissions.txt (chars: 3899)
[saved] outputs_aiohttp/www.fresno.edu_admissions_undergraduate.txt (chars: 7890)
[saved] outputs_aiohttp/admissions.sdsu.edu.txt (chars: 1862)
[saved] outputs_aiohttp/studentaid.gov_help-center_answers_article_how-to-find-scholarships.txt (chars: 1082)
[saved] outputs_aiohttp/studentaid.gov.txt (chars: 4191)
[saved] outputs_aiohttp/studentaid.gov_understand-aid_types_scholarships.txt (chars: 4414)
[saved] outputs_aiohttp/studentaid.gov_manage-loans_forgiveness-cancellation.txt (chars: 15414)
[saved] outputs_aiohttp/studentaid.gov_manage-loans_repayment_repaying-101.txt (chars: 14355)
[saved] outputs_aiohttp/admission.lmu.edu.txt (chars: 2040)
[saved] outputs_aiohttp/bellarmine.lmu.edu_catholicstudies.txt (chars: 979)
[saved] outputs_aiohttp/www.consumerfinance.gov_paying-for-college_your-financial-path-to-graduation_how-we-got-these-numbers.txt (chars: 41371)
[saved] outputs_aiohttp/www.pacific.edu_admission_undergraduate_contact.txt (chars: 15039)
[saved] outputs_aiohttp/bellarmine.lmu.edu_economics.txt (chars: 894)
[saved] outputs_aiohttp/www.pacific.edu_admission_undergraduate.txt (chars: 4767)
[saved] outputs_aiohttp/www.minerva.edu_contact.txt (chars: 760)
[saved] outputs_aiohttp/www.consumerfinance.gov_complaint.txt (chars: 1224)
[saved] outputs_aiohttp/www.nu.edu_admissions_financial-aid.txt (chars: 12106)
[saved] outputs_aiohttp/www.bestcolleges.com.txt (chars: 4054)
[playwright timeout - load] continuing to next mode.
[playwright] Waiting for content hydration on https://studentaid.gov/apply-for-aid/fafsa/filling-out/undocumented-students...
[playwright wait_for_function] Timed out (8000ms) - page may be unresponsive or slow.
[playwright timeout - domcontentloaded] continuing to next mode.
[playwright] Waiting for content hydration on https://studentaid.gov/apply-for-aid/fafsa/filling-out/undocumented-students...
[playwright wait_for_function] Timed out (8000ms) - page may be unresponsive or slow.
[playwright.request] https://studentaid.gov/apply-for-aid/fafsa/filling-out/undocumented-students -> HTTP 200
[retry] extraction insufficient for https://studentaid.gov/apply-for-aid/fafsa/filling-out/undocumented-students; trying relaxed body text fallback and playwright.request fallback.
[playwright.request-second-pass] https://studentaid.gov/apply-for-aid/fafsa/filling-out/undocumented-students -> HTTP 200
[no-content] No extracted text for https://studentaid.gov/apply-for-aid/fafsa/filling-out/undocumented-students.

[DONE] Saved metadata for 1081 documents to scraped_metadata.json

[Step 2] Cleaning docs...
